timestamp,rollspeed,pitchspeed,yawspeed,q[0],q[1],q[2],q[3],delta_q_reset[0],delta_q_reset[1],delta_q_reset[2],delta_q_reset[3],quat_reset_counter
191844819,-0.000560356,-0.00102583,0.00103915,0.983108,0.00650317,0.00567948,0.182825,0.985373,-0.00145698,0.00260631,0.170387,1
191876769,-0.00128717,0.000229948,0.000151444,0.983107,0.00651025,0.00567169,0.182828,0.985373,-0.00145698,0.00260631,0.170387,1
191908764,0.00189637,0.00109883,0.000813731,0.983107,0.00651728,0.00567152,0.18283,0.985373,-0.00145698,0.00260631,0.170387,1
191940804,0.0021302,-0.000216488,-0.000967837,0.983109,0.0065216,0.00566921,0.18282,0.985373,-0.00145698,0.00260631,0.170387,1
191972744,-0.000883071,0.000790821,0.00141951,0.983108,0.00652227,0.00567516,0.182822,0.985373,-0.00145698,0.00260631,0.170387,1
192004834,-0.0034151,1.22384e-05,-0.000196126,0.983109,0.00651572,0.00567211,0.182814,0.985373,-0.00145698,0.00260631,0.170387,1
192033048,0.00168908,-0.000932252,0.000312917,0.98311,0.00652195,0.00567548,0.182809,0.985373,-0.00145698,0.00260631,0.170387,1
192064773,-0.00116157,-0.00137154,0.000491825,0.983114,0.00653142,0.00566431,0.182791,0.985373,-0.00145698,0.00260631,0.170387,1
192097605,-0.00216556,-0.000800196,0.00174902,0.983117,0.00652649,0.0056581,0.182773,0.985373,-0.00145698,0.00260631,0.170387,1
192129646,-0.000215556,0.000426604,-0.000592174,0.98312,0.00653203,0.00565079,0.18276,0.985373,-0.00145698,0.00260631,0.170387,1
192161547,0.00178995,0.000134132,0.000717484,0.983122,0.00653824,0.00565133,0.182745,0.985373,-0.00145698,0.00260631,0.170387,1
192193580,0.00306962,0.000342545,0.000517133,0.983124,0.00654143,0.00565247,0.182736,0.985373,-0.00145698,0.00260631,0.170387,1
192221564,-0.00204463,-0.000181102,0.000886217,0.983126,0.00654413,0.00565349,0.182726,0.985373,-0.00145698,0.00260631,0.170387,1
192253583,0.00211411,-0.00018834,-0.00012529,0.983128,0.00654598,0.00565274,0.182715,0.985373,-0.00145698,0.00260631,0.170387,1
192285542,-1.81583e-05,-0.000407069,6.66862e-05,0.983129,0.00654716,0.00564587,0.182707,0.985373,-0.00145698,0.00260631,0.170387,1
192317555,-0.00163156,-0.000274216,0.00132043,0.98313,0.00652567,0.00564015,0.182707,0.985373,-0.00145698,0.00260631,0.170387,1
192349594,-0.000773353,-0.00112957,0.00134297,0.98313,0.00653524,0.00563981,0.182705,0.985373,-0.00145698,0.00260631,0.170387,1
192381644,0.000300393,-0.00125582,0.00030215,0.983129,0.00654108,0.00563389,0.182709,0.985373,-0.00145698,0.00260631,0.170387,1
192410395,-0.000440839,-0.000731136,-0.000250758,0.98313,0.00654587,0.00562447,0.182708,0.985373,-0.00145698,0.00260631,0.170387,1
192442344,-0.00279022,2.95056e-05,0.00066123,0.983129,0.00654575,0.00562141,0.182712,0.985373,-0.00145698,0.00260631,0.170387,1
192474360,-0.00119239,0.000964494,-0.000297371,0.983129,0.0065487,0.00561188,0.18271,0.985373,-0.00145698,0.00260631,0.170387,1
192506376,0.000822188,-0.00028115,0.00113875,0.983129,0.00654762,0.00560921,0.182709,0.985373,-0.00145698,0.00260631,0.170387,1
192538355,7.54613e-05,-0.000503095,0.00102735,0.983128,0.00654778,0.00560334,0.182718,0.985373,-0.00145698,0.00260631,0.170387,1
192570700,-0.0032098,0.000447763,0.000436176,0.983127,0.0065423,0.00559997,0.18272,0.985373,-0.00145698,0.00260631,0.170387,1
192602581,-0.00191629,0.000529976,-0.000723562,0.983128,0.00654702,0.00561098,0.182717,0.985373,-0.00145698,0.00260631,0.170387,1
192634679,0.0019174,-0.000320686,-0.000547941,0.983128,0.00655454,0.00561481,0.182716,0.985373,-0.00145698,0.00260631,0.170387,1
192662393,-0.00152162,-0.000694734,0.00175271,0.983126,0.00654715,0.00561635,0.182728,0.985373,-0.00145698,0.00260631,0.170387,1
192694400,-0.000338859,3.09271e-05,0.000902446,0.983124,0.00655469,0.00561883,0.182738,0.985373,-0.00145698,0.00260631,0.170387,1
192726348,0.00073838,0.000539235,-0.000157215,0.983124,0.00656274,0.00561064,0.182738,0.985373,-0.00145698,0.00260631,0.170387,1
192758626,0.00103356,0.000687823,0.00186512,0.983121,0.0065588,0.005601,0.182755,0.985373,-0.00145698,0.00260631,0.170387,1
192790375,-0.00087014,-7.94939e-05,0.000795893,0.983119,0.00655174,0.00559694,0.182762,0.985373,-0.00145698,0.00260631,0.170387,1
192822358,-0.00172043,-0.00103945,0.000692284,0.98312,0.0065539,0.00559541,0.18276,0.985373,-0.00145698,0.00260631,0.170387,1
192855210,-0.000636911,-0.000109728,-0.000590364,0.98312,0.00655862,0.00559712,0.182758,0.985373,-0.00145698,0.00260631,0.170387,1
192883326,0.00062916,-9.22638e-05,0.000276996,0.983121,0.00656325,0.00559101,0.182755,0.985373,-0.00145698,0.00260631,0.170387,1
192915194,-0.00194634,-0.000804166,0.0018542,0.98312,0.0065657,0.0055896,0.182757,0.985373,-0.00145698,0.00260631,0.170387,1
192947221,-0.000637728,-0.000637446,-0.00036768,0.983119,0.00656434,0.00558071,0.182766,0.985373,-0.00145698,0.00260631,0.170387,1
192979429,-1.40781e-06,0.000534064,-0.000274515,0.983119,0.00657179,0.00557174,0.182764,0.985373,-0.00145698,0.00260631,0.170387,1
193011210,0.00149223,0.000312045,-0.00067611,0.983118,0.00657392,0.00556208,0.18277,0.985373,-0.00145698,0.00260631,0.170387,1
193043171,-0.00191613,-0.00125737,-5.13957e-05,0.983117,0.00657243,0.00556768,0.182775,0.985373,-0.00145698,0.00260631,0.170387,1
193075168,-0.00202909,0.00065229,0.000334554,0.983116,0.00657217,0.0055602,0.182778,0.985373,-0.00145698,0.00260631,0.170387,1
193107210,0.00221899,0.00109085,0.00102097,0.983114,0.00658579,0.0055724,0.18279,0.985373,-0.00145698,0.00260631,0.170387,1
193135326,-0.00267487,0.000556278,0.000861115,0.983112,0.00658475,0.00557208,0.1828,0.985373,-0.00145698,0.00260631,0.170387,1
193167383,-0.0022218,0.00094132,-0.00105742,0.983111,0.00657941,0.00557524,0.182809,0.985373,-0.00145698,0.00260631,0.170387,1
193199962,7.55754e-05,0.000334427,-0.000323104,0.983109,0.00658664,0.0055776,0.182817,0.985373,-0.00145698,0.00260631,0.170387,1
193232213,0.00297278,0.000438271,0.000403941,0.983107,0.00659644,0.00557077,0.18283,0.985373,-0.00145698,0.00260631,0.170387,1
193263981,0.00128799,-0.000333227,-0.000876661,0.983104,0.00660036,0.00556879,0.182844,0.985373,-0.00145698,0.00260631,0.170387,1
193295953,-0.000857678,0.000980629,0.000871416,0.983101,0.00660365,0.00556302,0.182858,0.985373,-0.00145698,0.00260631,0.170387,1
193323993,0.00169807,-0.000847451,-9.59673e-06,0.9831,0.00660025,0.00556259,0.182866,0.985373,-0.00145698,0.00260631,0.170387,1
193355950,-0.000111938,-9.35663e-05,0.000483471,0.983098,0.00660048,0.00556295,0.182875,0.985373,-0.00145698,0.00260631,0.170387,1
193387963,-0.00224153,-0.00115415,0.000689037,0.983098,0.0066068,0.00555874,0.182878,0.985373,-0.00145698,0.00260631,0.170387,1
193419980,-0.00106771,0.000863112,0.000450498,0.983095,0.00661002,0.00555325,0.182893,0.985373,-0.00145698,0.00260631,0.170387,1
193452174,0.00117715,0.000422512,-0.000255934,0.983094,0.00661795,0.00555771,0.182895,0.985373,-0.00145698,0.00260631,0.170387,1
193484012,0.00170772,0.000424632,-0.00014138,0.983093,0.00661892,0.00556416,0.182901,0.985373,-0.00145698,0.00260631,0.170387,1
193515993,-0.00235212,0.000235789,0.000979189,0.983091,0.00662609,0.00556599,0.182914,0.985373,-0.00145698,0.00260631,0.170387,1
193547967,-0.000205756,-0.000634269,0.000173499,0.983089,0.00663303,0.00556244,0.182922,0.985373,-0.00145698,0.00260631,0.170387,1
193577084,0.00111628,0.000707174,0.000923517,0.983089,0.00663921,0.00556392,0.182926,0.985373,-0.00145698,0.00260631,0.170387,1
193608754,-0.000545929,-0.000610411,0.00133935,0.983087,0.0066377,0.00555789,0.182933,0.985373,-0.00145698,0.00260631,0.170387,1
193640753,-0.00161387,-0.00060166,0.00174949,0.983086,0.00663396,0.00555269,0.182943,0.985373,-0.00145698,0.00260631,0.170387,1
193672782,0.00106991,0.000106721,6.96199e-05,0.983084,0.00663748,0.00554351,0.182951,0.985373,-0.00145698,0.00260631,0.170387,1
193704782,0.000956684,-9.73025e-05,0.000497929,0.983083,0.00663322,0.00554372,0.182956,0.985373,-0.00145698,0.00260631,0.170387,1
193736752,0.000209945,0.000964593,0.000362458,0.983081,0.00663876,0.00553825,0.182966,0.985373,-0.00145698,0.00260631,0.170387,1
193768828,-0.00105723,0.000542823,0.000885804,0.983079,0.00664268,0.00554744,0.182978,0.985373,-0.00145698,0.00260631,0.170387,1
193796795,0.00117306,0.000546421,0.000589614,0.983076,0.00664909,0.00554683,0.182994,0.985373,-0.00145698,0.00260631,0.170387,1
193829015,0.000661233,-0.000311065,0.000505824,0.983074,0.00664954,0.00554247,0.183004,0.985373,-0.00145698,0.00260631,0.170387,1
193860802,-0.000426317,0.000436841,0.000683953,0.983073,0.00665541,0.00553417,0.183009,0.985373,-0.00145698,0.00260631,0.170387,1
193892743,-0.00170057,-0.000310198,0.000575801,0.983072,0.00665445,0.00553795,0.183014,0.985373,-0.00145698,0.00260631,0.170387,1
193924817,0.000645778,0.000428459,0.000381967,0.98307,0.00665355,0.00553452,0.183023,0.985373,-0.00145698,0.00260631,0.170387,1
193957571,0.00138228,0.000117852,0.000716768,0.983068,0.00664784,0.00552961,0.183037,0.985373,-0.00145698,0.00260631,0.170387,1
193985904,-0.00192415,-0.00167993,0.00124362,0.983066,0.00665212,0.00551744,0.183046,0.985373,-0.00145698,0.00260631,0.170387,1
194017552,0.000246973,-0.00014954,-0.0019526,0.983065,0.00665583,0.0055051,0.183056,0.985373,-0.00145698,0.00260631,0.170387,1
194049805,0.000550194,-0.00108299,-0.000757327,0.983063,0.00665897,0.00549859,0.183066,0.985373,-0.00145698,0.00260631,0.170387,1
194081592,-0.0012743,0.000119627,0.000789401,0.983059,0.00665338,0.00549443,0.183086,0.985373,-0.00145698,0.00260631,0.170387,1
194113551,-0.00212848,1.86232e-05,0.000993821,0.983057,0.00665733,0.00549701,0.183098,0.985373,-0.00145698,0.00260631,0.170387,1
194145749,-0.000236635,0.00128702,0.000895139,0.983053,0.0066604,0.00550223,0.183117,0.985373,-0.00145698,0.00260631,0.170387,1
194177808,0.00117561,0.000954683,-4.33548e-05,0.98305,0.00666246,0.00550498,0.183132,0.985373,-0.00145698,0.00260631,0.170387,1
194209729,0.000309461,-0.000301233,0.00103588,0.983049,0.00665125,0.00550935,0.183142,0.985373,-0.00145698,0.00260631,0.170387,1
194237598,-0.000621492,0.000617685,-0.000911458,0.983049,0.00665556,0.00550824,0.183141,0.985373,-0.00145698,0.00260631,0.170387,1
194269805,0.00117549,-3.2247e-06,-2.2675e-05,0.983045,0.0066615,0.00550975,0.183163,0.985373,-0.00145698,0.00260631,0.170387,1
194302360,0.000206912,-0.000856513,-0.000117783,0.983042,0.0066575,0.00549664,0.183177,0.985373,-0.00145698,0.00260631,0.170387,1
194334427,-0.000544633,-0.00113442,0.00189239,0.983038,0.00665623,0.0054902,0.183197,0.985373,-0.00145698,0.00260631,0.170387,1
194366374,-0.00106525,0.000112853,0.000583394,0.983035,0.00666081,0.00549219,0.183217,0.985373,-0.00145698,0.00260631,0.170387,1
194398356,0.000849418,-0.000840409,0.000736067,0.983033,0.00666973,0.00548042,0.183228,0.985373,-0.00145698,0.00260631,0.170387,1
194426362,-0.00180675,-0.000316065,0.000370429,0.98303,0.00666416,0.00547552,0.183242,0.985373,-0.00145698,0.00260631,0.170387,1
194458396,-0.00160313,0.00076484,0.00120067,0.983029,0.00666552,0.00548213,0.183249,0.985373,-0.00145698,0.00260631,0.170387,1
194490401,0.00148667,0.000970765,0.000917943,0.983027,0.00667132,0.0054837,0.183256,0.985373,-0.00145698,0.00260631,0.170387,1
194522359,0.00181232,0.00160063,0.000482707,0.983026,0.00666467,0.00548559,0.183265,0.985373,-0.00145698,0.00260631,0.170387,1
194554354,-0.000423536,-0.00203045,0.000104328,0.983024,0.00666257,0.00547407,0.183273,0.985373,-0.00145698,0.00260631,0.170387,1
194586399,-0.00265809,0.000643418,0.00075999,0.983024,0.00665675,0.00547342,0.183275,0.985373,-0.00145698,0.00260631,0.170387,1
194618433,0.000125367,8.73995e-05,-0.000576539,0.983025,0.00665938,0.00547007,0.183269,0.985373,-0.00145698,0.00260631,0.170387,1
194650359,0.00227081,0.000912316,-0.00184306,0.983028,0.00666576,0.00547796,0.183255,0.985373,-0.00145698,0.00260631,0.170387,1
194678576,-0.00298229,0.000124701,0.00129773,0.983028,0.00665615,0.00548245,0.183253,0.985373,-0.00145698,0.00260631,0.170387,1
194711408,-0.00169159,0.000952354,0.000124523,0.98303,0.00665906,0.00548685,0.183244,0.985373,-0.00145698,0.00260631,0.170387,1
194743194,0.00075656,0.000740059,0.000161171,0.98303,0.00665636,0.00548578,0.183244,0.985373,-0.00145698,0.00260631,0.170387,1
194775240,0.00191752,-0.00116259,0.00085285,0.98303,0.00666021,0.00548152,0.183244,0.985373,-0.00145698,0.00260631,0.170387,1
194807174,-0.00225104,-0.000190164,0.000989129,0.983031,0.00665329,0.00548023,0.183237,0.985373,-0.00145698,0.00260631,0.170387,1
194839189,-0.00171542,0.000563739,0.00193691,0.983034,0.00664865,0.00547367,0.183223,0.985373,-0.00145698,0.00260631,0.170387,1
194871174,0.000323497,0.000218983,0.000799346,0.983039,0.00665938,0.00547351,0.183195,0.985373,-0.00145698,0.00260631,0.170387,1
194899411,-0.000938659,0.00136871,-0.000200688,0.98304,0.00666005,0.00547036,0.183189,0.985373,-0.00145698,0.00260631,0.170387,1
194931162,-0.00042827,-0.00104545,0.00144923,0.983042,0.00666794,0.00546394,0.183176,0.985373,-0.00145698,0.00260631,0.170387,1
194963167,-0.00040218,0.00125586,-0.000513787,0.983045,0.00666435,0.00546891,0.183162,0.985373,-0.00145698,0.00260631,0.170387,1
194995380,0.00225201,0.000519667,-3.92224e-05,0.983049,0.00666498,0.00547516,0.183143,0.985373,-0.00145698,0.00260631,0.170387,1
195027184,-0.000842808,0.000420898,0.000343863,0.983052,0.00666164,0.00547594,0.183126,0.985373,-0.00145698,0.00260631,0.170387,1
195059168,-0.00202527,0.000654484,0.00159613,0.983055,0.00665649,0.00547626,0.183109,0.985373,-0.00145698,0.00260631,0.170387,1
195087977,0.00170219,0.00138228,0.000782858,0.983057,0.00666268,0.00546786,0.183099,0.985373,-0.00145698,0.00260631,0.170387,1
195119959,0.00182189,-0.00117986,0.000199963,0.983061,0.00666225,0.00546778,0.183078,0.985373,-0.00145698,0.00260631,0.170387,1
195152002,-0.00232582,0.000204076,0.000113248,0.983065,0.00665522,0.00545795,0.183052,0.985373,-0.00145698,0.00260631,0.170387,1
195183953,-0.00284553,-0.000132555,-0.000631569,0.983068,0.00664931,0.00546315,0.183036,0.985373,-0.00145698,0.00260631,0.170387,1
195215973,-0.000536025,0.000130576,0.00184307,0.98307,0.00664818,0.00545952,0.18303,0.985373,-0.00145698,0.00260631,0.170387,1
195247994,0.00193183,-0.000210569,0.000604871,0.983073,0.00663766,0.00545069,0.183013,0.985373,-0.00145698,0.00260631,0.170387,1
195280246,-0.000535813,-0.000728095,0.00153986,0.983076,0.00664066,0.00545163,0.182998,0.985373,-0.00145698,0.00260631,0.170387,1
195312209,-0.00243269,-0.000317811,0.000758465,0.983078,0.00664156,0.00545164,0.182987,0.985373,-0.00145698,0.00260631,0.170387,1
195339965,0.000966746,-0.000426375,0.00091187,0.98308,0.00664263,0.00544179,0.182975,0.985373,-0.00145698,0.00260631,0.170387,1
195371944,-0.00189439,0.000303438,-9.89757e-05,0.983082,0.00663754,0.00543533,0.182967,0.985373,-0.00145698,0.00260631,0.170387,1
195403979,-0.00234137,0.00140295,0.00168144,0.983083,0.006637,0.00544117,0.182962,0.985373,-0.00145698,0.00260631,0.170387,1
195435951,2.19552e-05,0.00126901,0.000327264,0.983085,0.00664644,0.00545068,0.182949,0.985373,-0.00145698,0.00260631,0.170387,1
195468747,0.00160544,0.000109999,0.0010121,0.983087,0.0066438,0.00544843,0.182936,0.985373,-0.00145698,0.00260631,0.170387,1
195500770,0.000547342,-0.000326278,0.00047497,0.983089,0.00664139,0.00544089,0.182929,0.985373,-0.00145698,0.00260631,0.170387,1
195532909,-0.00124829,-0.000336111,0.000338547,0.983091,0.00663818,0.00543521,0.182919,0.985373,-0.00145698,0.00260631,0.170387,1
195560813,0.00226057,0.00114032,-0.000810493,0.983093,0.00664729,0.00543534,0.182908,0.985373,-0.00145698,0.00260631,0.170387,1
195592740,0.000564683,0.000646004,0.000870955,0.983094,0.00664392,0.00543634,0.182899,0.985373,-0.00145698,0.00260631,0.170387,1
195624897,-0.000926967,-0.000440549,0.00024309,0.983096,0.00663625,0.00543842,0.182888,0.985373,-0.00145698,0.00260631,0.170387,1
195656780,-0.00327953,0.000310445,0.000404427,0.983099,0.00663173,0.00543632,0.182873,0.985373,-0.00145698,0.00260631,0.170387,1
195688902,0.00130165,-0.000122889,0.00015332,0.983102,0.00663325,0.00542991,0.182859,0.985373,-0.00145698,0.00260631,0.170387,1
195720796,0.000877438,0.000941246,0.00012956,0.983104,0.00663003,0.00542975,0.182849,0.985373,-0.00145698,0.00260631,0.170387,1
195752935,-0.00158586,-0.000424492,0.000971413,0.983105,0.00663014,0.00542763,0.182841,0.985373,-0.00145698,0.00260631,0.170387,1
195784835,-0.00232071,0.000404168,9.47547e-05,0.983108,0.00663103,0.00543121,0.182828,0.985373,-0.00145698,0.00260631,0.170387,1
195812812,0.00213904,-9.83255e-05,0.00111194,0.98311,0.00663392,0.00543444,0.182814,0.985373,-0.00145698,0.00260631,0.170387,1
195845551,0.000547286,0.000954026,0.000754196,0.983112,0.00662459,0.00543987,0.182803,0.985373,-0.00145698,0.00260631,0.170387,1
195877566,-0.00192033,0.00173297,0.002408,0.983114,0.00662371,0.00544486,0.182792,0.985373,-0.00145698,0.00260631,0.170387,1
195909853,-0.000296727,0.000410277,0.000220238,0.983117,0.00662535,0.00544389,0.182775,0.985373,-0.00145698,0.00260631,0.170387,1
195941544,0.00162902,0.000184356,-0.000387975,0.98312,0.00662688,0.00543496,0.182762,0.985373,-0.00145698,0.00260631,0.170387,1
195973553,0.000550752,-0.000434456,0.000569137,0.983122,0.00662508,0.00542332,0.18275,0.985373,-0.00145698,0.00260631,0.170387,1
196001554,-0.00145753,-0.00065817,-9.33375e-05,0.983123,0.00662057,0.00542025,0.182746,0.985373,-0.00145698,0.00260631,0.170387,1
196033817,0.00258372,8.36331e-05,-5.84756e-05,0.983124,0.00663473,0.00541877,0.182738,0.985373,-0.00145698,0.00260631,0.170387,1
196065586,0.000884618,-0.000662465,-0.000174354,0.983126,0.00664019,0.00542947,0.182727,0.985373,-0.00145698,0.00260631,0.170387,1
196097557,-0.000936824,-0.00117901,0.000663753,0.983128,0.00664043,0.00542433,0.182719,0.985373,-0.00145698,0.00260631,0.170387,1
196129554,-0.00115649,0.00107147,0.00135625,0.983131,0.0066444,0.00542042,0.1827,0.985373,-0.00145698,0.00260631,0.170387,1
196162395,0.00140434,-8.55845e-06,0.000666229,0.983135,0.00665018,0.00541709,0.182679,0.985373,-0.00145698,0.00260631,0.170387,1
196194371,0.00121026,0.00145015,-0.000749786,0.983138,0.00665347,0.00541974,0.182663,0.985373,-0.00145698,0.00260631,0.170387,1
196222375,-0.00127876,0.000346726,0.00243135,0.983139,0.00664556,0.00542287,0.182656,0.985373,-0.00145698,0.00260631,0.170387,1
196254368,-0.00113678,-0.000769748,-0.00010123,0.983143,0.00664232,0.00541328,0.18264,0.985373,-0.00145698,0.00260631,0.170387,1
196286587,0.00164183,0.000165428,-0.00114653,0.983147,0.00663846,0.00539896,0.182618,0.985373,-0.00145698,0.00260631,0.170387,1
196318589,0.000234791,-0.000459385,1.71089e-05,0.983149,0.0066362,0.00539741,0.182604,0.985373,-0.00145698,0.00260631,0.170387,1
196350395,-0.00167046,0.000733625,0.000713712,0.983152,0.00664038,0.00539911,0.182589,0.985373,-0.00145698,0.00260631,0.170387,1
196382356,-0.00123368,0.00177181,-0.000686984,0.983157,0.00663352,0.00540587,0.182562,0.985373,-0.00145698,0.00260631,0.170387,1
196414395,0.00079698,-0.000906977,-0.00145597,0.983161,0.00662396,0.00540089,0.182542,0.985373,-0.00145698,0.00260631,0.170387,1
196442356,-0.00189111,-0.000117788,0.000620014,0.983163,0.00661985,0.00540483,0.18253,0.985373,-0.00145698,0.00260631,0.170387,1
196474396,-0.000719863,0.000729434,0.00040528,0.983164,0.00661846,0.00541266,0.182524,0.985373,-0.00145698,0.00260631,0.170387,1
196506416,0.000233696,0.000948528,0.000731723,0.983165,0.00661297,0.00541524,0.182521,0.985373,-0.00145698,0.00260631,0.170387,1
196538346,0.00131094,0.000505486,-9.77662e-05,0.983166,0.00660925,0.00542075,0.182515,0.985373,-0.00145698,0.00260631,0.170387,1
196570466,-0.00148434,0.000104524,0.00125705,0.983167,0.00660491,0.00542463,0.18251,0.985373,-0.00145698,0.00260631,0.170387,1
196603152,-0.00242638,0.000207035,0.000922612,0.983168,0.0066051,0.00542666,0.182502,0.985373,-0.00145698,0.00260631,0.170387,1
196635170,-0.000709229,0.00135642,-0.00014317,0.983169,0.00660724,0.00542915,0.182498,0.985373,-0.00145698,0.00260631,0.170387,1
196663179,-8.26481e-05,0.00041558,0.000736625,0.98317,0.0066057,0.00543448,0.182493,0.985373,-0.00145698,0.00260631,0.170387,1
196695169,-0.00126469,8.66089e-06,0.00168773,0.983168,0.00660975,0.00543441,0.182503,0.985373,-0.00145698,0.00260631,0.170387,1
196727194,-0.00125501,-0.000325801,0.000948237,0.983167,0.00661441,0.00543471,0.182506,0.985373,-0.00145698,0.00260631,0.170387,1
196759153,0.00228624,-0.00100882,-0.00112061,0.983168,0.00661726,0.00542895,0.182505,0.985373,-0.00145698,0.00260631,0.170387,1
196791163,0.000880234,-0.000228931,0.000548597,0.983168,0.00661364,0.00543383,0.182504,0.985373,-0.00145698,0.00260631,0.170387,1
196823184,-0.00232724,-0.00032514,0.00125231,0.983168,0.0066085,0.00542636,0.182505,0.985373,-0.00145698,0.00260631,0.170387,1
196855175,-0.000936617,0.00169939,0.00112243,0.983168,0.00661637,0.0054256,0.182503,0.985373,-0.00145698,0.00260631,0.170387,1
196887177,0.000155247,0.00133774,-0.00087737,0.983169,0.00662055,0.00543155,0.1825,0.985373,-0.00145698,0.00260631,0.170387,1
196915167,-0.00177841,0.00030191,0.000396079,0.983168,0.00661005,0.00543495,0.182502,0.985373,-0.00145698,0.00260631,0.170387,1
196947954,-0.00104716,-0.000316124,0.00148282,0.983168,0.00662095,0.00544334,0.182501,0.985373,-0.00145698,0.00260631,0.170387,1
196980315,-0.000606273,0.00019155,0.000307796,0.983169,0.00662308,0.00544663,0.182498,0.985373,-0.00145698,0.00260631,0.170387,1
197011943,0.00110036,-0.000666326,2.85174e-05,0.983167,0.00662183,0.00544215,0.182506,0.985373,-0.00145698,0.00260631,0.170387,1
197043964,0.00141999,-0.000779329,-0.000179431,0.983166,0.00662561,0.00543706,0.182513,0.985373,-0.00145698,0.00260631,0.170387,1
197075993,-0.00272418,0.000286622,-4.75212e-05,0.983166,0.00662194,0.00544471,0.182512,0.985373,-0.00145698,0.00260631,0.170387,1
197103961,0.000782884,0.00199508,7.47722e-05,0.983166,0.00661886,0.00544925,0.182513,0.985373,-0.00145698,0.00260631,0.170387,1
197135982,0.000779983,-3.1487e-05,-0.000308253,0.983166,0.00661355,0.0054466,0.182516,0.985373,-0.00145698,0.00260631,0.170387,1
197167943,-0.0018881,-0.000124871,0.00029617,0.983166,0.00661187,0.00543847,0.182515,0.985373,-0.00145698,0.00260631,0.170387,1
197199954,-8.8085e-05,-0.00074903,0.00107933,0.983165,0.00661094,0.0054471,0.182519,0.985373,-0.00145698,0.00260631,0.170387,1
197232311,0.00163692,0.000388868,-0.000518569,0.983164,0.00660608,0.00543941,0.182525,0.985373,-0.00145698,0.00260631,0.170387,1
197263954,0.000242989,0.00136114,0.000188406,0.983164,0.00660154,0.00543659,0.182526,0.985373,-0.00145698,0.00260631,0.170387,1
197295965,-0.00168195,0.000950936,0.000916619,0.983163,0.00660166,0.00543748,0.182531,0.985373,-0.00145698,0.00260631,0.170387,1
197328281,-0.00209401,-0.000332495,0.000618189,0.983161,0.00660085,0.00543546,0.182539,0.985373,-0.00145698,0.00260631,0.170387,1
197356753,0.00112136,0.00156252,-0.000771165,0.98316,0.00659901,0.00543714,0.182549,0.985373,-0.00145698,0.00260631,0.170387,1
197389022,-0.00125717,-0.000109982,0.00115619,0.983159,0.00659354,0.00544325,0.182551,0.985373,-0.00145698,0.00260631,0.170387,1
197420758,-0.00177806,9.27233e-05,0.000611586,0.98316,0.0065934,0.00544647,0.182548,0.985373,-0.00145698,0.00260631,0.170387,1
197453098,-0.000405679,-0.000110133,0.00116623,0.983159,0.00659204,0.00543816,0.182551,0.985373,-0.00145698,0.00260631,0.170387,1
197484838,0.000576878,0.000272964,-0.000849164,0.983158,0.00658696,0.00544102,0.182556,0.985373,-0.00145698,0.00260631,0.170387,1
197516818,-0.00147824,-0.000104492,0.00147792,0.983157,0.00657945,0.00543998,0.182565,0.985373,-0.00145698,0.00260631,0.170387,1
197548799,-0.00156431,-0.00141306,0.000327342,0.983156,0.00658091,0.00543457,0.182569,0.985373,-0.00145698,0.00260631,0.170387,1
197577031,0.00131202,0.000633104,0.000740534,0.983155,0.0065837,0.00544191,0.182574,0.985373,-0.00145698,0.00260631,0.170387,1
197608754,-0.00207112,-0.000576386,-0.001076,0.983156,0.00657338,0.00544404,0.182567,0.985373,-0.00145698,0.00260631,0.170387,1
197640778,-0.00156291,-1.91182e-05,0.000509699,0.983156,0.00657933,0.005438,0.182567,0.985373,-0.00145698,0.00260631,0.170387,1
197672831,-0.00125093,-0.0021389,0.00098321,0.983155,0.00657192,0.00542505,0.182576,0.985373,-0.00145698,0.00260631,0.170387,1
197704809,0.00130017,0.000102686,0.00139662,0.983155,0.00657417,0.00543162,0.182576,0.985373,-0.00145698,0.00260631,0.170387,1
197737598,0.00194466,-0.000547234,0.000779038,0.983154,0.00657475,0.00542668,0.182582,0.985373,-0.00145698,0.00260631,0.170387,1
197765738,-0.00199482,-9.02626e-06,0.00103433,0.983153,0.0065776,0.00542747,0.182587,0.985373,-0.00145698,0.00260631,0.170387,1
197797598,0.00109954,0.00189279,0.000397247,0.983152,0.00658451,0.00543798,0.182588,0.985373,-0.00145698,0.00260631,0.170387,1
197829643,0.000884944,0.000404609,0.000425356,0.983152,0.00658654,0.00543914,0.182588,0.985373,-0.00145698,0.00260631,0.170387,1
197861559,-0.000810357,-0.00216133,-7.71774e-05,0.983153,0.00657962,0.00544015,0.182587,0.985373,-0.00145698,0.00260631,0.170387,1
197893590,-0.00154612,-0.000248445,-0.000127964,0.983153,0.00658148,0.00542605,0.182584,0.985373,-0.00145698,0.00260631,0.170387,1
197925640,-0.00133122,-0.000791134,-0.00064916,0.983156,0.00658689,0.0054227,0.182569,0.985373,-0.00145698,0.00260631,0.170387,1
197957546,0.00164186,-0.000782771,-0.000184538,0.983157,0.00659289,0.00541119,0.182562,0.985373,-0.00145698,0.00260631,0.170387,1
197989804,0.0003544,0.000192963,0.000627263,0.983158,0.00659006,0.00541331,0.182557,0.985373,-0.00145698,0.00260631,0.170387,1
198017573,0.000786839,0.00178002,0.000173278,0.983159,0.0065903,0.00541994,0.182552,0.985373,-0.00145698,0.00260631,0.170387,1
198050696,0.00163875,0.000391361,1.56648e-06,0.983161,0.00659295,0.00542623,0.182541,0.985373,-0.00145698,0.00260631,0.170387,1
198082353,0.000233509,0.00104502,0.000924631,0.983163,0.00658683,0.00543238,0.182529,0.985373,-0.00145698,0.00260631,0.170387,1
198114396,-0.000908876,0.00124749,0.000367546,0.983167,0.00659003,0.00544324,0.182511,0.985373,-0.00145698,0.00260631,0.170387,1
198146382,-0.00103194,0.00019216,0.000712634,0.983169,0.00659471,0.00543989,0.182498,0.985373,-0.00145698,0.00260631,0.170387,1
198178358,-0.000162886,0.000913031,-0.000460556,0.983172,0.00659666,0.00544719,0.182481,0.985373,-0.00145698,0.00260631,0.170387,1
198206392,-0.00187505,-0.000887861,-0.000127837,0.983175,0.00659095,0.00544604,0.182467,0.985373,-0.00145698,0.00260631,0.170387,1
198238409,-0.00176858,-0.00035132,-0.000138068,0.983178,0.00659884,0.00544741,0.18245,0.985373,-0.00145698,0.00260631,0.170387,1
198270349,0.00037518,0.000476215,-0.00119086,0.98318,0.0066026,0.005443,0.182438,0.985373,-0.00145698,0.00260631,0.170387,1
198302385,0.0015354,7.58855e-05,2.58989e-06,0.983183,0.00659548,0.00544434,0.182425,0.985373,-0.00145698,0.00260631,0.170387,1
198334436,-0.000818895,-0.00195163,-0.000192445,0.983183,0.00659849,0.00544505,0.182421,0.985373,-0.00145698,0.00260631,0.170387,1
198366391,-0.00262321,-0.000569897,0.000172616,0.983184,0.00660569,0.00543895,0.182419,0.985373,-0.00145698,0.00260631,0.170387,1
198398596,-8.60285e-05,0.00020806,0.00136388,0.983185,0.00661187,0.00543461,0.182412,0.985373,-0.00145698,0.00260631,0.170387,1
198430367,0.00152738,0.000613799,0.000418992,0.983186,0.00660696,0.00542769,0.182409,0.985373,-0.00145698,0.00260631,0.170387,1
198458417,-0.00315353,-0.000665284,0.000276678,0.983186,0.00660178,0.00542807,0.18241,0.985373,-0.00145698,0.00260631,0.170387,1
198491248,-0.00189459,0.00106541,0.00164161,0.983184,0.0065956,0.0054321,0.182416,0.985373,-0.00145698,0.00260631,0.170387,1
198523427,0.00113181,0.000461195,-0.00181826,0.983184,0.00659198,0.00543938,0.182415,0.985373,-0.00145698,0.00260631,0.170387,1
198555415,0.0020665,0.00102731,-0.000113394,0.983184,0.00658577,0.00543994,0.182416,0.985373,-0.00145698,0.00260631,0.170387,1
198587160,-0.00103525,-0.000355164,-0.000125896,0.983183,0.00658504,0.00544648,0.182424,0.985373,-0.00145698,0.00260631,0.170387,1
198619165,-0.00186763,0.000814291,-0.000161149,0.983182,0.00657557,0.00545449,0.182429,0.985373,-0.00145698,0.00260631,0.170387,1
198651205,0.00132102,-0.000667718,0.000336373,0.983181,0.00658116,0.00545816,0.182436,0.985373,-0.00145698,0.00260631,0.170387,1
198679176,-0.00125026,-0.000109611,0.00156961,0.983179,0.00658155,0.00545989,0.182446,0.985373,-0.00145698,0.00260631,0.170387,1
198711421,-0.00144457,0.000714432,0.000273287,0.983178,0.00658342,0.00545617,0.182453,0.985373,-0.00145698,0.00260631,0.170387,1
198743330,0.00090391,0.000597003,-0.000225902,0.983175,0.00658195,0.00545351,0.182468,0.985373,-0.00145698,0.00260631,0.170387,1
198775180,0.00282479,-0.000795103,-0.000597468,0.983173,0.00659556,0.00545563,0.182474,0.985373,-0.00145698,0.00260631,0.170387,1
198807198,0.000356066,-0.000868582,0.0009689,0.983171,0.00660577,0.00544868,0.182486,0.985373,-0.00145698,0.00260631,0.170387,1
198839165,-0.00219401,0.00093799,0.000791731,0.98317,0.00660822,0.00545755,0.182494,0.985373,-0.00145698,0.00260631,0.170387,1
198868188,0.00120965,0.00039088,0.000113808,0.983168,0.0066108,0.0054668,0.182504,0.985373,-0.00145698,0.00260631,0.170387,1
198899958,-0.00049113,0.000724316,0.000820279,0.983165,0.00660749,0.00547358,0.182518,0.985373,-0.00145698,0.00260631,0.170387,1
198932328,-0.00367964,-0.000131476,0.000582449,0.983163,0.00660251,0.00546124,0.182528,0.985373,-0.00145698,0.00260631,0.170387,1
198963996,-0.00132523,0.00133623,-0.000480699,0.983162,0.00660397,0.00547164,0.182536,0.985373,-0.00145698,0.00260631,0.170387,1
198995952,0.00112291,-0.000155581,-0.000524495,0.983161,0.00659946,0.00547079,0.182543,0.985373,-0.00145698,0.00260631,0.170387,1
199028007,0.000287825,0.00100644,-0.00109602,0.98316,0.00659737,0.00546532,0.182545,0.985373,-0.00145698,0.00260631,0.170387,1
199059978,-0.000378318,-0.00120085,0.000433999,0.98316,0.00660252,0.00546065,0.182544,0.985373,-0.00145698,0.00260631,0.170387,1
199091956,-0.00143641,-0.000866349,0.00115748,0.983159,0.00659911,0.00545533,0.182553,0.985373,-0.00145698,0.00260631,0.170387,1
199119995,3.61615e-05,0.000599961,0.000196689,0.983158,0.00660263,0.00545597,0.182556,0.985373,-0.00145698,0.00260631,0.170387,1
199152210,-0.00218068,6.83104e-05,6.51249e-05,0.983156,0.00659443,0.00545797,0.182566,0.985373,-0.00145698,0.00260631,0.170387,1
199183965,-0.00218885,-0.000132488,0.000601037,0.983155,0.0065935,0.00546013,0.182574,0.985373,-0.00145698,0.00260631,0.170387,1
199215978,0.000908479,0.000918566,8.8877e-05,0.983155,0.00660325,0.00546893,0.182572,0.985373,-0.00145698,0.00260631,0.170387,1
199248999,0.00134556,0.00132437,-0.00087107,0.983153,0.00660819,0.00547271,0.182582,0.985373,-0.00145698,0.00260631,0.170387,1
199281004,0.00026794,6.33555e-05,-7.80867e-06,0.983152,0.0066104,0.00547328,0.18259,0.985373,-0.00145698,0.00260631,0.170387,1
199312819,-0.00216621,0.000808677,-0.000161985,0.983151,0.00660486,0.0054784,0.182596,0.985373,-0.00145698,0.00260631,0.170387,1
199340796,0.00217794,0.00123757,0.000310742,0.983149,0.006609,0.00548305,0.182605,0.985373,-0.00145698,0.00260631,0.170387,1
199372781,0.00113587,-0.000677969,-8.69429e-05,0.983148,0.00660134,0.00548593,0.182609,0.985373,-0.00145698,0.00260631,0.170387,1
199404794,-0.00231025,-0.000103569,0.00219783,0.983145,0.00659573,0.00548245,0.182627,0.985373,-0.00145698,0.00260631,0.170387,1
199436744,-0.00218218,0.00146267,0.000678383,0.983143,0.00659058,0.00547856,0.182639,0.985373,-0.00145698,0.00260631,0.170387,1
199468780,0.000916069,0.00101446,-0.00033512,0.983142,0.00659327,0.00548121,0.182645,0.985373,-0.00145698,0.00260631,0.170387,1
199500744,0.000908714,0.00123371,-1.85453e-05,0.983139,0.00658777,0.00548243,0.182658,0.985373,-0.00145698,0.00260631,0.170387,1
199532753,-0.000280662,0.000522209,0.00157692,0.983136,0.00658023,0.00549717,0.182673,0.985373,-0.00145698,0.00260631,0.170387,1
199564981,-0.00282169,0.000382713,-5.14815e-05,0.983134,0.00658042,0.00550007,0.182687,0.985373,-0.00145698,0.00260631,0.170387,1
199592798,0.00220824,0.000796546,-0.000836018,0.983132,0.0065931,0.00550033,0.182696,0.985373,-0.00145698,0.00260631,0.170387,1
199625581,-0.000557285,-0.00142652,-8.85065e-05,0.98313,0.00659267,0.00549347,0.182709,0.985373,-0.00145698,0.00260631,0.170387,1
199657556,-0.00102,-0.000126162,0.00115526,0.983128,0.00659179,0.00548589,0.182716,0.985373,-0.00145698,0.00260631,0.170387,1
199689545,-0.000582235,0.000603382,0.000402064,0.983125,0.00660089,0.00548308,0.182735,0.985373,-0.00145698,0.00260631,0.170387,1
199721704,0.00293803,0.000901587,-0.000295547,0.983123,0.00661286,0.00549241,0.182746,0.985373,-0.00145698,0.00260631,0.170387,1
199753559,0.00133031,0.000609091,0.000747305,0.983119,0.00661797,0.00549147,0.182765,0.985373,-0.00145698,0.00260631,0.170387,1
199781581,-0.000235711,-0.00081565,-0.00126696,0.983118,0.0066203,0.00548995,0.182771,0.985373,-0.00145698,0.00260631,0.170387,1
199813560,0.00198477,0.000692771,-0.000308152,0.983115,0.00662357,0.00549452,0.182786,0.985373,-0.00145698,0.00260631,0.170387,1
199845552,0.000788609,-0.00012118,0.00150264,0.983112,0.00662563,0.00549672,0.182803,0.985373,-0.00145698,0.00260631,0.170387,1
199877574,-0.0014253,-0.000789591,-2.63724e-06,0.983111,0.00663314,0.00549175,0.18281,0.985373,-0.00145698,0.00260631,0.170387,1
199910603,-0.00238164,-4.74487e-05,-0.000136482,0.98311,0.006626,0.00549432,0.182811,0.985373,-0.00145698,0.00260631,0.170387,1
199942360,-0.00110307,0.000480708,-0.000236012,0.983108,0.00661828,0.00548483,0.182824,0.985373,-0.00145698,0.00260631,0.170387,1
199970355,-0.000776264,-4.75095e-05,-0.000114909,0.983105,0.00661608,0.00548515,0.182842,0.985373,-0.00145698,0.00260631,0.170387,1
200002355,-0.00153513,0.00091771,0.000280733,0.983104,0.00661972,0.0054868,0.182847,0.985373,-0.00145698,0.00260631,0.170387,1
200034727,0.00123893,-0.000159057,-0.000297479,0.983102,0.00662787,0.00549656,0.182858,0.985373,-0.00145698,0.00260631,0.170387,1
200066359,0.00178498,0.00185023,-0.000968774,0.983099,0.00662965,0.00549836,0.182871,0.985373,-0.00145698,0.00260631,0.170387,1
200098593,-3.21526e-05,-0.000708096,-0.000938131,0.983099,0.00662737,0.00550118,0.182875,0.985373,-0.00145698,0.00260631,0.170387,1
200130380,-0.00206329,0.000278382,0.000289416,0.983096,0.00663612,0.00549682,0.182888,0.985373,-0.00145698,0.00260631,0.170387,1
200162396,-0.00110418,-4.58178e-05,9.62898e-05,0.983095,0.00663016,0.00549951,0.182892,0.985373,-0.00145698,0.00260631,0.170387,1
200194356,0.00283427,-0.00110961,0.00016914,0.983094,0.00663603,0.00548671,0.182901,0.985373,-0.00145698,0.00260631,0.170387,1
200222355,-0.000990364,5.54869e-05,-0.000117705,0.983092,0.00664543,0.00548045,0.182911,0.985373,-0.00145698,0.00260631,0.170387,1
200254360,-0.000349266,0.000149885,-0.000643916,0.983089,0.00665592,0.00547941,0.182925,0.985373,-0.00145698,0.00260631,0.170387,1
200286581,0.00262219,-0.000471506,0.000155041,0.98309,0.00666493,0.00547564,0.182923,0.985373,-0.00145698,0.00260631,0.170387,1
200318355,0.00158052,-0.000707552,-0.00102974,0.98309,0.00667793,0.00547668,0.182922,0.985373,-0.00145698,0.00260631,0.170387,1
200350625,-0.0021919,0.000412316,0.00145821,0.983087,0.00668096,0.00548048,0.182935,0.985373,-0.00145698,0.00260631,0.170387,1
200383201,-0.00142118,-0.0010004,0.000323299,0.983087,0.00668857,0.00547737,0.182937,0.985373,-0.00145698,0.00260631,0.170387,1
200415185,0.000609566,0.00100472,-0.000540329,0.983086,0.00669416,0.00548415,0.18294,0.985373,-0.00145698,0.00260631,0.170387,1
200443196,0.000274772,-0.000569008,0.000550245,0.983084,0.00669699,0.00548125,0.182951,0.985373,-0.00145698,0.00260631,0.170387,1
200475329,-0.0017339,0.00026564,-0.000236424,0.983082,0.00671343,0.0054838,0.182961,0.985373,-0.00145698,0.00260631,0.170387,1
200507367,-0.000674054,0.00144252,7.30265e-05,0.983081,0.00671285,0.00549311,0.182966,0.985373,-0.00145698,0.00260631,0.170387,1
200539193,0.00231372,0.000571015,-0.00103974,0.983079,0.00672101,0.00549464,0.182974,0.985373,-0.00145698,0.00260631,0.170387,1
200571232,-0.000259952,-0.000359898,0.0002229,0.983079,0.00671336,0.00549633,0.182975,0.985373,-0.00145698,0.00260631,0.170387,1
200603228,-0.00165586,0.000209924,0.0017886,0.983078,0.00671182,0.00550165,0.182983,0.985373,-0.00145698,0.00260631,0.170387,1
200635197,-0.000581935,-0.000667761,0.000861854,0.983076,0.00672526,0.00549996,0.182992,0.985373,-0.00145698,0.00260631,0.170387,1
200667174,0.00114292,-0.000490261,-0.00082253,0.983076,0.00673822,0.00548676,0.182992,0.985373,-0.00145698,0.00260631,0.170387,1
200695428,-0.00249605,-0.000138228,0.000719593,0.983075,0.00673433,0.00547934,0.182996,0.985373,-0.00145698,0.00260631,0.170387,1
200727161,-0.000895101,-0.000143726,0.000528469,0.983075,0.00674185,0.00548636,0.182995,0.985373,-0.00145698,0.00260631,0.170387,1
200759959,0.000596275,0.00219736,0.000499172,0.983074,0.00674229,0.00550011,0.183,0.985373,-0.00145698,0.00260631,0.170387,1
200792276,0.00188094,0.0013391,0.000108602,0.983071,0.00674258,0.00549968,0.183016,0.985373,-0.00145698,0.00260631,0.170387,1
200823961,-0.00227829,-0.00184852,0.000439315,0.983071,0.00673795,0.00549321,0.183019,0.985373,-0.00145698,0.00260631,0.170387,1
200855962,-0.00342895,0.00113487,0.000570863,0.98307,0.0067359,0.0054936,0.183027,0.985373,-0.00145698,0.00260631,0.170387,1
200884309,0.00155278,-0.00101934,-0.000591535,0.98307,0.00674226,0.00549355,0.183022,0.985373,-0.00145698,0.00260631,0.170387,1
200915954,-0.00195351,-0.000149465,0.000300966,0.983069,0.00674311,0.00549108,0.183028,0.985373,-0.00145698,0.00260631,0.170387,1
200947981,-0.00119397,0.00089373,-0.000668349,0.983069,0.00674524,0.00549448,0.183032,0.985373,-0.00145698,0.00260631,0.170387,1
200980281,-0.000988753,-0.000265865,-0.000109758,0.983068,0.00674606,0.00548728,0.183037,0.985373,-0.00145698,0.00260631,0.170387,1
201011965,0.00198113,0.000496518,0.000765782,0.983066,0.00674409,0.00548194,0.183043,0.985373,-0.00145698,0.00260631,0.170387,1
201043978,0.000383781,0.00102837,0.000732958,0.983066,0.00673818,0.00548299,0.183047,0.985373,-0.00145698,0.00260631,0.170387,1
201075944,-0.00217234,-0.000246162,0.000831303,0.983067,0.00673656,0.00547932,0.183042,0.985373,-0.00145698,0.00260631,0.170387,1
201107954,-0.000355308,7.23656e-05,0.0010568,0.983066,0.00673079,0.00547623,0.183044,0.985373,-0.00145698,0.00260631,0.170387,1
201136744,0.000596722,0.000528923,0.00180885,0.983064,0.00672838,0.00547705,0.183055,0.985373,-0.00145698,0.00260631,0.170387,1
201168744,-0.00131392,-0.000573096,0.000532031,0.983063,0.00672743,0.00547364,0.183064,0.985373,-0.00145698,0.00260631,0.170387,1
201200771,-0.00142427,-0.000351565,0.000952032,0.98306,0.00673282,0.00547235,0.183076,0.985373,-0.00145698,0.00260631,0.170387,1
201232765,0.00113967,0.000376134,0.000120445,0.983058,0.00674379,0.00547351,0.183088,0.985373,-0.00145698,0.00260631,0.170387,1
201264798,0.000616685,0.00132133,-0.000438314,0.983058,0.00675323,0.00547106,0.183087,0.985373,-0.00145698,0.00260631,0.170387,1
201296783,-0.000141326,-0.00163692,0.00067689,0.983055,0.00676034,0.00546303,0.183105,0.985373,-0.00145698,0.00260631,0.170387,1
201328781,-0.00196615,-0.00131028,0.000960049,0.983053,0.00676924,0.00545755,0.183116,0.985373,-0.00145698,0.00260631,0.170387,1
201356817,0.00116301,0.00141568,-0.00117866,0.983053,0.00677003,0.00545376,0.183117,0.985373,-0.00145698,0.00260631,0.170387,1
201388752,-0.000342698,-0.000480941,0.00033048,0.98305,0.00677114,0.00545792,0.18313,0.985373,-0.00145698,0.00260631,0.170387,1
201420801,-0.00161548,-0.000171306,-0.000543379,0.983048,0.00677776,0.00545933,0.18314,0.985373,-0.00145698,0.00260631,0.170387,1
201452783,-0.000666621,0.00197293,0.000276577,0.983047,0.00678449,0.00546399,0.183145,0.985373,-0.00145698,0.00260631,0.170387,1
201484800,0.00221695,-0.000597866,-0.000483734,0.983045,0.00678164,0.00546477,0.183156,0.985373,-0.00145698,0.00260631,0.170387,1
201517558,0.00179154,-0.000174035,-0.000604199,0.983045,0.00677983,0.00545766,0.183159,0.985373,-0.00145698,0.00260631,0.170387,1
201545562,-0.00108063,0.00227226,-0.000692653,0.983044,0.00678373,0.0054582,0.183165,0.985373,-0.00145698,0.00260631,0.170387,1
201577544,0.000187377,0.0017566,8.03893e-05,0.983043,0.00678298,0.00546495,0.183167,0.985373,-0.00145698,0.00260631,0.170387,1
201609741,-0.00108479,0.000149937,-0.000643433,0.983043,0.00677534,0.00546086,0.183171,0.985373,-0.00145698,0.00260631,0.170387,1
201641550,-0.00109832,0.000383017,0.000623653,0.983042,0.00677252,0.00546282,0.183172,0.985373,-0.00145698,0.00260631,0.170387,1
201673567,-0.00216547,0.000713928,0.00124063,0.983043,0.00677587,0.00546135,0.18317,0.985373,-0.00145698,0.00260631,0.170387,1
201705828,0.00124988,-0.00016121,0.000136051,0.983041,0.00677853,0.00545233,0.183178,0.985373,-0.00145698,0.00260631,0.170387,1
201737646,0.00135886,-0.00121962,0.000472637,0.983041,0.0067831,0.00544927,0.183178,0.985373,-0.00145698,0.00260631,0.170387,1
201769729,0.000504265,-0.00100261,0.000668861,0.983042,0.00678966,0.00544448,0.183177,0.985373,-0.00145698,0.00260631,0.170387,1
201797551,0.000848836,0.00268423,-0.00121267,0.983043,0.00679034,0.00544523,0.18317,0.985373,-0.00145698,0.00260631,0.170387,1
201829951,0.00169643,0.000773477,-0.000949331,0.983044,0.00679935,0.00544727,0.183164,0.985373,-0.00145698,0.00260631,0.170387,1
201862393,0.000611885,-0.000701629,-8.27509e-05,0.983044,0.00680438,0.00544857,0.183164,0.985373,-0.00145698,0.00260631,0.170387,1
201894413,-0.00332907,-0.000244679,0.00145683,0.983045,0.00680258,0.00545267,0.183159,0.985373,-0.00145698,0.00260631,0.170387,1
201926368,-0.000220243,0.000661955,-0.0011863,0.983045,0.00679962,0.00546186,0.183157,0.985373,-0.00145698,0.00260631,0.170387,1
201958394,0.0013745,0.000353441,-0.000627441,0.983047,0.00680601,0.00546029,0.183146,0.985373,-0.00145698,0.00260631,0.170387,1
201986565,-0.00291847,0.000944525,0.00217801,0.983047,0.00680302,0.00546413,0.183149,0.985373,-0.00145698,0.00260631,0.170387,1
202018560,-0.00140112,0.000574295,-0.000455215,0.983048,0.00680216,0.00547029,0.183143,0.985373,-0.00145698,0.00260631,0.170387,1
202050656,0.00146572,-0.000907889,3.88265e-05,0.983049,0.00679403,0.00546136,0.183135,0.985373,-0.00145698,0.00260631,0.170387,1
202082372,7.84199e-05,5.96572e-05,0.00042628,0.98305,0.00678587,0.00546783,0.183128,0.985373,-0.00145698,0.00260631,0.170387,1
202114385,-0.000783949,0.000373633,0.000402462,0.983051,0.00678346,0.0054734,0.183124,0.985373,-0.00145698,0.00260631,0.170387,1
202146354,-0.00173018,0.000270711,0.000395695,0.983053,0.00678533,0.00548224,0.183114,0.985373,-0.00145698,0.00260631,0.170387,1
202178347,0.000942168,0.000572506,-0.000427654,0.983055,0.0067938,0.0054832,0.183104,0.985373,-0.00145698,0.00260631,0.170387,1
202210624,0.000401722,0.00207297,0.000173539,0.983055,0.00677662,0.00548576,0.183101,0.985373,-0.00145698,0.00260631,0.170387,1
202238522,-0.00257024,-0.000378136,-0.000136276,0.983057,0.00676956,0.00549254,0.183094,0.985373,-0.00145698,0.00260631,0.170387,1
202271236,0.000626357,-0.00123974,-0.000501123,0.983056,0.00677677,0.00549091,0.183099,0.985373,-0.00145698,0.00260631,0.170387,1
202303162,0.00221707,-0.000273512,-7.57893e-05,0.983057,0.00678259,0.00548507,0.183091,0.985373,-0.00145698,0.00260631,0.170387,1
202335181,0.000830993,-0.00101839,-7.90254e-05,0.983058,0.00678628,0.00547356,0.183088,0.985373,-0.00145698,0.00260631,0.170387,1
202367179,-0.00255562,-7.7302e-05,-0.000994907,0.983061,0.00678129,0.00547392,0.183073,0.985373,-0.00145698,0.00260631,0.170387,1
202399160,-0.00130668,0.000171541,0.000826344,0.983062,0.00678682,0.00547156,0.183067,0.985373,-0.00145698,0.00260631,0.170387,1
202431165,0.00148839,-0.000935011,-0.00113749,0.983062,0.00679612,0.00547056,0.183064,0.985373,-0.00145698,0.00260631,0.170387,1
202459158,-0.0021531,-0.000470981,0.000720686,0.983063,0.00679377,0.00546739,0.183059,0.985373,-0.00145698,0.00260631,0.170387,1
202491158,-0.000657442,-0.000267236,0.000309885,0.983064,0.00679679,0.00546534,0.183057,0.985373,-0.00145698,0.00260631,0.170387,1
202523188,0.00157648,0.00196931,0.000399577,0.983064,0.00680075,0.00547143,0.183055,0.985373,-0.00145698,0.00260631,0.170387,1
202555165,0.00232788,-0.00016964,-7.84922e-05,0.983066,0.00680251,0.00547092,0.183045,0.985373,-0.00145698,0.00260631,0.170387,1
202587944,-0.000538814,-0.000174463,-0.000115996,0.983066,0.0068009,0.00547456,0.183044,0.985373,-0.00145698,0.00260631,0.170387,1
202620189,-0.00170466,0.000251068,-0.000453656,0.983065,0.00680103,0.00547667,0.18305,0.985373,-0.00145698,0.00260631,0.170387,1
202647954,0.000948011,-0.000506462,-0.000615263,0.983065,0.00679784,0.00547251,0.183048,0.985373,-0.00145698,0.00260631,0.170387,1
202679978,-0.00076046,0.000468605,-2.25109e-05,0.983064,0.00679559,0.00547293,0.183054,0.985373,-0.00145698,0.00260631,0.170387,1
202712274,-0.00276512,0.00087336,-0.00112247,0.983063,0.00680028,0.00548152,0.183058,0.985373,-0.00145698,0.00260631,0.170387,1
202743955,-0.000446663,-0.000581285,0.000640152,0.983063,0.00679942,0.00548856,0.183059,0.985373,-0.00145698,0.00260631,0.170387,1
202775976,0.00116596,0.000673733,-0.000322995,0.983062,0.00680309,0.00548401,0.183063,0.985373,-0.00145698,0.00260631,0.170387,1
202807944,0.000511729,-0.000367199,0.000755861,0.98306,0.00680269,0.00548371,0.183074,0.985373,-0.00145698,0.00260631,0.170387,1
202839944,-0.00128495,-0.000385743,-0.000121661,0.98306,0.00680707,0.00548242,0.183074,0.985373,-0.00145698,0.00260631,0.170387,1
202872297,-0.00138048,0.00109706,-0.000264854,0.983059,0.00681248,0.00549396,0.183082,0.985373,-0.00145698,0.00260631,0.170387,1
202900191,-5.13927e-06,-0.000709291,-0.000304792,0.983057,0.00680927,0.00549642,0.183092,0.985373,-0.00145698,0.00260631,0.170387,1
202932213,-0.00138823,-0.00124263,-0.000423031,0.983058,0.00681157,0.00548731,0.183088,0.985373,-0.00145698,0.00260631,0.170387,1
202963953,-0.00172538,0.000384028,0.00113663,0.983056,0.00680535,0.00549589,0.183095,0.985373,-0.00145698,0.00260631,0.170387,1
202995950,0.00149017,0.000562685,-0.000422178,0.983054,0.00681133,0.00550275,0.183106,0.985373,-0.00145698,0.00260631,0.170387,1
203029143,0.00275686,0.001003,0.000225082,0.983052,0.00681003,0.00550489,0.183119,0.985373,-0.00145698,0.00260631,0.170387,1
203061081,-0.000977631,0.000805305,0.000925835,0.98305,0.00680748,0.00549808,0.183129,0.985373,-0.00145698,0.00260631,0.170387,1
203093102,-0.00246286,-0.000474067,0.000406577,0.983047,0.00680196,0.00548551,0.183143,0.985373,-0.00145698,0.00260631,0.170387,1
203125125,-0.000141311,-0.00015415,0.000865311,0.983045,0.00680388,0.00547952,0.183159,0.985373,-0.00145698,0.00260631,0.170387,1
203157110,0.00158761,-0.000275246,0.000238504,0.983042,0.00680752,0.0054785,0.183172,0.985373,-0.00145698,0.00260631,0.170387,1
203189132,-0.000213421,0.000566146,-0.000228166,0.983039,0.00680882,0.00547436,0.183186,0.985373,-0.00145698,0.00260631,0.170387,1
203221090,-0.00139169,-6.10997e-05,0.000302035,0.983038,0.0068159,0.00547554,0.183194,0.985373,-0.00145698,0.00260631,0.170387,1
203252759,-0.00256067,0.000150572,0.000282447,0.983036,0.00681328,0.00547946,0.183203,0.985373,-0.00145698,0.00260631,0.170387,1
203285096,0.00137198,-0.000374967,0.000665602,0.983034,0.0068252,0.00547494,0.183215,0.985373,-0.00145698,0.00260631,0.170387,1
203316978,0.00278889,-0.000833258,-0.000695068,0.983032,0.00682784,0.00546201,0.183224,0.985373,-0.00145698,0.00260631,0.170387,1
203345083,-0.00119041,-0.000161994,0.000624547,0.98303,0.00683,0.00546889,0.183237,0.985373,-0.00145698,0.00260631,0.170387,1
203377589,0.000736937,0.00185874,0.000612251,0.983027,0.00682942,0.0054702,0.18325,0.985373,-0.00145698,0.00260631,0.170387,1
203409809,0.00254406,0.000790003,0.000444379,0.983024,0.00683678,0.00547703,0.183266,0.985373,-0.00145698,0.00260631,0.170387,1
203441567,-0.000535346,-6.87888e-05,-4.58959e-06,0.983023,0.00683543,0.00547433,0.183276,0.985373,-0.00145698,0.00260631,0.170387,1
203473592,-0.00278341,0.000699081,0.00111983,0.983021,0.00683655,0.00548028,0.183286,0.985373,-0.00145698,0.00260631,0.170387,1
203505566,-0.00095843,0.000139648,-0.000226633,0.983021,0.00684584,0.00547749,0.183285,0.985373,-0.00145698,0.00260631,0.170387,1
203533807,-0.000954077,-0.00050255,-0.000320445,0.98302,0.00684837,0.00547165,0.18329,0.985373,-0.00145698,0.00260631,0.170387,1
203565553,-0.00360584,-0.000726383,-0.000881955,0.983019,0.00685138,0.00547422,0.183294,0.985373,-0.00145698,0.00260631,0.170387,1
203597554,-0.000851694,0.000996141,7.66891e-05,0.983018,0.00685223,0.00547414,0.183299,0.985373,-0.00145698,0.00260631,0.170387,1
203629807,0.000645907,-0.000706966,-8.09907e-05,0.983016,0.00685328,0.00546808,0.183309,0.985373,-0.00145698,0.00260631,0.170387,1
203661560,0.000747902,0.000564339,-0.000105561,0.983015,0.00685167,0.00547026,0.183318,0.985373,-0.00145698,0.00260631,0.170387,1
203693606,-0.00170755,-0.000360897,0.00189883,0.983012,0.00684713,0.0054647,0.18333,0.985373,-0.00145698,0.00260631,0.170387,1
203722362,0.00128408,0.000345484,-0.000412613,0.983011,0.00685574,0.00546296,0.18334,0.985373,-0.00145698,0.00260631,0.170387,1
203754793,0.00266986,-0.000190912,-0.000593189,0.983009,0.00685384,0.00545937,0.183348,0.985373,-0.00145698,0.00260631,0.170387,1
203786395,-0.000753342,-0.00122327,0.000977619,0.983007,0.00685692,0.0054545,0.183361,0.985373,-0.00145698,0.00260631,0.170387,1
203818349,-0.00255506,0.0019548,4.03761e-05,0.983006,0.00685386,0.00545967,0.183362,0.985373,-0.00145698,0.00260631,0.170387,1
203850357,-0.000519198,0.000369243,0.000521686,0.983005,0.0068536,0.0054652,0.18337,0.985373,-0.00145698,0.00260631,0.170387,1
203882423,0.00307668,0.000363355,0.00077649,0.983004,0.00686589,0.00546569,0.183376,0.985373,-0.00145698,0.00260631,0.170387,1
203914383,0.00054609,-0.000622888,-0.000826511,0.983002,0.00687484,0.00546173,0.183386,0.985373,-0.00145698,0.00260631,0.170387,1
203946358,-0.00192024,0.00132999,0.0009094,0.983001,0.00687239,0.00545364,0.183392,0.985373,-0.00145698,0.00260631,0.170387,1
203974364,0.0028778,0.00066848,2.86806e-05,0.983,0.00687743,0.00545695,0.183395,0.985373,-0.00145698,0.00260631,0.170387,1
204006347,0.000860499,-0.000187229,-0.000300461,0.982998,0.00688427,0.00544868,0.183405,0.985373,-0.00145698,0.00260631,0.170387,1
204038373,-0.000543507,-0.000263772,0.00117176,0.982996,0.00688824,0.00545101,0.183416,0.985373,-0.00145698,0.00260631,0.170387,1
204070597,-0.00159409,0.000462208,0.000184901,0.982994,0.00690427,0.00544528,0.183429,0.985373,-0.00145698,0.00260631,0.170387,1
204102381,0.000137301,0.000658131,-0.000860298,0.982993,0.00690199,0.00544508,0.18343,0.985373,-0.00145698,0.00260631,0.170387,1
204134881,0.000441168,-0.00102949,0.000120875,0.982992,0.00689933,0.00544557,0.183436,0.985373,-0.00145698,0.00260631,0.170387,1
204167168,0.000110268,-0.00113736,2.92856e-05,0.982992,0.00690026,0.00544518,0.183438,0.985373,-0.00145698,0.00260631,0.170387,1
204195200,0.00106979,-7.46873e-05,1.79305e-05,0.982991,0.00689921,0.00544668,0.183445,0.985373,-0.00145698,0.00260631,0.170387,1
204227161,0.000752392,0.000880238,-0.000112434,0.982991,0.00689877,0.00545151,0.183444,0.985373,-0.00145698,0.00260631,0.170387,1
204259246,-0.000215386,0.00046998,0.000627295,0.98299,0.00689216,0.00545312,0.18345,0.985373,-0.00145698,0.00260631,0.170387,1
204291416,-0.0013738,-8.06511e-05,-0.000228202,0.98299,0.00690024,0.00545583,0.18345,0.985373,-0.00145698,0.00260631,0.170387,1
204323386,0.000426166,-0.0009161,0.000556239,0.982991,0.00690868,0.00545575,0.183441,0.985373,-0.00145698,0.00260631,0.170387,1
204355162,0.00277613,0.000993218,0.000114309,0.982991,0.00691699,0.00545985,0.183443,0.985373,-0.00145698,0.00260631,0.170387,1
204387193,0.000634999,0.000246199,5.54405e-06,0.982991,0.00691677,0.00545745,0.183442,0.985373,-0.00145698,0.00260631,0.170387,1
204419228,-0.00181695,-0.000379042,0.000624261,0.982992,0.00691502,0.00545474,0.183439,0.985373,-0.00145698,0.00260631,0.170387,1
204447196,0.00233911,0.000566219,0.000127492,0.982991,0.00691681,0.00545576,0.18344,0.985373,-0.00145698,0.00260631,0.170387,1
204479341,0.000629983,-0.00144422,0.000680027,0.982992,0.00691306,0.00546039,0.183439,0.985373,-0.00145698,0.00260631,0.170387,1
204511509,-0.0023512,5.17644e-05,0.000927604,0.982992,0.00691304,0.00546532,0.183435,0.985373,-0.00145698,0.00260631,0.170387,1
204543989,-0.00128716,-0.000799641,0.000959347,0.982992,0.00691924,0.00547227,0.183438,0.985373,-0.00145698,0.00260631,0.170387,1
204576210,0.00064358,0.00120014,-0.000120271,0.982991,0.00693102,0.00548465,0.183443,0.985373,-0.00145698,0.00260631,0.170387,1
204607990,0.00170383,-0.000625806,-0.000486016,0.982989,0.00693181,0.00548514,0.183452,0.985373,-0.00145698,0.00260631,0.170387,1
204635951,-0.000213638,0.000889456,0.000296174,0.982988,0.00693688,0.00548479,0.183458,0.985373,-0.00145698,0.00260631,0.170387,1
204668201,0.000858722,-7.59333e-05,-9.13648e-05,0.982985,0.00694055,0.00549058,0.183472,0.985373,-0.00145698,0.00260631,0.170387,1
