timestamp,timestamp_sample,control[0],control[1],control[2],control[3],control[4],control[5],control[6],control[7]
16140588,16140442,0.0118178,0.00541223,8.2796e-05,0.03,0.0,0.0,0.0,-1.0
16241409,16241274,0.0118378,0.00527028,-2.35579e-05,0.03,0.0,0.0,0.0,-1.0
16346183,16346042,0.0119518,0.00544393,1.78698e-08,0.03,0.0,0.0,0.0,-1.0
16446981,16446843,0.011885,0.00521594,-9.01343e-05,0.03,0.0,0.0,0.0,-1.0
16546968,16546832,0.0121025,0.00522768,-0.000220339,0.03,0.0,0.0,0.0,-1.0
16647789,16647652,0.0120293,0.0054752,-7.92754e-05,0.03,0.0,0.0,0.0,-1.0
16748583,16748444,0.0120456,0.00553023,0.000117442,0.03,0.0,0.0,0.0,-1.0
16853383,16853248,0.0118438,0.00541269,-0.000260383,0.03,0.0,0.0,0.0,-1.0
16954176,16954033,0.0118357,0.00536559,-0.000169039,0.03,0.0,0.0,0.0,-1.0
17054992,17054845,0.0117837,0.00530624,9.56391e-05,0.03,0.0,0.0,0.0,-1.0
17155785,17155642,0.0117708,0.0052631,-0.000162886,0.03,0.0,0.0,0.0,-1.0
17256597,17256451,0.0116861,0.00527111,-0.00021335,0.03,0.0,0.0,0.0,-1.0
17361413,17361279,0.0119326,0.0052845,-0.000131078,0.03,0.0,0.0,0.0,-1.0
17461387,17461252,0.0119336,0.00541285,-8.7924e-05,0.03,0.0,0.0,0.0,-1.0
17562983,17562846,0.0116961,0.00527752,-0.000170371,0.03,0.0,0.0,0.0,-1.0
17662974,17662834,0.0117998,0.00529108,-0.000131501,0.03,0.0,0.0,0.0,-1.0
17763797,17763652,0.0118593,0.00527313,7.11929e-05,0.03,0.0,0.0,0.0,-1.0
17868593,17868441,0.0115385,0.0052813,-0.000201938,0.03,0.0,0.0,0.0,-1.0
17969396,17969256,0.0117142,0.00534435,-0.000111368,0.03,0.0,0.0,0.0,-1.0
18070193,18070033,0.0116108,0.00542766,-6.61365e-05,0.03,0.0,0.0,0.0,-1.0
18170981,18170842,0.0116136,0.00532841,-8.16964e-05,0.03,0.0,0.0,0.0,-1.0
18271779,18271641,0.0116819,0.00550556,-0.000323786,0.03,0.0,0.0,0.0,-1.0
18371800,18371645,0.0117843,0.00545664,-0.000183888,0.03,0.0,0.0,0.0,-1.0
18476606,18476468,0.0117272,0.00515679,-0.000128368,0.03,0.0,0.0,0.0,-1.0
18577395,18577258,0.0118464,0.00546062,-5.95174e-05,0.03,0.0,0.0,0.0,-1.0
18678198,18678053,0.0116477,0.00548715,-0.000148721,0.03,0.0,0.0,0.0,-1.0
18778970,18778829,0.0116455,0.00536839,-0.000123518,0.03,0.0,0.0,0.0,-1.0
18883817,18883651,0.0117519,0.00560858,-0.000157747,0.03,0.0,0.0,0.0,-1.0
18984595,18984440,0.0116918,0.00552687,-8.27785e-05,0.03,0.0,0.0,0.0,-1.0
19085401,19085266,0.011451,0.00563119,-0.000172546,0.03,0.0,0.0,0.0,-1.0
19186207,19186041,0.0119142,0.00548478,-8.195e-05,0.03,0.0,0.0,0.0,-1.0
19286984,19286847,0.0115362,0.00546895,-0.000205765,0.03,0.0,0.0,0.0,-1.0
19390985,19390850,0.0117377,0.00546976,-0.000133545,0.03,0.0,0.0,0.0,-1.0
19491781,19491646,0.0118153,0.00539731,-0.000279067,0.03,0.0,0.0,0.0,-1.0
19592591,19592444,0.0116454,0.0054437,-2.28195e-05,0.03,0.0,0.0,0.0,-1.0
19693414,19693267,0.0116724,0.00546437,-1.17358e-05,0.03,0.0,0.0,0.0,-1.0
20302185,20302043,0.0117034,0.0054885,-6.46118e-06,0.03,0.0,0.0,0.0,-1.0
20506972,20506833,0.0116238,0.00556257,2.95475e-05,0.03,0.0,0.0,0.0,-1.0
20607777,20607640,0.0118534,0.00541777,-0.000230223,0.03,0.0,0.0,0.0,-1.0
20708587,20708441,0.0118856,0.00531151,6.98872e-05,0.03,0.0,0.0,0.0,-1.0
20809409,20809260,0.0115502,0.00549182,-9.53957e-05,0.03,0.0,0.0,0.0,-1.0
20910190,20910044,0.0114716,0.00541939,0.000150339,0.03,0.0,0.0,0.0,-1.0
21011779,21011632,0.0117764,0.00520405,-1.06938e-05,0.03,0.0,0.0,0.0,-1.0
21115781,21115641,0.0118626,0.00528264,0.000167638,0.03,0.0,0.0,0.0,-1.0
21216605,21216442,0.0117171,0.0054489,0.000119554,0.03,0.0,0.0,0.0,-1.0
21316590,21316441,0.0118208,0.00530469,8.41781e-05,0.03,0.0,0.0,0.0,-1.0
21421397,21421264,0.0118623,0.00535948,7.10965e-05,0.03,0.0,0.0,0.0,-1.0
21522203,21522052,0.0117952,0.00531175,0.000181915,0.03,0.0,0.0,0.0,-1.0
21622979,21622833,0.0118463,0.00549328,-3.06017e-05,0.03,0.0,0.0,0.0,-1.0
21723794,21723653,0.0117404,0.00554501,6.60634e-07,0.03,0.0,0.0,0.0,-1.0
21824585,21824441,0.011686,0.00533741,0.000155295,0.03,0.0,0.0,0.0,-1.0
21925412,21925278,0.0118441,0.00546806,3.77977e-05,0.03,0.0,0.0,0.0,-1.0
22030171,22030032,0.0120335,0.00548556,7.81607e-05,0.03,0.0,0.0,0.0,-1.0
22130975,22130839,0.0120008,0.00612925,0.000216298,0.03,0.0,0.0,0.0,-1.0
22231780,22231641,0.0119543,0.00596099,-5.54178e-05,0.03,0.0,0.0,0.0,-1.0
22331772,22331633,0.0117099,0.00522992,0.000263551,0.03,0.0,0.0,0.0,-1.0
22432585,22432442,0.012169,0.00556214,0.000179341,0.03,0.0,0.0,0.0,-1.0
22537401,22537266,0.0119591,0.00546069,6.65038e-05,0.03,0.0,0.0,0.0,-1.0
22638187,22638048,0.0119011,0.00546453,0.000131295,0.03,0.0,0.0,0.0,-1.0
22738980,22738836,0.0119305,0.00569573,0.00012018,0.03,0.0,0.0,0.0,-1.0
22839769,22839640,0.0120337,0.00557869,0.000235378,0.03,0.0,0.0,0.0,-1.0
22940590,22940446,0.011993,0.00553863,0.000159852,0.03,0.0,0.0,0.0,-1.0
23045412,23045278,0.0120261,0.00550179,-0.000126252,0.03,0.0,0.0,0.0,-1.0
23146179,23146039,0.0120018,0.00514711,-5.20494e-05,0.03,0.0,0.0,0.0,-1.0
23246983,23246841,0.0120496,0.00542274,0.000345026,0.0380618,0.0,0.0,0.0,-1.0
23346987,23346840,0.0122331,0.00535956,3.30254e-05,0.0381231,0.0,0.0,0.0,-1.0
23447791,23447642,0.0121517,0.00532708,0.000294987,0.0381235,0.0,0.0,0.0,-1.0
23552591,23552458,0.0119369,0.00537053,-1.45974e-05,0.0381235,0.0,0.0,0.0,-1.0
23653388,23653251,0.0120593,0.00522266,-0.000154876,0.0383116,0.0,0.0,0.0,-1.0
23754201,23754046,0.0121762,0.00554454,0.000245778,0.038123,0.0,0.0,0.0,-1.0
23854977,23854832,0.0122455,0.0052577,0.000357549,0.0373157,0.0,0.0,0.0,-1.0
23955782,23955642,0.0118891,0.00544224,0.000181824,0.0381449,0.0,0.0,0.0,-1.0
24056583,24056440,0.0118659,0.00544847,0.000402245,0.0381233,0.0,0.0,0.0,-1.0
24161386,24161251,0.0122674,0.00534088,2.70348e-05,0.0386029,0.0,0.0,0.0,-1.0
24261410,24261270,0.0122818,0.00586512,-0.000240347,0.0598465,0.0,0.0,0.0,-1.0
24362190,24362042,0.0128214,0.00590598,0.000516905,0.0741823,0.0,0.0,0.0,-1.0
24462999,24462863,0.0135426,0.00591854,0.00039792,0.0740983,0.0,0.0,0.0,-1.0
24567789,24567640,0.0142013,0.00637003,0.000109699,0.0869788,0.0,0.0,0.0,-1.0
24668590,24668445,0.014834,0.00657077,0.000414795,0.102068,0.0,0.0,0.0,-1.0
24769386,24769249,0.0155908,0.00872618,-0.000198339,0.114869,0.0,0.0,0.0,-1.0
24870186,24870044,0.0154946,0.00881879,-0.000121556,0.117048,0.0,0.0,0.0,-1.0
24970978,24970841,0.018607,0.01987,0.00122748,0.117037,0.0,0.0,0.0,-1.0
25071791,25071644,0.0211842,0.0203334,0.00206664,0.117037,0.0,0.0,0.0,-1.0
25176600,25176456,0.0146539,-0.0143621,-0.00216319,0.117037,0.0,0.0,0.0,-1.0
25276586,25276440,0.0219426,0.0280648,0.00192615,0.117037,0.0,0.0,0.0,-1.0
25377398,25377256,0.0156972,-0.00679116,-0.00166727,0.117227,0.0,0.0,0.0,-1.0
25478183,25478042,0.0223767,0.0232766,0.00115069,0.117038,0.0,0.0,0.0,-1.0
25578994,25578848,0.0195092,-0.00098652,-0.00139103,0.117037,0.0,0.0,0.0,-1.0
25683796,25683657,0.0232356,0.0183397,0.00198594,0.117037,0.0,0.0,0.0,-1.0
25784585,25784439,0.021504,0.00574428,-0.00014336,0.117037,0.0,0.0,0.0,-1.0
25885404,25885266,0.0255925,0.0173443,0.000932581,0.117037,0.0,0.0,0.0,-1.0
25986198,25986036,0.0232307,0.00780432,0.00107867,0.117037,0.0,0.0,0.0,-1.0
26086979,26086838,0.0252038,0.0126269,0.000864881,0.117037,0.0,0.0,0.0,-1.0
26191008,26190847,0.0235295,0.0137752,-0.000308348,0.115422,0.0,0.0,0.0,-1.0
26291771,26291632,0.0243117,0.0143694,0.000373998,0.117022,0.0,0.0,0.0,-1.0
26392584,26392440,0.0249973,0.0132019,0.00182748,0.120303,0.0,0.0,0.0,-1.0
26493398,26493261,0.0254821,0.0132521,0.000208482,0.123881,0.0,0.0,0.0,-1.0
26594189,26594047,0.0261918,0.0161924,-0.000477426,0.121535,0.0,0.0,0.0,-1.0
26698989,26698844,0.0268843,0.017851,0.000822732,0.120887,0.0,0.0,0.0,-1.0
26799783,26799639,0.0280067,0.0167477,-0.000765557,0.124008,0.0,0.0,0.0,-1.0
26900582,26900440,0.028506,0.0144486,-0.000716048,0.124,0.0,0.0,0.0,-1.0
27001380,27001242,0.028759,0.0153345,0.000402084,0.12424,0.0,0.0,0.0,-1.0
27101395,27101253,0.0302333,0.0178063,0.000246771,0.134061,0.0,0.0,0.0,-1.0
27202184,27202042,0.0300477,0.0199351,0.000385483,0.161463,0.0,0.0,0.0,-1.0
27306976,27306836,0.0350731,0.025296,2.99654e-05,0.159887,0.0,0.0,0.0,-1.0
27407777,27407641,0.034239,0.0205116,0.000432533,0.160783,0.0,0.0,0.0,-1.0
27508593,27508442,0.0313496,0.0223235,0.000170408,0.161135,0.0,0.0,0.0,-1.0
27609403,27609266,0.0223953,0.012717,-0.00368317,0.165566,0.0,0.0,0.0,-1.0
27714193,27714043,0.0128887,-0.00142067,-0.00160703,0.193705,0.0,0.0,0.0,-1.0
27818980,27818842,0.018687,0.0054658,0.00427377,0.194798,0.0,0.0,0.0,-1.0
27919778,27919641,0.022372,0.0265035,0.00528581,0.19479,0.0,0.0,0.0,-1.0
28020570,28020432,0.0239739,0.0338382,0.0131104,0.197125,0.0,0.0,0.0,-1.0
28121397,28121255,0.0205882,0.025693,0.01163,0.197111,0.0,0.0,0.0,-1.0
28225420,28225285,0.0233639,0.0276021,-0.00101633,0.199369,0.0,0.0,0.0,-1.0
28326188,28326033,0.0209578,0.0357062,-0.00355417,0.227663,0.0,0.0,0.0,-1.0
28426979,28426841,0.0215516,0.0327361,0.00412186,0.230783,0.0,0.0,0.0,-1.0
28527778,28527640,0.015408,0.0114825,0.0266099,0.230765,0.0,0.0,0.0,-1.0
28628591,28628445,0.0188548,0.0160151,0.0338326,0.230765,0.0,0.0,0.0,-1.0
28729393,28729257,0.0179812,0.0259866,0.0208345,0.230765,0.0,0.0,0.0,-1.0
28834186,28834043,0.0225019,0.0462431,0.00147685,0.230765,0.0,0.0,0.0,-1.0
28934990,28934839,0.0403208,0.0448663,0.0049031,0.230765,0.0,0.0,0.0,-1.0
29035789,29035640,0.0447641,0.0174833,0.0226048,0.230765,0.0,0.0,0.0,-1.0
29135788,29135646,0.0229801,-0.0106653,0.0298753,0.230765,0.0,0.0,0.0,-1.0
29236581,29236439,-0.00551159,-0.0104558,0.015062,0.230765,0.0,0.0,0.0,-1.0
29341378,29341241,0.000703282,-0.0122886,-0.000870216,0.230765,0.0,0.0,0.0,-1.0
29442183,29442040,0.00326519,0.00214842,0.0208838,0.230765,0.0,0.0,0.0,-1.0
29542976,29542839,0.0259173,0.00150996,0.0691763,0.230765,0.0,0.0,0.0,-1.0
29643782,29643640,0.0584,0.0308204,0.05878,0.231948,0.0,0.0,0.0,-1.0
29744571,29744433,0.0849084,0.0544021,0.0540479,0.231926,0.0,0.0,0.0,-1.0
29849404,29849268,0.0990968,0.0450172,0.0596987,0.232166,0.0,0.0,0.0,-1.0
29950191,29950043,0.081447,0.0112627,0.0523098,0.23875,0.0,0.0,0.0,-1.0
30050987,30050845,0.030903,-0.0224187,0.0479752,0.237735,0.0,0.0,0.0,-1.0
30151012,30150860,0.00943978,-0.0320627,0.0447292,0.237728,0.0,0.0,0.0,-1.0
30251786,30251640,0.0226282,-0.0246913,0.0369099,0.239823,0.0,0.0,0.0,-1.0
30356569,30356432,0.0459099,-0.0211753,0.0277914,0.268519,0.0,0.0,0.0,-1.0
30457409,30457272,0.0502105,-0.0226178,0.0196216,0.267911,0.0,0.0,0.0,-1.0
30558185,30558043,0.0306333,-0.0201736,0.0207594,0.267901,0.0,0.0,0.0,-1.0
30658981,30658843,0.0278343,-0.00876287,0.0235838,0.269517,0.0,0.0,0.0,-1.0
30759781,30759641,0.0404457,0.0194422,0.00842427,0.27046,0.0,0.0,0.0,-1.0
30860584,30860440,0.0523806,0.0222339,0.013923,0.271621,0.0,0.0,0.0,-1.0
30965407,30965265,0.0515923,-0.00858967,0.0282514,0.273695,0.0,0.0,0.0,-1.0
31065405,31065267,0.0148515,-0.049223,0.0293563,0.291365,0.0,0.0,0.0,-1.0
31166971,31166833,-0.0225784,-0.0624955,0.0390522,0.307792,0.0,0.0,0.0,-1.0
31266979,31266837,-0.0298273,-0.0572105,0.0444475,0.308521,0.0,0.0,0.0,-1.0
31371783,31371642,-0.0374397,-0.0272469,0.102055,0.308519,0.0,0.0,0.0,-1.0
31472570,31472432,-0.00479901,-0.00991291,0.11154,0.308519,0.0,0.0,0.0,-1.0
31573389,31573248,0.0491886,0.00955534,0.0849435,0.308519,0.0,0.0,0.0,-1.0
31674182,31674041,0.0964263,0.0168688,0.0429695,0.308519,0.0,0.0,0.0,-1.0
31774987,31774847,0.0956647,-0.00434902,0.0543426,0.307335,0.0,0.0,0.0,-1.0
31875784,31875637,0.0406271,-0.00940417,0.0836746,0.303902,0.0,0.0,0.0,-1.0
31980593,31980441,0.00250042,0.0165207,0.0626408,0.304116,0.0,0.0,0.0,-1.0
32080582,32080441,0.0104305,0.0222298,0.0335347,0.305029,0.0,0.0,0.0,-1.0
32181393,32181254,0.0294519,0.00311732,0.017365,0.307468,0.0,0.0,0.0,-1.0
32282209,32282047,0.0281623,-0.0307132,0.0519442,0.310529,0.0,0.0,0.0,-1.0
32382979,32382840,-0.00679059,-0.0128093,0.0992412,0.317879,0.0,0.0,0.0,-1.0
32487777,32487637,0.00975349,-0.00959664,0.0654993,0.375102,0.0,0.0,0.0,-1.0
32588595,32588441,0.0179894,0.00316422,0.0426899,0.388835,0.0,0.0,0.0,-1.0
32689401,32689262,0.00062606,0.0159727,0.0711095,0.388409,0.0,0.0,0.0,-1.0
32790185,32790042,-0.0144868,0.0251199,0.0890587,0.387441,0.0,0.0,0.0,-1.0
32890972,32890829,-0.00414043,0.0440603,0.0998565,0.387432,0.0,0.0,0.0,-1.0
32994981,32994842,-0.00987838,0.104782,0.111681,0.387432,0.0,0.0,0.0,-1.0
33095779,33095641,-0.000227916,0.0931889,0.115988,0.387432,0.0,0.0,0.0,-1.0
33196569,33196432,-0.0205727,0.0667492,0.134074,0.38868,0.0,0.0,0.0,-1.0
33297387,33297250,-0.0338867,0.0575846,0.123636,0.390927,0.0,0.0,0.0,-1.0
33398180,33398040,-0.0407727,0.0724307,0.0894633,0.42146,0.0,0.0,0.0,-1.0
33502980,33502844,-0.039187,0.0720459,0.0706239,0.42738,0.0,0.0,0.0,-1.0
33603785,33603644,-0.0270937,0.0721319,0.0799195,0.430361,0.0,0.0,0.0,-1.0
33704584,33704440,-0.0049932,0.087378,0.0861857,0.442733,0.0,0.0,0.0,-1.0
33805399,33805262,0.0175876,0.0910779,0.0984615,0.465111,0.0,0.0,0.0,-1.0
33906201,33906048,0.038521,0.0787295,0.112275,0.465185,0.0,0.0,0.0,-1.0
34006979,34006842,0.0453978,0.0788057,0.11185,0.465185,0.0,0.0,0.0,-1.0
34111002,34110856,0.0490816,0.0751054,0.116921,0.465185,0.0,0.0,0.0,-1.0
34211781,34211643,0.0740694,0.0773016,0.128097,0.465185,0.0,0.0,0.0,-1.0
34312605,34312441,0.1217,0.0763678,0.124276,0.465185,0.0,0.0,0.0,-1.0
34413407,34413269,0.159964,0.0609024,0.103876,0.465185,0.0,0.0,0.0,-1.0
34518189,34518047,0.204051,-0.0218527,0.0978299,0.465185,0.0,0.0,0.0,-1.0
34619006,34618853,0.176059,-0.0666024,0.12362,0.465185,0.0,0.0,0.0,-1.0
34719780,34719642,0.123971,-0.0767159,0.139688,0.465185,0.0,0.0,0.0,-1.0
34820589,34820442,0.106706,-0.092225,0.140625,0.465185,0.0,0.0,0.0,-1.0
34921393,34921255,0.0760613,-0.0800534,0.126151,0.465185,0.0,0.0,0.0,-1.0
35025399,35025261,0.0663298,-0.0809915,0.133642,0.464027,0.0,0.0,0.0,-1.0
35126217,35126061,0.0662917,-0.0610345,0.150099,0.465207,0.0,0.0,0.0,-1.0
35226987,35226846,0.0912067,-0.0402079,0.159555,0.465185,0.0,0.0,0.0,-1.0
35327782,35327643,0.119014,-0.0156867,0.172506,0.465185,0.0,0.0,0.0,-1.0
35428589,35428440,0.129169,-0.0026727,0.186173,0.465185,0.0,0.0,0.0,-1.0
35533411,35533275,0.138911,-0.00819563,0.217981,0.465185,0.0,0.0,0.0,-1.0
35634179,35634033,0.141642,-0.00924819,0.215204,0.465185,0.0,0.0,0.0,-1.0
35734982,35734843,0.140388,-0.0197516,0.206346,0.465185,0.0,0.0,0.0,-1.0
35835781,35835642,0.134935,-0.0474224,0.187113,0.463218,0.0,0.0,0.0,-1.0
35935799,35935650,0.123207,-0.0667361,0.175095,0.46516,0.0,0.0,0.0,-1.0
36036586,36036441,0.100792,-0.0754243,0.182128,0.465185,0.0,0.0,0.0,-1.0
36141392,36141254,0.0927473,-0.06932,0.189781,0.464132,0.0,0.0,0.0,-1.0
36242195,36242046,0.103623,-0.042273,0.17983,0.465177,0.0,0.0,0.0,-1.0
36342971,36342833,0.125513,-0.0167641,0.192878,0.465185,0.0,0.0,0.0,-1.0
36443795,36443651,0.156163,-0.00342343,0.169662,0.465185,0.0,0.0,0.0,-1.0
36544584,36544440,0.185233,-0.0209942,0.071877,0.465185,0.0,0.0,0.0,-1.0
36649405,36649251,0.177515,-0.0442933,0.125228,0.465185,0.0,0.0,0.0,-1.0
36851017,36850865,0.14683,-0.042407,0.167817,0.461567,0.0,0.0,0.0,-1.0
36950987,36950845,0.155932,-0.0355672,0.14799,0.461702,0.0,0.0,0.0,-1.0
37055787,37055641,0.163383,-0.0283963,0.151234,0.461704,0.0,0.0,0.0,-1.0
37156580,37156440,0.170763,-0.02659,0.205241,0.461704,0.0,0.0,0.0,-1.0
37257390,37257253,0.19035,-0.0157606,0.226782,0.461704,0.0,0.0,0.0,-1.0
37358176,37358033,0.216594,-0.00692833,0.207255,0.461704,0.0,0.0,0.0,-1.0
37458982,37458843,0.218591,-0.00151141,0.19541,0.461704,0.0,0.0,0.0,-1.0
37559795,37559650,0.207837,-0.00437192,0.175958,0.461704,0.0,0.0,0.0,-1.0
37664569,37664432,0.191947,-0.012045,0.146298,0.461704,0.0,0.0,0.0,-1.0
37765433,37765268,0.185922,-0.0236848,0.145602,0.464364,0.0,0.0,0.0,-1.0
37865403,37865266,0.19563,-0.0167656,0.108018,0.464946,0.0,0.0,0.0,-1.0
37966180,37966033,0.206617,-0.0180982,0.100073,0.460787,0.0,0.0,0.0,-1.0
38066989,38066843,0.209662,-0.0238367,0.172315,0.460544,0.0,0.0,0.0,-1.0
38171784,38171640,0.212603,-0.0329471,0.250799,0.460543,0.0,0.0,0.0,-1.0
38272609,38272446,0.207839,-0.0443183,0.354408,0.458085,0.0,0.0,0.0,-1.0
38373386,38373248,0.18653,-0.0470238,0.466127,0.458701,0.0,0.0,0.0,-1.0
38474190,38474042,0.19186,-0.0496212,0.559579,0.464073,0.0,0.0,0.0,-1.0
38574984,38574839,0.212363,-0.0308808,0.578915,0.467506,0.0,0.0,0.0,-1.0
38679788,38679642,0.235737,-0.0246143,0.58245,0.465201,0.0,0.0,0.0,-1.0
38780593,38780444,0.251572,-0.0243169,0.579567,0.465185,0.0,0.0,0.0,-1.0
38880585,38880443,0.258133,-0.0174965,0.529047,0.465185,0.0,0.0,0.0,-1.0
38981368,38981231,0.255259,-0.0204208,0.523891,0.465185,0.0,0.0,0.0,-1.0
39082195,39082042,0.242218,-0.0242256,0.519508,0.464466,0.0,0.0,0.0,-1.0
39186980,39186842,0.232857,-0.0300112,0.522128,0.459576,0.0,0.0,0.0,-1.0
39287809,39287667,0.23277,-0.0304598,0.488487,0.461783,0.0,0.0,0.0,-1.0
39388583,39388435,0.236021,-0.0368393,0.478684,0.462183,0.0,0.0,0.0,-1.0
39489362,39489224,0.235158,-0.0414703,0.463845,0.465175,0.0,0.0,0.0,-1.0
39590234,39590066,0.228308,-0.0415463,0.469695,0.464034,0.0,0.0,0.0,-1.0
39690979,39690841,0.222676,-0.0359525,0.471289,0.465208,0.0,0.0,0.0,-1.0
39794995,39794848,0.221393,-0.030034,0.470077,0.464377,0.0,0.0,0.0,-1.0
39895789,39895645,0.219248,-0.0261314,0.484097,0.464024,0.0,0.0,0.0,-1.0
39996591,39996443,0.221409,-0.0288473,0.490623,0.465178,0.0,0.0,0.0,-1.0
40097390,40097256,0.223326,-0.0318053,0.470936,0.464273,0.0,0.0,0.0,-1.0
40202182,40202040,0.220548,-0.0354094,0.449116,0.464376,0.0,0.0,0.0,-1.0
40302986,40302844,0.214857,-0.0399529,0.438806,0.465207,0.0,0.0,0.0,-1.0
40403783,40403645,0.207967,-0.0459958,0.44467,0.463937,0.0,0.0,0.0,-1.0
40504597,40504433,0.208319,-0.0551829,0.440783,0.464024,0.0,0.0,0.0,-1.0
40605403,40605266,0.21017,-0.0621498,0.436629,0.465208,0.0,0.0,0.0,-1.0
40705372,40705227,0.21311,-0.0647621,0.432129,0.465185,0.0,0.0,0.0,-1.0
40810988,40810848,0.223352,-0.0605145,0.418459,0.465185,0.0,0.0,0.0,-1.0
40910982,40910843,0.227131,-0.0556059,0.414241,0.465185,0.0,0.0,0.0,-1.0
41011786,41011648,0.216735,-0.0509176,0.430313,0.463975,0.0,0.0,0.0,-1.0
41112590,41112442,0.217594,-0.064962,0.435684,0.465207,0.0,0.0,0.0,-1.0
41217415,41217277,0.215923,-0.0702202,0.403084,0.464377,0.0,0.0,0.0,-1.0
41318186,41318043,0.204728,-0.0736601,0.390229,0.464024,0.0,0.0,0.0,-1.0
41418983,41418844,0.205297,-0.081577,0.398981,0.46396,0.0,0.0,0.0,-1.0
41519779,41519634,0.210092,-0.0877398,0.37628,0.464025,0.0,0.0,0.0,-1.0
41620583,41620439,0.203585,-0.0932291,0.385436,0.464025,0.0,0.0,0.0,-1.0
41724584,41724441,0.187779,-0.0983893,0.433755,0.464025,0.0,0.0,0.0,-1.0
41825394,41825255,0.178088,-0.0950042,0.492191,0.462977,0.0,0.0,0.0,-1.0
41926184,41926041,0.196427,-0.0858432,0.48354,0.461704,0.0,0.0,0.0,-1.0
42026984,42026846,0.220542,-0.0731794,0.434913,0.461704,0.0,0.0,0.0,-1.0
42127783,42127642,0.221536,-0.0740056,0.381635,0.467944,0.0,0.0,0.0,-1.0
42228589,42228440,0.212085,-0.0863538,0.306795,0.467506,0.0,0.0,0.0,-1.0
42333388,42333251,0.201656,-0.0876867,0.289397,0.464963,0.0,0.0,0.0,-1.0
42434199,42434045,0.205505,-0.082593,0.325874,0.460384,0.0,0.0,0.0,-1.0
42534983,42534845,0.226635,-0.0690728,0.334806,0.460541,0.0,0.0,0.0,-1.0
42634987,42634842,0.248671,-0.0556457,0.310198,0.461791,0.0,0.0,0.0,-1.0
42739780,42739644,0.256984,-0.0476867,0.256255,0.465135,0.0,0.0,0.0,-1.0
42840597,42840445,0.25456,-0.0501141,0.24523,0.463973,0.0,0.0,0.0,-1.0
42941384,42941242,0.25379,-0.0530796,0.232617,0.461689,0.0,0.0,0.0,-1.0
43042183,43042041,0.261095,-0.0519672,0.184801,0.461989,0.0,0.0,0.0,-1.0
43143001,43142849,0.264221,-0.0498818,0.118938,0.465194,0.0,0.0,0.0,-1.0
43243789,43243644,0.26453,-0.045088,0.107887,0.465185,0.0,0.0,0.0,-1.0
43348584,43348432,0.275637,-0.0362168,0.0590323,0.459343,0.0,0.0,0.0,-1.0
43449411,43449258,0.28566,-0.0494166,0.0970975,0.458222,0.0,0.0,0.0,-1.0
43549399,43549263,0.266891,-0.0545821,0.0945591,0.460718,0.0,0.0,0.0,-1.0
43650180,43650033,0.252733,-0.0772887,0.0485577,0.461696,0.0,0.0,0.0,-1.0
43750985,43750843,0.244028,-0.0935083,-0.00903766,0.465345,0.0,0.0,0.0,-1.0
43855785,43855645,0.231652,-0.103427,-0.0159232,0.46375,0.0,0.0,0.0,-1.0
44665416,44665255,0.27125,-0.0730627,-0.0361277,0.461814,0.0,0.0,0.0,-1.0
44766195,44766040,0.27053,-0.0785714,-0.0497037,0.465286,0.0,0.0,0.0,-1.0
44870983,44870843,0.27371,-0.0772495,-0.0655646,0.465185,0.0,0.0,0.0,-1.0
44971786,44971643,0.277054,-0.08195,-0.0700167,0.465185,0.0,0.0,0.0,-1.0
45072579,45072433,0.27583,-0.0901637,-0.0850532,0.465185,0.0,0.0,0.0,-1.0
45173410,45173269,0.27414,-0.101397,-0.0957331,0.465185,0.0,0.0,0.0,-1.0
45274187,45274042,0.271522,-0.109516,-0.11627,0.465185,0.0,0.0,0.0,-1.0
45374996,45374843,0.261825,-0.119111,-0.126621,0.465185,0.0,0.0,0.0,-1.0
45479776,45479639,0.252189,-0.127908,-0.12943,0.465185,0.0,0.0,0.0,-1.0
45579788,45579645,0.254317,-0.127364,-0.156092,0.465185,0.0,0.0,0.0,-1.0
45680593,45680443,0.262652,-0.123582,-0.153437,0.465185,0.0,0.0,0.0,-1.0
45781375,45781239,0.268566,-0.136094,-0.119283,0.465185,0.0,0.0,0.0,-1.0
45886228,45886081,0.263936,-0.138184,-0.0720508,0.467644,0.0,0.0,0.0,-1.0
45986981,45986842,0.260362,-0.147977,-0.0523513,0.467507,0.0,0.0,0.0,-1.0
46087771,46087633,0.259691,-0.162884,-0.0496504,0.467506,0.0,0.0,0.0,-1.0
46188585,46188440,0.246886,-0.16533,-0.0511674,0.467506,0.0,0.0,0.0,-1.0
46289388,46289250,0.231433,-0.173777,-0.0280261,0.467506,0.0,0.0,0.0,-1.0
46390197,46390043,0.229651,-0.186802,0.0110403,0.467506,0.0,0.0,0.0,-1.0
46495000,46494833,0.231517,-0.189024,-0.00224907,0.467506,0.0,0.0,0.0,-1.0
46594977,46594839,0.201137,-0.187905,-0.0124993,0.467506,0.0,0.0,0.0,-1.0
46695787,46695648,0.172636,-0.211185,0.0392575,0.467506,0.0,0.0,0.0,-1.0
46796584,46796450,0.161272,-0.220677,0.0462446,0.467506,0.0,0.0,0.0,-1.0
46901425,46901271,0.168455,-0.224858,0.0615226,0.465085,0.0,0.0,0.0,-1.0
47002182,47002041,0.193711,-0.219821,0.112202,0.463973,0.0,0.0,0.0,-1.0
47102981,47102845,0.227179,-0.209687,0.147575,0.46148,0.0,0.0,0.0,-1.0
47203770,47203632,0.253978,-0.186964,0.181096,0.460544,0.0,0.0,0.0,-1.0
47304596,47304441,0.269592,-0.192018,0.223869,0.460543,0.0,0.0,0.0,-1.0
47405418,47405282,0.258043,-0.200277,0.217399,0.460543,0.0,0.0,0.0,-1.0
47509382,47509242,0.243158,-0.228211,0.217214,0.460543,0.0,0.0,0.0,-1.0
47610217,47610042,0.227872,-0.24467,0.248016,0.460543,0.0,0.0,0.0,-1.0
47710977,47710847,0.240751,-0.246702,0.211552,0.460543,0.0,0.0,0.0,-1.0
47811785,47811646,0.245207,-0.235367,0.168442,0.460543,0.0,0.0,0.0,-1.0
47912570,47912433,0.236578,-0.254642,0.177596,0.460543,0.0,0.0,0.0,-1.0
48017385,48017249,0.219578,-0.270993,0.22075,0.460543,0.0,0.0,0.0,-1.0
48118184,48118041,0.227987,-0.273049,0.219924,0.460543,0.0,0.0,0.0,-1.0
48218994,48218847,0.233597,-0.26763,0.219837,0.460543,0.0,0.0,0.0,-1.0
48319783,48319645,0.246417,-0.284489,0.25279,0.460543,0.0,0.0,0.0,-1.0
48423780,48423643,0.261881,-0.286517,0.25929,0.460543,0.0,0.0,0.0,-1.0
48524586,48524445,0.265965,-0.285381,0.261268,0.460543,0.0,0.0,0.0,-1.0
48625392,48625252,0.261229,-0.297019,0.272023,0.460543,0.0,0.0,0.0,-1.0
48726182,48726041,0.246798,-0.298102,0.297273,0.460543,0.0,0.0,0.0,-1.0
48826986,48826842,0.247128,-0.288613,0.317815,0.460783,0.0,0.0,0.0,-1.0
48927790,48927644,0.250494,-0.271232,0.322337,0.460888,0.0,0.0,0.0,-1.0
49032582,49032439,0.255811,-0.269587,0.348896,0.460542,0.0,0.0,0.0,-1.0
49133403,49133269,0.259348,-0.275834,0.353794,0.460543,0.0,0.0,0.0,-1.0
49234194,49234042,0.247344,-0.278904,0.367155,0.460543,0.0,0.0,0.0,-1.0
49334991,49334846,0.237817,-0.282756,0.372975,0.460543,0.0,0.0,0.0,-1.0
49434989,49434844,0.233767,-0.28628,0.370609,0.460543,0.0,0.0,0.0,-1.0
49539778,49539639,0.230541,-0.290053,0.37159,0.460543,0.0,0.0,0.0,-1.0
49640616,49640471,0.234736,-0.294877,0.378208,0.460543,0.0,0.0,0.0,-1.0
49741389,49741250,0.231365,-0.286066,0.381876,0.460543,0.0,0.0,0.0,-1.0
49842186,49842041,0.226808,-0.294256,0.395915,0.460543,0.0,0.0,0.0,-1.0
49942979,49942838,0.220679,-0.31462,0.385372,0.460543,0.0,0.0,0.0,-1.0
50047779,50047632,0.211883,-0.317436,0.363041,0.460543,0.0,0.0,0.0,-1.0
50148586,50148441,0.208918,-0.301292,0.349509,0.460543,0.0,0.0,0.0,-1.0
50249425,50249258,0.220034,-0.271053,0.354415,0.460543,0.0,0.0,0.0,-1.0
50349396,50349254,0.23983,-0.252437,0.358571,0.460543,0.0,0.0,0.0,-1.0
50450185,50450033,0.263922,-0.255116,0.361619,0.460543,0.0,0.0,0.0,-1.0
50554997,50554841,0.265507,-0.265589,0.325696,0.460543,0.0,0.0,0.0,-1.0
50655777,50655639,0.241854,-0.272866,0.249361,0.460543,0.0,0.0,0.0,-1.0
50756584,50756441,0.209718,-0.283745,0.273387,0.460543,0.0,0.0,0.0,-1.0
50857395,50857252,0.194904,-0.287431,0.28567,0.460543,0.0,0.0,0.0,-1.0
50958197,50958054,0.19556,-0.289576,0.281894,0.460543,0.0,0.0,0.0,-1.0
51058984,51058843,0.202517,-0.285744,0.292971,0.460543,0.0,0.0,0.0,-1.0
51163787,51163645,0.22071,-0.281619,0.281879,0.460543,0.0,0.0,0.0,-1.0
51263780,51263641,0.249382,-0.283959,0.111563,0.460543,0.0,0.0,0.0,-1.0
51364588,51364440,0.256709,-0.278594,0.0652143,0.458525,0.0,0.0,0.0,-1.0
51465413,51465277,0.25973,-0.279616,0.0647167,0.458221,0.0,0.0,0.0,-1.0
51570197,51570043,0.283664,-0.270695,0.00356129,0.457071,0.0,0.0,0.0,-1.0
51670982,51670841,0.296911,-0.249215,-0.0821736,0.457062,0.0,0.0,0.0,-1.0
51771771,51771640,0.29663,-0.247357,-0.136001,0.454757,0.0,0.0,0.0,-1.0
51872580,51872445,0.293328,-0.248194,-0.159549,0.454741,0.0,0.0,0.0,-1.0
51973392,51973244,0.281297,-0.249229,-0.171253,0.460793,0.0,0.0,0.0,-1.0
52074200,52074051,0.277035,-0.257561,-0.0180386,0.461729,0.0,0.0,0.0,-1.0
52178984,52178842,0.280028,-0.271912,-0.0757329,0.461464,0.0,0.0,0.0,-1.0
52278971,52278833,0.262077,-0.280252,-0.0226376,0.461755,0.0,0.0,0.0,-1.0
52379794,52379652,0.250905,-0.278136,-0.00858473,0.461704,0.0,0.0,0.0,-1.0
52480587,52480441,0.256252,-0.303275,-0.037901,0.461138,0.0,0.0,0.0,-1.0
52585383,52585247,0.253329,-0.315793,-0.0559781,0.462838,0.0,0.0,0.0,-1.0
52686184,52686042,0.258166,-0.312019,-0.077885,0.461717,0.0,0.0,0.0,-1.0
52786985,52786844,0.257623,-0.311014,-0.0639205,0.461704,0.0,0.0,0.0,-1.0
52887778,52887639,0.255871,-0.304631,-0.0499087,0.461704,0.0,0.0,0.0,-1.0
52988590,52988448,0.261956,-0.29734,-0.0591031,0.461704,0.0,0.0,0.0,-1.0
53089411,53089268,0.263386,-0.296309,-0.0622321,0.461704,0.0,0.0,0.0,-1.0
53193371,53193224,0.260816,-0.308465,-0.0530784,0.460558,0.0,0.0,0.0,-1.0
53294199,53294044,0.257169,-0.322268,-0.0414972,0.461696,0.0,0.0,0.0,-1.0
53394979,53394842,0.252804,-0.329496,-0.0366179,0.461704,0.0,0.0,0.0,-1.0
53495780,53495641,0.245988,-0.349928,-0.0344018,0.461704,0.0,0.0,0.0,-1.0
53596582,53596440,0.238543,-0.347713,-0.0517994,0.461704,0.0,0.0,0.0,-1.0
53701387,53701249,0.243152,-0.356256,-0.0703795,0.461704,0.0,0.0,0.0,-1.0
53802189,53802046,0.253387,-0.36956,-0.0761617,0.461574,0.0,0.0,0.0,-1.0
53902975,53902839,0.285206,-0.40218,-0.0670395,0.460455,0.0,0.0,0.0,-1.0
54003774,54003637,0.28475,-0.414491,-0.0528885,0.460543,0.0,0.0,0.0,-1.0
54107798,54107651,0.302522,-0.437909,-0.0567477,0.463767,0.0,0.0,0.0,-1.0
54208582,54208438,0.320694,-0.428406,-0.0871251,0.460519,0.0,0.0,0.0,-1.0
54309414,54309258,0.337854,-0.406964,-0.13613,0.464191,0.0,0.0,0.0,-1.0
54410192,54410044,0.357486,-0.390726,-0.149149,0.461716,0.0,0.0,0.0,-1.0
54510998,54510842,0.3643,-0.362108,-0.196453,0.461704,0.0,0.0,0.0,-1.0
54611788,54611640,0.368641,-0.345347,-0.209584,0.461704,0.0,0.0,0.0,-1.0
54716587,54716444,0.351896,-0.366167,-0.25624,0.461704,0.0,0.0,0.0,-1.0
54817380,54817243,0.355242,-0.307541,-0.259834,0.461704,0.0,0.0,0.0,-1.0
54918188,54918040,0.362011,-0.287464,-0.199167,0.461704,0.0,0.0,0.0,-1.0
55018990,55018843,0.358507,-0.260007,-0.184359,0.461704,0.0,0.0,0.0,-1.0
55118984,55118846,0.360577,-0.255713,-0.188029,0.460493,0.0,0.0,0.0,-1.0
55223792,55223652,0.343353,-0.22041,-0.22135,0.460782,0.0,0.0,0.0,-1.0
55324584,55324441,0.35149,-0.18433,-0.210127,0.461703,0.0,0.0,0.0,-1.0
55425401,55425264,0.360818,-0.178718,-0.210397,0.460521,0.0,0.0,0.0,-1.0
55526186,55526037,0.384234,-0.259412,-0.236759,0.460543,0.0,0.0,0.0,-1.0
55626992,55626844,0.337796,-0.300402,-0.200477,0.464242,0.0,0.0,0.0,-1.0
55731778,55731640,0.32092,-0.328772,-0.162058,0.461714,0.0,0.0,0.0,-1.0
55832583,55832440,0.343853,-0.336427,-0.150334,0.461704,0.0,0.0,0.0,-1.0
55933378,55933241,0.363809,-0.318063,-0.160742,0.461704,0.0,0.0,0.0,-1.0
56033399,56033260,0.368935,-0.283581,-0.124641,0.461704,0.0,0.0,0.0,-1.0
56134184,56134041,0.388562,-0.250346,-0.120484,0.461704,0.0,0.0,0.0,-1.0
56238989,56238833,0.39964,-0.241332,-0.134134,0.461704,0.0,0.0,0.0,-1.0
56339783,56339645,0.393607,-0.236384,-0.156468,0.461704,0.0,0.0,0.0,-1.0
56440585,56440441,0.375045,-0.232401,-0.181027,0.461704,0.0,0.0,0.0,-1.0
56541394,56541257,0.347098,-0.250452,-0.192419,0.461704,0.0,0.0,0.0,-1.0
56642176,56642033,0.341304,-0.244637,-0.196546,0.462902,0.0,0.0,0.0,-1.0
56742987,56742845,0.333511,-0.230538,-0.188134,0.460553,0.0,0.0,0.0,-1.0
56847798,56847650,0.329145,-0.21563,-0.186245,0.460581,0.0,0.0,0.0,-1.0
56947770,56947631,0.326481,-0.198811,-0.17105,0.46135,0.0,0.0,0.0,-1.0
57048589,57048441,0.323336,-0.187182,-0.175177,0.461665,0.0,0.0,0.0,-1.0
57149405,57149268,0.321344,-0.179311,-0.191409,0.461465,0.0,0.0,0.0,-1.0
57254186,57254044,0.318479,-0.168671,-0.213305,0.461755,0.0,0.0,0.0,-1.0
57354971,57354833,0.317192,-0.174274,-0.212203,0.460456,0.0,0.0,0.0,-1.0
57455780,57455640,0.306162,-0.161852,-0.18248,0.461791,0.0,0.0,0.0,-1.0
57556584,57556440,0.306065,-0.176126,-0.169555,0.461704,0.0,0.0,0.0,-1.0
57657413,57657266,0.313782,-0.17401,-0.133352,0.461704,0.0,0.0,0.0,-1.0
57758181,57758033,0.322268,-0.139804,-0.0969627,0.461704,0.0,0.0,0.0,-1.0
57862995,57862854,0.335667,-0.126388,-0.0584836,0.460493,0.0,0.0,0.0,-1.0
57962977,57962840,0.353459,-0.113065,-0.0205669,0.461725,0.0,0.0,0.0,-1.0
58063771,58063632,0.375107,-0.112431,-0.0135839,0.461704,0.0,0.0,0.0,-1.0
58164587,58164441,0.385702,-0.140322,0.0103699,0.461704,0.0,0.0,0.0,-1.0
58269410,58269273,0.391903,-0.187531,0.0204291,0.461704,0.0,0.0,0.0,-1.0
58370184,58370043,0.407693,-0.232531,0.0143407,0.461704,0.0,0.0,0.0,-1.0
58470991,58470848,0.397281,-0.231365,0.0245971,0.460456,0.0,0.0,0.0,-1.0
58571785,58571647,0.383589,-0.27193,0.00570133,0.460543,0.0,0.0,0.0,-1.0
58672601,58672442,0.387433,-0.276046,0.00070031,0.460543,0.0,0.0,0.0,-1.0
58773404,58773269,0.389636,-0.318397,-0.0186016,0.460543,0.0,0.0,0.0,-1.0
58877393,58877255,0.383205,-0.343927,-0.0383169,0.460543,0.0,0.0,0.0,-1.0
58978206,58978043,0.392147,-0.362671,-0.107359,0.460543,0.0,0.0,0.0,-1.0
59078985,59078847,0.364328,-0.353287,-0.134598,0.461696,0.0,0.0,0.0,-1.0
59179780,59179634,0.355125,-0.379646,-0.155511,0.461704,0.0,0.0,0.0,-1.0
59280606,59280443,0.339251,-0.378591,-0.146749,0.461704,0.0,0.0,0.0,-1.0
59385375,59385229,0.336221,-0.358245,-0.142971,0.461704,0.0,0.0,0.0,-1.0
59486176,59486033,0.360412,-0.367364,-0.139809,0.461704,0.0,0.0,0.0,-1.0
59586980,59586842,0.370713,-0.391144,-0.113023,0.461704,0.0,0.0,0.0,-1.0
59687778,59687640,0.362687,-0.435804,-0.0731075,0.460552,0.0,0.0,0.0,-1.0
59787780,59787641,0.323239,-0.423644,-0.0466559,0.460543,0.0,0.0,0.0,-1.0
59892590,59892440,0.317091,-0.44166,-0.0407162,0.460543,0.0,0.0,0.0,-1.0
59993400,59993252,0.316835,-0.465054,-0.0481311,0.460543,0.0,0.0,0.0,-1.0
60094187,60094039,0.298176,-0.464403,-0.0407675,0.460543,0.0,0.0,0.0,-1.0
60194994,60194849,0.282446,-0.423993,-0.0448455,0.461351,0.0,0.0,0.0,-1.0
60295787,60295640,0.287053,-0.384077,-0.058336,0.461703,0.0,0.0,0.0,-1.0
60400590,60400441,0.311902,-0.356899,-0.0735424,0.461704,0.0,0.0,0.0,-1.0
60501397,60501257,0.329631,-0.327002,-0.0988262,0.461704,0.0,0.0,0.0,-1.0
60602180,60602032,0.337992,-0.304451,-0.113283,0.461704,0.0,0.0,0.0,-1.0
60702989,60702842,0.355095,-0.278844,-0.108227,0.461704,0.0,0.0,0.0,-1.0
60802980,60802843,0.374584,-0.267992,-0.148329,0.461704,0.0,0.0,0.0,-1.0
60907771,60907632,0.394849,-0.270318,-0.137597,0.461704,0.0,0.0,0.0,-1.0
61008584,61008442,0.38822,-0.256483,-0.111232,0.460896,0.0,0.0,0.0,-1.0
61109388,61109249,0.387597,-0.260288,-0.109183,0.460544,0.0,0.0,0.0,-1.0
61210186,61210042,0.388098,-0.268096,-0.126918,0.460543,0.0,0.0,0.0,-1.0
61310974,61310829,0.379033,-0.270792,-0.122899,0.460543,0.0,0.0,0.0,-1.0
61415786,61415641,0.343485,-0.271099,-0.123478,0.460543,0.0,0.0,0.0,-1.0
61516583,61516441,0.329131,-0.268335,-0.111539,0.460543,0.0,0.0,0.0,-1.0
61617401,61617258,0.332759,-0.257173,-0.1153,0.460543,0.0,0.0,0.0,-1.0
61717403,61717264,0.381427,-0.255672,-0.123893,0.460543,0.0,0.0,0.0,-1.0
61818184,61818041,0.403843,-0.239708,-0.11241,0.461982,0.0,0.0,0.0,-1.0
61922987,61922847,0.409635,-0.223388,-0.108131,0.461735,0.0,0.0,0.0,-1.0
62023797,62023652,0.429614,-0.216118,-0.133542,0.461704,0.0,0.0,0.0,-1.0
62124600,62124455,0.422384,-0.193689,-0.163563,0.461704,0.0,0.0,0.0,-1.0
62225398,62225261,0.404578,-0.187488,-0.172029,0.461704,0.0,0.0,0.0,-1.0
62326186,62326045,0.391796,-0.177561,-0.19483,0.461704,0.0,0.0,0.0,-1.0
62426978,62426835,0.393413,-0.183081,-0.238776,0.461704,0.0,0.0,0.0,-1.0
62531779,62531641,0.370996,-0.170591,-0.223741,0.461704,0.0,0.0,0.0,-1.0
62631781,62631643,0.352055,-0.169501,-0.17827,0.461704,0.0,0.0,0.0,-1.0
62732571,62732432,0.355037,-0.163116,-0.153524,0.461704,0.0,0.0,0.0,-1.0
62833408,62833271,0.375021,-0.144305,-0.138054,0.461704,0.0,0.0,0.0,-1.0
62938187,62938041,0.374938,-0.123353,-0.0956429,0.461704,0.0,0.0,0.0,-1.0
63038984,63038848,0.376858,-0.133506,-0.0491972,0.461704,0.0,0.0,0.0,-1.0
63139791,63139652,0.406519,-0.143995,-0.0452378,0.464544,0.0,0.0,0.0,-1.0
63240590,63240439,0.456365,-0.166201,-0.0497801,0.461715,0.0,0.0,0.0,-1.0
63341397,63341258,0.427986,-0.166196,-0.0488711,0.460493,0.0,0.0,0.0,-1.0
63442189,63442047,0.382561,-0.183701,-0.047434,0.460542,0.0,0.0,0.0,-1.0
63546983,63546843,0.370978,-0.185122,-0.0280671,0.460543,0.0,0.0,0.0,-1.0
63646988,63646848,0.394565,-0.184562,-0.0252558,0.460543,0.0,0.0,0.0,-1.0
63747800,63747658,0.381788,-0.200637,-0.0706486,0.460543,0.0,0.0,0.0,-1.0
63848572,63848433,0.344989,-0.225994,-0.0189936,0.460543,0.0,0.0,0.0,-1.0
63953409,63953268,0.298998,-0.210287,0.0268898,0.460543,0.0,0.0,0.0,-1.0
64054183,64054041,0.326287,-0.210957,-0.00346372,0.460543,0.0,0.0,0.0,-1.0
64154981,64154841,0.369686,-0.196685,-0.0880881,0.460543,0.0,0.0,0.0,-1.0
64255787,64255644,0.355858,-0.189813,-0.0374558,0.460543,0.0,0.0,0.0,-1.0
64356596,64356442,0.328255,-0.196133,0.00148033,0.460543,0.0,0.0,0.0,-1.0
64456577,64456443,0.314591,-0.166801,-0.0744037,0.460543,0.0,0.0,0.0,-1.0
64561399,64561262,0.286137,-0.159858,-0.0820735,0.460543,0.0,0.0,0.0,-1.0
64662190,64662044,0.259849,-0.208375,-0.0856185,0.460543,0.0,0.0,0.0,-1.0
64762985,64762843,0.244881,-0.23193,-0.0969023,0.460543,0.0,0.0,0.0,-1.0
64863776,64863646,0.231322,-0.28387,-0.0939628,0.460783,0.0,0.0,0.0,-1.0
64964581,64964441,0.227172,-0.320884,-0.0903545,0.461703,0.0,0.0,0.0,-1.0
65069397,65069256,0.229994,-0.298835,-0.0901438,0.461704,0.0,0.0,0.0,-1.0
65170206,65170053,0.28087,-0.246397,-0.0822446,0.461704,0.0,0.0,0.0,-1.0
65270973,65270832,0.320789,-0.234451,-0.0857435,0.461704,0.0,0.0,0.0,-1.0
65371781,65371641,0.353049,-0.232909,-0.0662096,0.461704,0.0,0.0,0.0,-1.0
65475799,65475653,0.348122,-0.240996,-0.0421973,0.461704,0.0,0.0,0.0,-1.0
65576593,65576433,0.314508,-0.24369,-0.0257632,0.461704,0.0,0.0,0.0,-1.0
65677389,65677253,0.31429,-0.261805,-0.045088,0.461704,0.0,0.0,0.0,-1.0
65778210,65778042,0.314625,-0.27837,-0.0642116,0.460896,0.0,0.0,0.0,-1.0
65878993,65878847,0.292503,-0.303324,-0.0774355,0.460542,0.0,0.0,0.0,-1.0
65979785,65979632,0.279694,-0.31179,-0.0897222,0.460543,0.0,0.0,0.0,-1.0
66084596,66084457,0.259688,-0.308588,-0.0953709,0.460543,0.0,0.0,0.0,-1.0
66185373,66185235,0.262115,-0.318643,-0.113901,0.460543,0.0,0.0,0.0,-1.0
66286187,66286046,0.261552,-0.294357,-0.129108,0.460543,0.0,0.0,0.0,-1.0
66386209,66386043,0.299514,-0.302528,-0.141127,0.460543,0.0,0.0,0.0,-1.0
66486982,66486839,0.330148,-0.294078,-0.168417,0.460543,0.0,0.0,0.0,-1.0
66591781,66591641,0.372623,-0.303968,-0.169464,0.460543,0.0,0.0,0.0,-1.0
66692570,66692432,0.438577,-0.301609,-0.198762,0.460543,0.0,0.0,0.0,-1.0
66793387,66793248,0.470537,-0.282426,-0.21948,0.460543,0.0,0.0,0.0,-1.0
66894182,66894040,0.452113,-0.26012,-0.216268,0.460543,0.0,0.0,0.0,-1.0
66994990,66994843,0.418239,-0.225744,-0.214023,0.460543,0.0,0.0,0.0,-1.0
67099787,67099633,0.390912,-0.190342,-0.163497,0.460543,0.0,0.0,0.0,-1.0
67200583,67200440,0.368381,-0.166844,-0.148578,0.460543,0.0,0.0,0.0,-1.0
67301389,67301251,0.364298,-0.209636,-0.178506,0.460543,0.0,0.0,0.0,-1.0
67401390,67401251,0.359053,-0.22986,-0.20628,0.460543,0.0,0.0,0.0,-1.0
67502185,67502043,0.348811,-0.23779,-0.260151,0.460543,0.0,0.0,0.0,-1.0
67606989,67606844,0.32521,-0.243024,-0.245335,0.460543,0.0,0.0,0.0,-1.0
67707781,67707643,0.305615,-0.242625,-0.210191,0.460543,0.0,0.0,0.0,-1.0
67808583,67808447,0.320112,-0.239415,-0.264629,0.460543,0.0,0.0,0.0,-1.0
67909403,67909262,0.329746,-0.236275,-0.208671,0.460543,0.0,0.0,0.0,-1.0
68010184,68010041,0.331415,-0.211881,-0.169411,0.461401,0.0,0.0,0.0,-1.0
68110982,68110843,0.362113,-0.215751,-0.18693,0.460455,0.0,0.0,0.0,-1.0
68315795,68315641,0.314798,-0.201794,-0.186366,0.460543,0.0,0.0,0.0,-1.0
68416589,68416443,0.285327,-0.198154,-0.215097,0.460543,0.0,0.0,0.0,-1.0
68517406,68517270,0.252414,-0.17666,-0.218677,0.460543,0.0,0.0,0.0,-1.0
68622201,68622043,0.212307,-0.15658,-0.210458,0.460543,0.0,0.0,0.0,-1.0
68722981,68722842,0.179088,-0.126882,-0.213436,0.460543,0.0,0.0,0.0,-1.0
68823781,68823642,0.149183,-0.112925,-0.212856,0.460543,0.0,0.0,0.0,-1.0
68924570,68924432,0.135013,-0.114028,-0.227597,0.461754,0.0,0.0,0.0,-1.0
69025367,69025227,0.121009,-0.0950357,-0.253538,0.460552,0.0,0.0,0.0,-1.0
69126196,69126053,0.0976825,-0.0920686,-0.249506,0.460543,0.0,0.0,0.0,-1.0
69230983,69230845,0.0562381,-0.0835086,-0.219268,0.460543,0.0,0.0,0.0,-1.0
69330979,69330842,-0.00574642,-0.0779823,-0.208011,0.460543,0.0,0.0,0.0,-1.0
69431791,69431652,-0.0256268,-0.115433,-0.171902,0.460543,0.0,0.0,0.0,-1.0
69532585,69532445,0.0741388,-0.154549,-0.183263,0.460543,0.0,0.0,0.0,-1.0
69637395,69637258,0.208276,-0.209404,-0.200368,0.460543,0.0,0.0,0.0,-1.0
69738185,69738041,0.197939,-0.209002,-0.191926,0.460543,0.0,0.0,0.0,-1.0
69838982,69838844,0.210186,-0.207876,-0.213225,0.461696,0.0,0.0,0.0,-1.0
69939807,69939661,0.226113,-0.207744,-0.210137,0.461704,0.0,0.0,0.0,-1.0
70040592,70040441,0.227826,-0.195872,-0.207632,0.461704,0.0,0.0,0.0,-1.0
70141432,70141277,0.22492,-0.186799,-0.188997,0.461704,0.0,0.0,0.0,-1.0
70245365,70245228,0.223215,-0.183887,-0.182066,0.461734,0.0,0.0,0.0,-1.0
70346188,70346047,0.218123,-0.191225,-0.204589,0.461704,0.0,0.0,0.0,-1.0
70447018,70446858,0.19424,-0.229394,-0.175446,0.460896,0.0,0.0,0.0,-1.0
70547772,70547640,0.184498,-0.236693,-0.175241,0.460542,0.0,0.0,0.0,-1.0
70648597,70648440,0.193009,-0.23429,-0.227313,0.461351,0.0,0.0,0.0,-1.0
70753381,70753242,0.182339,-0.230121,-0.185645,0.461703,0.0,0.0,0.0,-1.0
70854186,70854039,0.203946,-0.234152,-0.228163,0.461704,0.0,0.0,0.0,-1.0
70954980,70954842,0.220603,-0.254924,-0.230194,0.461704,0.0,0.0,0.0,-1.0
71055780,71055641,0.200235,-0.2517,-0.147314,0.460551,0.0,0.0,0.0,-1.0
71159785,71159639,0.208711,-0.235825,-0.12084,0.460543,0.0,0.0,0.0,-1.0
71260583,71260441,0.262279,-0.23943,-0.162329,0.460543,0.0,0.0,0.0,-1.0
71361397,71361256,0.297494,-0.244458,-0.207969,0.460543,0.0,0.0,0.0,-1.0
71462206,71462050,0.269661,-0.245843,-0.142657,0.461695,0.0,0.0,0.0,-1.0
71562979,71562842,0.244679,-0.245922,-0.0989919,0.461704,0.0,0.0,0.0,-1.0
71663782,71663642,0.262326,-0.241452,-0.179723,0.462183,0.0,0.0,0.0,-1.0
71768580,71768439,0.292881,-0.277697,-0.268952,0.461717,0.0,0.0,0.0,-1.0
71869387,71869250,0.251454,-0.280654,-0.216539,0.461704,0.0,0.0,0.0,-1.0
71970180,71970040,0.224421,-0.276372,-0.197751,0.461704,0.0,0.0,0.0,-1.0
72070982,72070843,0.246068,-0.283829,-0.237022,0.461224,0.0,0.0,0.0,-1.0
72170987,72170848,0.264341,-0.285535,-0.243832,0.444276,0.0,0.0,0.0,-1.0
72275778,72275640,0.263742,-0.290454,-0.220116,0.414177,0.0,0.0,0.0,-1.0
72376583,72376441,0.252914,-0.272464,-0.214101,0.410187,0.0,0.0,0.0,-1.0
72477392,72477250,0.253675,-0.247088,-0.210722,0.373684,0.0,0.0,0.0,-1.0
72578195,72578034,0.272355,-0.233818,-0.193857,0.374659,0.0,0.0,0.0,-1.0
72678979,72678838,0.279055,-0.214101,-0.228647,0.381918,0.0,0.0,0.0,-1.0
72783788,72783641,0.268973,-0.196221,-0.251723,0.381629,0.0,0.0,0.0,-1.0
72884586,72884443,0.225277,-0.180378,-0.275091,0.38163,0.0,0.0,0.0,-1.0
72985415,72985258,0.208578,-0.20611,-0.318421,0.38163,0.0,0.0,0.0,-1.0
73085406,73085265,0.17184,-0.194929,-0.316441,0.38163,0.0,0.0,0.0,-1.0
73186198,73186040,0.200156,-0.228816,-0.319708,0.38163,0.0,0.0,0.0,-1.0
73290981,73290833,0.222708,-0.214681,-0.318909,0.446976,0.0,0.0,0.0,-1.0
73391779,73391640,0.249569,-0.199674,-0.302556,0.588318,0.0,0.0,0.0,-1.0
73492588,73492440,0.280274,-0.183516,-0.294332,0.58766,0.0,0.0,0.0,-1.0
73593390,73593253,0.288042,-0.169402,-0.286778,0.610256,0.0,0.0,0.0,-1.0
73694175,73694033,0.285235,-0.159563,-0.305976,0.628418,0.0,0.0,0.0,-1.0
73794986,73794843,0.305275,-0.196634,-0.323825,0.630879,0.0,0.0,0.0,-1.0
73899780,73899641,0.341531,-0.231093,-0.318145,0.66274,0.0,0.0,0.0,-1.0
73999776,73999638,0.357558,-0.236731,-0.302794,0.660477,0.0,0.0,0.0,-1.0
74100595,74100444,0.403822,-0.260704,-0.258642,0.657908,0.0,0.0,0.0,-1.0
74201420,74201283,0.424166,-0.240019,-0.247578,0.658025,0.0,0.0,0.0,-1.0
74306189,74306033,0.454563,-0.25965,-0.272718,0.658025,0.0,0.0,0.0,-1.0
74406977,74406841,0.453831,-0.291915,-0.302015,0.658025,0.0,0.0,0.0,-1.0
74507779,74507640,0.422565,-0.31802,-0.313253,0.658025,0.0,0.0,0.0,-1.0
74608582,74608440,0.385432,-0.318179,-0.309214,0.657165,0.0,0.0,0.0,-1.0
74709380,74709241,0.360169,-0.304743,-0.315499,0.651924,0.0,0.0,0.0,-1.0
74810185,74810039,0.331537,-0.295687,-0.344332,0.650994,0.0,0.0,0.0,-1.0
74914977,74914840,0.269069,-0.267537,-0.343655,0.649502,0.0,0.0,0.0,-1.0
75014980,75014834,0.215744,-0.257406,-0.338701,0.614073,0.0,0.0,0.0,-1.0
75115778,75115640,0.1941,-0.259179,-0.345494,0.614907,0.0,0.0,0.0,-1.0
75216588,75216443,0.228673,-0.283108,-0.37051,0.614815,0.0,0.0,0.0,-1.0
75321414,75321267,0.229405,-0.259119,-0.359627,0.610719,0.0,0.0,0.0,-1.0
75422178,75422035,0.239036,-0.249724,-0.367195,0.573516,0.0,0.0,0.0,-1.0
75522994,75522847,0.248707,-0.247572,-0.374783,0.573093,0.0,0.0,0.0,-1.0
75623789,75623651,0.245584,-0.241082,-0.389672,0.574066,0.0,0.0,0.0,-1.0
75724589,75724444,0.244057,-0.239103,-0.389582,0.573819,0.0,0.0,0.0,-1.0
75825419,75825282,0.231993,-0.224819,-0.400175,0.570254,0.0,0.0,0.0,-1.0
75929395,75929259,0.216825,-0.224047,-0.38193,0.540194,0.0,0.0,0.0,-1.0
76030185,76030042,0.218301,-0.238098,-0.354898,0.5344,0.0,0.0,0.0,-1.0
76130970,76130832,0.222437,-0.241865,-0.346207,0.534567,0.0,0.0,0.0,-1.0
76231780,76231641,0.204477,-0.230513,-0.305983,0.534568,0.0,0.0,0.0,-1.0
76332587,76332441,0.201459,-0.223305,-0.282081,0.543537,0.0,0.0,0.0,-1.0
76437389,76437251,0.217592,-0.210699,-0.279155,0.543214,0.0,0.0,0.0,-1.0
76538179,76538031,0.237108,-0.203781,-0.285026,0.5344,0.0,0.0,0.0,-1.0
76638984,76638842,0.24945,-0.196975,-0.272996,0.489417,0.0,0.0,0.0,-1.0
76739769,76739639,0.244518,-0.181168,-0.276668,0.490701,0.0,0.0,0.0,-1.0
76843791,76843652,0.231077,-0.180911,-0.275489,0.488173,0.0,0.0,0.0,-1.0
76944578,76944440,0.21933,-0.179981,-0.276286,0.451555,0.0,0.0,0.0,-1.0
77045402,77045266,0.228232,-0.183955,-0.287338,0.451259,0.0,0.0,0.0,-1.0
77146185,77146042,0.251321,-0.177334,-0.304675,0.451259,0.0,0.0,0.0,-1.0
77246973,77246832,0.247211,-0.150604,-0.334286,0.44906,0.0,0.0,0.0,-1.0
77347805,77347653,0.252415,-0.151956,-0.32726,0.419293,0.0,0.0,0.0,-1.0
77452585,77452441,0.255652,-0.15339,-0.329398,0.417615,0.0,0.0,0.0,-1.0
77553414,77553261,0.253624,-0.156145,-0.330065,0.419911,0.0,0.0,0.0,-1.0
77654184,77654042,0.265492,-0.16646,-0.338407,0.416457,0.0,0.0,0.0,-1.0
77754987,77754848,0.253417,-0.151753,-0.325318,0.414072,0.0,0.0,0.0,-1.0
77854982,77854845,0.251263,-0.150831,-0.338716,0.415275,0.0,0.0,0.0,-1.0
77959786,77959648,0.255112,-0.160611,-0.334223,0.419923,0.0,0.0,0.0,-1.0
78060585,78060444,0.280989,-0.175752,-0.334124,0.419926,0.0,0.0,0.0,-1.0
78161391,78161253,0.28213,-0.155895,-0.357573,0.422156,0.0,0.0,0.0,-1.0
78262209,78262034,0.270689,-0.153835,-0.38502,0.42459,0.0,0.0,0.0,-1.0
78362990,78362842,0.257719,-0.168781,-0.402808,0.424568,0.0,0.0,0.0,-1.0
78467789,78467639,0.246921,-0.181023,-0.441931,0.42376,0.0,0.0,0.0,-1.0
78568603,78568447,0.254665,-0.19596,-0.418994,0.423406,0.0,0.0,0.0,-1.0
78669387,78669248,0.279085,-0.199294,-0.408874,0.423407,0.0,0.0,0.0,-1.0
78769388,78769250,0.301096,-0.201178,-0.393287,0.423407,0.0,0.0,0.0,-1.0
78870186,78870041,0.301388,-0.197672,-0.376302,0.423407,0.0,0.0,0.0,-1.0
78974972,78974833,0.318259,-0.193517,-0.380252,0.423407,0.0,0.0,0.0,-1.0
79075777,79075639,0.322216,-0.179154,-0.387747,0.423407,0.0,0.0,0.0,-1.0
79176598,79176440,0.318203,-0.176556,-0.370021,0.423407,0.0,0.0,0.0,-1.0
79277401,79277256,0.327489,-0.185235,-0.36713,0.423407,0.0,0.0,0.0,-1.0
79378185,79378033,0.331498,-0.176173,-0.382478,0.423407,0.0,0.0,0.0,-1.0
79478982,79478842,0.327578,-0.1691,-0.398994,0.423407,0.0,0.0,0.0,-1.0
79583782,79583642,0.306275,-0.166048,-0.401867,0.423407,0.0,0.0,0.0,-1.0
79683777,79683639,0.299061,-0.172929,-0.38375,0.423407,0.0,0.0,0.0,-1.0
79784591,79784442,0.30446,-0.167289,-0.403625,0.423407,0.0,0.0,0.0,-1.0
79885424,79885289,0.306252,-0.153292,-0.403354,0.424858,0.0,0.0,0.0,-1.0
79990199,79990039,0.311473,-0.141605,-0.410711,0.426873,0.0,0.0,0.0,-1.0
80090988,80090842,0.305742,-0.130179,-0.40517,0.426889,0.0,0.0,0.0,-1.0
80191784,80191640,0.306398,-0.131873,-0.399625,0.428041,0.0,0.0,0.0,-1.0
80292588,80292452,0.312562,-0.1254,-0.397665,0.421942,0.0,0.0,0.0,-1.0
80393380,80393241,0.312957,-0.113371,-0.40426,0.414366,0.0,0.0,0.0,-1.0
80494187,80494042,0.310294,-0.110491,-0.402657,0.377747,0.0,0.0,0.0,-1.0
80598978,80598842,0.309199,-0.109958,-0.40255,0.378618,0.0,0.0,0.0,-1.0
80699008,80698834,0.313785,-0.117228,-0.401261,0.382697,0.0,0.0,0.0,-1.0
80799796,80799652,0.311321,-0.125725,-0.390577,0.384182,0.0,0.0,0.0,-1.0
80900584,80900441,0.305359,-0.11943,-0.399849,0.38511,0.0,0.0,0.0,-1.0
81005429,81005287,0.299648,-0.126393,-0.404552,0.385111,0.0,0.0,0.0,-1.0
81106191,81106042,0.295991,-0.132282,-0.407726,0.385111,0.0,0.0,0.0,-1.0
81206982,81206843,0.297543,-0.127005,-0.418082,0.385351,0.0,0.0,0.0,-1.0
81307783,81307643,0.295076,-0.131284,-0.417301,0.381363,0.0,0.0,0.0,-1.0
81408596,81408445,0.286085,-0.135896,-0.414989,0.381626,0.0,0.0,0.0,-1.0
81509398,81509241,0.274806,-0.128272,-0.426483,0.38163,0.0,0.0,0.0,-1.0
81613384,81613248,0.267531,-0.138821,-0.414139,0.38163,0.0,0.0,0.0,-1.0
81714184,81714042,0.26439,-0.142341,-0.404556,0.38139,0.0,0.0,0.0,-1.0
81814997,81814846,0.271813,-0.137079,-0.40504,0.374425,0.0,0.0,0.0,-1.0
81915772,81915642,0.274389,-0.1346,-0.409544,0.374667,0.0,0.0,0.0,-1.0
82016588,82016443,0.2729,-0.140042,-0.402992,0.374667,0.0,0.0,0.0,-1.0
82121380,82121242,0.257422,-0.128891,-0.404688,0.374667,0.0,0.0,0.0,-1.0
82222189,82222044,0.246957,-0.132958,-0.400178,0.374667,0.0,0.0,0.0,-1.0
82322985,82322844,0.227905,-0.11902,-0.411935,0.373514,0.0,0.0,0.0,-1.0
82422968,82422828,0.23044,-0.131553,-0.417512,0.373506,0.0,0.0,0.0,-1.0
82527797,82527645,0.240643,-0.156544,-0.41475,0.371075,0.0,0.0,0.0,-1.0
83031779,83031640,0.214872,-0.12702,-0.432888,0.215438,0.0,0.0,0.0,-1.0
83338216,83338064,0.214821,-0.131808,-0.426308,0.0739701,0.0,0.0,0.0,-1.0
83438192,83438047,0.215313,-0.136738,-0.426236,0.03,0.0,0.0,0.0,-1.0
83538996,83538847,0.214781,-0.132867,-0.426722,0.03,0.0,0.0,0.0,-1.0
83643778,83643639,0.215124,-0.134782,-0.42661,0.03,0.0,0.0,0.0,-1.0
83744584,83744441,0.215556,-0.134343,-0.425662,0.03,0.0,0.0,0.0,-1.0
83845404,83845266,0.215664,-0.134092,-0.426081,0.03,0.0,0.0,0.0,-1.0
83946192,83946040,0.215628,-0.13495,-0.426065,0.03,0.0,0.0,0.0,-1.0
84046980,84046840,0.215745,-0.13562,-3.39918e-05,0.03,0.0,0.0,0.0,-1.0
84151786,84151640,0.21588,-0.137554,0.000152614,0.03,0.0,0.0,0.0,-1.0
84252570,84252434,0.215929,-0.135548,4.89016e-05,0.03,0.0,0.0,0.0,-1.0
84352604,84352442,0.215987,-0.136988,-0.000124886,0.03,0.0,0.0,0.0,-1.0
84453385,84453249,0.216068,-0.135852,4.44708e-06,0.03,0.0,0.0,0.0,-1.0
84554172,84554032,0.215924,-0.136755,-0.000237292,0.03,0.0,0.0,0.0,-1.0
84658974,84658839,0.215934,-0.136415,-0.000222592,0.03,0.0,0.0,0.0,-1.0
84759789,84759646,0.21595,-0.136125,-9.91176e-05,0.03,0.0,0.0,0.0,-1.0
84860570,84860441,0.216007,-0.136598,0.000245034,0.03,0.0,0.0,0.0,-1.0
84961386,84961250,0.215837,-0.135909,-6.46437e-05,0.03,0.0,0.0,0.0,-1.0
85062181,85062041,0.216165,-0.136467,-0.000196456,0.03,0.0,0.0,0.0,-1.0
85162985,85162846,0.216124,-0.135521,-0.000110704,0.03,0.0,0.0,0.0,-1.0
85266989,85266845,0.0118378,0.00444128,-0.69828,-0.0,0.0,0.0,0.0,-1.0
85367782,85367645,0.0115355,0.00475113,-0.698183,-0.0,0.0,0.0,0.0,-1.0
85468582,85468439,0.0115208,0.00456294,-0.698161,-0.0,0.0,0.0,0.0,-1.0
85569406,85569270,0.0116669,0.00487792,-0.698263,-0.0,0.0,0.0,0.0,-1.0
85674183,85674042,0.0116029,0.00503241,-0.698287,-0.0,0.0,0.0,0.0,-1.0
85774982,85774841,0.0121745,0.0045283,-0.698206,-0.0,0.0,0.0,0.0,-1.0
85875795,85875654,0.0118106,0.00522764,-0.698526,-0.0,0.0,0.0,0.0,-1.0
85976567,85976432,0.011426,0.00466308,-0.698033,-0.0,0.0,0.0,0.0,-1.0
86077391,86077251,0.0118975,0.00528568,-0.698763,-0.0,0.0,0.0,0.0,-1.0
