timestamp,vel_pos_innov[0],vel_pos_innov[1],vel_pos_innov[2],vel_pos_innov[3],vel_pos_innov[4],vel_pos_innov[5],mag_innov[0],mag_innov[1],mag_innov[2],heading_innov,airspeed_innov,beta_innov,flow_innov[0],flow_innov[1],hagl_innov,vel_pos_innov_var[0],vel_pos_innov_var[1],vel_pos_innov_var[2],vel_pos_innov_var[3],vel_pos_innov_var[4],vel_pos_innov_var[5],mag_innov_var[0],mag_innov_var[1],mag_innov_var[2],heading_innov_var,airspeed_innov_var,beta_innov_var,flow_innov_var[0],flow_innov_var[1],hagl_innov_var,output_tracking_error[0],output_tracking_error[1],output_tracking_error[2],drag_innov[0],drag_innov[1],drag_innov_var[0],drag_innov_var[1],aux_vel_innov[0],aux_vel_innov[1]
795115277,0.0,0.0,0.0,-0.00359086,0.0136229,-0.0139465,0.0,0.0,0.0,0.00657775,0.0,0.0,0.0,0.0,0.0,0.0,0.0,0.0,0.257665,0.257665,4.06465,0.0,0.0,0.0,0.0901462,0.0,0.0,0.0,0.0,0.0,9.4599e-05,0.00213125,0.00615066,0.0,0.0,0.0,0.0,0.0,0.0
795320871,0.0,0.0,0.0,-0.0037048,0.013567,-0.0883789,0.0,0.0,0.0,0.0425141,0.0,0.0,0.0,0.0,0.0,0.0,0.0,0.0,0.257811,0.257811,4.0653,0.0,0.0,0.0,0.0901461,0.0,0.0,0.0,0.0,0.0,0.000293564,0.00346992,0.00953632,0.0,0.0,0.0,0.0,0.0,0.0
795522478,0.0,0.0,0.0,-0.00373739,0.0133119,-0.202118,0.0,0.0,0.0,0.029569,0.0,0.0,0.0,0.0,0.0,0.0,0.0,0.0,0.257888,0.257889,4.06569,0.0,0.0,0.0,0.0901463,0.0,0.0,0.0,0.0,0.0,0.000537521,0.00540212,0.0165367,0.0,0.0,0.0,0.0,0.0,0.0
795728079,0.0,0.0,0.0,-0.00364897,0.0129951,0.0278778,0.0,0.0,0.0,0.0202711,0.0,0.0,0.0,0.0,0.0,0.0,0.0,0.0,0.25793,0.257931,4.06591,0.0,0.0,0.0,0.0901467,0.0,0.0,0.0,0.0,0.0,0.000534765,0.00451047,0.0141953,0.0,0.0,0.0,0.0,0.0,0.0
795929670,0.0,0.0,0.0,-0.00344209,0.0126595,0.197998,0.0,0.0,0.0,0.0417325,0.0,0.0,0.0,0.0,0.0,0.0,0.0,0.0,0.257918,0.257918,4.06592,0.0,0.0,0.0,0.0901467,0.0,0.0,0.0,0.0,0.0,0.000588046,0.000826574,0.00325561,0.0,0.0,0.0,0.0,0.0,0.0
796131274,0.0,0.0,0.0,-0.00329885,0.0124133,0.256653,0.0,0.0,0.0,0.0267886,0.0,0.0,0.0,0.0,0.0,0.0,0.0,0.0,0.257791,0.257791,4.0654,0.0,0.0,0.0,0.0901466,0.0,0.0,0.0,0.0,0.0,0.000588773,0.00315636,0.00986777,0.0,0.0,0.0,0.0,0.0,0.0
796332877,0.0,0.0,0.0,-0.0037103,0.0117643,-0.134674,0.0,0.0,0.0,0.0131391,0.0,0.0,0.0,0.0,0.0,0.0,0.0,0.0,0.257621,0.257621,4.06461,0.0,0.0,0.0,0.0901464,0.0,0.0,0.0,0.0,0.0,0.000592994,0.000539142,0.00163055,0.0,0.0,0.0,0.0,0.0,0.0
796538471,0.0,0.0,0.0,-0.00333344,0.0110492,-0.0558472,0.0,0.0,0.0,0.0256689,0.0,0.0,0.0,0.0,0.0,0.0,0.0,0.0,0.257502,0.257502,4.06396,0.0,0.0,0.0,0.0901465,0.0,0.0,0.0,0.0,0.0,0.000618117,0.00246704,0.00756425,0.0,0.0,0.0,0.0,0.0,0.0
796740071,0.0,0.0,0.0,-0.00294838,0.011712,-0.145584,0.0,0.0,0.0,0.0151681,0.0,0.0,0.0,0.0,0.0,0.0,0.0,0.0,0.25772,0.25772,4.06484,0.0,0.0,0.0,0.0901465,0.0,0.0,0.0,0.0,0.0,0.000455944,0.00284552,0.00854499,0.0,0.0,0.0,0.0,0.0,0.0
796941677,0.0,0.0,0.0,-0.00232045,0.0111418,0.365997,0.0,0.0,0.0,0.0189881,0.0,0.0,0.0,0.0,0.0,0.0,0.0,0.0,0.257794,0.257794,4.06515,0.0,0.0,0.0,0.0901465,0.0,0.0,0.0,0.0,0.0,0.000531914,0.00498619,0.0154579,0.0,0.0,0.0,0.0,0.0,0.0
797147270,0.0,0.0,0.0,-0.00104845,0.0118917,-0.0218353,0.0,0.0,0.0,0.00808237,0.0,0.0,0.0,0.0,0.0,0.0,0.0,0.0,0.257929,0.25793,4.06577,0.0,0.0,0.0,0.0901464,0.0,0.0,0.0,0.0,0.0,0.00048777,0.0010346,0.00177641,0.0,0.0,0.0,0.0,0.0,0.0
797348863,0.0,0.0,0.0,-0.000325283,0.0144678,-0.150009,0.0,0.0,0.0,0.029152,0.0,0.0,0.0,0.0,0.0,0.0,0.0,0.0,0.257828,0.257828,4.06542,0.0,0.0,0.0,0.0901463,0.0,0.0,0.0,0.0,0.0,0.000402348,0.00714449,0.0208104,0.0,0.0,0.0,0.0,0.0,0.0
797546472,0.0,0.0,0.0,-0.000697818,0.0166826,-0.169113,0.0,0.0,0.0,0.0224581,0.0,0.0,0.0,0.0,0.0,0.0,0.0,0.0,0.257722,0.257722,4.06497,0.0,0.0,0.0,0.0901462,0.0,0.0,0.0,0.0,0.0,0.000449642,0.00673224,0.0204553,0.0,0.0,0.0,0.0,0.0,0.0
797747274,0.0,0.0,0.0,-0.00236871,0.0185287,0.0879364,0.0,0.0,0.0,-0.00110286,0.0,0.0,0.0,0.0,0.0,0.0,0.0,0.0,0.257757,0.257757,4.06509,0.0,0.0,0.0,0.0901463,0.0,0.0,0.0,0.0,0.0,0.000441777,0.000483071,0.00174825,0.0,0.0,0.0,0.0,0.0,0.0
797948871,0.0,0.0,0.0,-0.00360999,0.0187866,-0.150299,0.0,0.0,0.0,0.0109534,0.0,0.0,0.0,0.0,0.0,0.0,0.0,0.0,0.257814,0.257814,4.06535,0.0,0.0,0.0,0.0901462,0.0,0.0,0.0,0.0,0.0,0.000412445,0.00297569,0.00925341,0.0,0.0,0.0,0.0,0.0,0.0
798154470,0.0,0.0,0.0,-0.00505111,0.0182063,-0.019043,0.0,0.0,0.0,-0.00378703,0.0,0.0,0.0,0.0,0.0,0.0,0.0,0.0,0.257962,0.257962,4.06607,0.0,0.0,0.0,0.0901464,0.0,0.0,0.0,0.0,0.0,0.000337117,0.00285818,0.00949829,0.0,0.0,0.0,0.0,0.0,0.0
799170470,0.0,0.0,0.0,-0.00739941,0.0188528,0.189728,0.0,0.0,0.0,-0.0160261,0.0,0.0,0.0,0.0,0.0,0.0,0.0,0.0,0.257771,0.257771,4.06546,0.0,0.0,0.0,0.0901462,0.0,0.0,0.0,0.0,0.0,0.00026437,0.00300272,0.00813777,0.0,0.0,0.0,0.0,0.0,0.0
799372099,0.0,0.0,0.0,-0.005918,0.0206365,-0.117844,0.0,0.0,0.0,-0.00238633,0.0,0.0,0.0,0.0,0.0,0.0,0.0,0.0,0.257687,0.257687,4.06501,0.0,0.0,0.0,0.090146,0.0,0.0,0.0,0.0,0.0,0.000260377,0.00428435,0.0132951,0.0,0.0,0.0,0.0,0.0,0.0
799569663,0.0,0.0,0.0,-0.00377161,0.0219859,0.0636597,0.0,0.0,0.0,-0.00348121,0.0,0.0,0.0,0.0,0.0,0.0,0.0,0.0,0.257611,0.257611,4.06457,0.0,0.0,0.0,0.0901461,0.0,0.0,0.0,0.0,0.0,0.000248327,0.00616566,0.0197639,0.0,0.0,0.0,0.0,0.0,0.0
799779277,0.0,0.0,0.0,-0.00135072,0.0216167,-0.130875,0.0,0.0,0.0,-0.015812,0.0,0.0,0.0,0.0,0.0,0.0,0.0,0.0,0.257653,0.257653,4.0647,0.0,0.0,0.0,0.090146,0.0,0.0,0.0,0.0,0.0,0.00023566,0.00700455,0.0220459,0.0,0.0,0.0,0.0,0.0,0.0
799980872,0.0,0.0,0.0,0.000150381,0.0217274,-0.24968,0.0,0.0,0.0,-0.00921604,0.0,0.0,0.0,0.0,0.0,0.0,0.0,0.0,0.257678,0.257678,4.06472,0.0,0.0,0.0,0.0901458,0.0,0.0,0.0,0.0,0.0,0.000286979,0.0028711,0.00985056,0.0,0.0,0.0,0.0,0.0,0.0
800182476,0.0,0.0,0.0,0.0013148,0.0213648,-0.238312,0.0,0.0,0.0,-0.0150564,0.0,0.0,0.0,0.0,0.0,0.0,0.0,0.0,0.25783,0.25783,4.06536,0.0,0.0,0.0,0.0901457,0.0,0.0,0.0,0.0,0.0,0.000300499,0.00150856,0.00400336,0.0,0.0,0.0,0.0,0.0,0.0
800384072,0.0,0.0,0.0,0.00205985,0.0190989,0.136902,0.0,0.0,0.0,-0.014167,0.0,0.0,0.0,0.0,0.0,0.0,0.0,0.0,0.257859,0.257859,4.06553,0.0,0.0,0.0,0.0901456,0.0,0.0,0.0,0.0,0.0,0.000242038,0.00419763,0.0109604,0.0,0.0,0.0,0.0,0.0,0.0
800581673,0.0,0.0,0.0,0.00272858,0.0174528,0.406342,0.0,0.0,0.0,-0.00601843,0.0,0.0,0.0,0.0,0.0,0.0,0.0,0.0,0.257892,0.257892,4.06573,0.0,0.0,0.0,0.0901458,0.0,0.0,0.0,0.0,0.0,0.000254007,0.00135729,0.00246706,0.0,0.0,0.0,0.0,0.0,0.0
800787272,0.0,0.0,0.0,0.00271956,0.0157772,-0.319626,0.0,0.0,0.0,-0.0145422,0.0,0.0,0.0,0.0,0.0,0.0,0.0,0.0,0.25774,0.25774,4.06507,0.0,0.0,0.0,0.0901457,0.0,0.0,0.0,0.0,0.0,0.000194497,0.0014596,0.00244176,0.0,0.0,0.0,0.0,0.0,0.0
800992863,0.0,0.0,0.0,0.00362896,0.0131851,0.0680237,0.0,0.0,0.0,-0.00250837,0.0,0.0,0.0,0.0,0.0,0.0,0.0,0.0,0.257775,0.257775,4.06521,0.0,0.0,0.0,0.0901459,0.0,0.0,0.0,0.0,0.0,0.000192139,0.00476756,0.0132356,0.0,0.0,0.0,0.0,0.0,0.0
801194473,0.0,0.0,0.0,0.00389248,0.0109181,-0.106766,0.0,0.0,0.0,-0.00247806,0.0,0.0,0.0,0.0,0.0,0.0,0.0,0.0,0.257645,0.257645,4.06459,0.0,0.0,0.0,0.0901458,0.0,0.0,0.0,0.0,0.0,0.000207533,0.00492989,0.0139314,0.0,0.0,0.0,0.0,0.0,0.0
801396063,0.0,0.0,0.0,0.00427104,0.00946052,0.239105,0.0,0.0,0.0,0.00370425,0.0,0.0,0.0,0.0,0.0,0.0,0.0,0.0,0.257652,0.257652,4.06457,0.0,0.0,0.0,0.0901457,0.0,0.0,0.0,0.0,0.0,0.000226588,0.0056944,0.0172175,0.0,0.0,0.0,0.0,0.0,0.0
801601686,0.0,0.0,0.0,0.00420281,0.00919616,-0.0144653,0.0,0.0,0.0,-0.00103548,0.0,0.0,0.0,0.0,0.0,0.0,0.0,0.0,0.257742,0.257742,4.06492,0.0,0.0,0.0,0.0901457,0.0,0.0,0.0,0.0,0.0,0.000211664,0.0028336,0.00860228,0.0,0.0,0.0,0.0,0.0,0.0
801803275,0.0,0.0,0.0,0.00371682,0.00916278,0.212387,0.0,0.0,0.0,-0.0013535,0.0,0.0,0.0,0.0,0.0,0.0,0.0,0.0,0.257763,0.257764,4.06501,0.0,0.0,0.0,0.0901456,0.0,0.0,0.0,0.0,0.0,0.000134444,0.00976672,0.0291914,0.0,0.0,0.0,0.0,0.0,0.0
802008878,0.0,0.0,0.0,0.00366157,0.00916689,0.121628,0.0,0.0,0.0,-0.000932932,0.0,0.0,0.0,0.0,0.0,0.0,0.0,0.0,0.257888,0.257888,4.06562,0.0,0.0,0.0,0.0901456,0.0,0.0,0.0,0.0,0.0,0.000121849,0.00578386,0.0186311,0.0,0.0,0.0,0.0,0.0,0.0
802210466,0.0,0.0,0.0,0.00256671,0.00989794,0.219101,0.0,0.0,0.0,-0.00994572,0.0,0.0,0.0,0.0,0.0,0.0,0.0,0.0,0.257739,0.257739,4.06499,0.0,0.0,0.0,0.0901455,0.0,0.0,0.0,0.0,0.0,0.000116941,0.00246032,0.00686262,0.0,0.0,0.0,0.0,0.0,0.0
802412095,0.0,0.0,0.0,0.000710096,0.0109875,0.0268097,0.0,0.0,0.0,-0.00148848,0.0,0.0,0.0,0.0,0.0,0.0,0.0,0.0,0.257877,0.257877,4.06561,0.0,0.0,0.0,0.0901454,0.0,0.0,0.0,0.0,0.0,0.000234612,0.00516347,0.0156816,0.0,0.0,0.0,0.0,0.0,0.0
802613655,0.0,0.0,0.0,-0.00173632,0.0121941,0.009552,0.0,0.0,0.0,0.003241,0.0,0.0,0.0,0.0,0.0,0.0,0.0,0.0,0.257904,0.257904,4.0658,0.0,0.0,0.0,0.0901454,0.0,0.0,0.0,0.0,0.0,0.000218187,0.00596272,0.0184833,0.0,0.0,0.0,0.0,0.0,0.0
802819263,0.0,0.0,0.0,-0.00391523,0.015199,-0.025589,0.0,0.0,0.0,-0.00158311,0.0,0.0,0.0,0.0,0.0,0.0,0.0,0.0,0.257786,0.257786,4.06531,0.0,0.0,0.0,0.0901453,0.0,0.0,0.0,0.0,0.0,0.000182267,0.000918968,0.00178493,0.0,0.0,0.0,0.0,0.0,0.0
803016870,0.0,0.0,0.0,-0.00584559,0.017594,0.518616,0.0,0.0,0.0,-0.0179533,0.0,0.0,0.0,0.0,0.0,0.0,0.0,0.0,0.257657,0.257657,4.06471,0.0,0.0,0.0,0.0901455,0.0,0.0,0.0,0.0,0.0,0.000147962,0.00238857,0.00657728,0.0,0.0,0.0,0.0,0.0,0.0
803218464,0.0,0.0,0.0,-0.00812093,0.0196042,-0.101028,0.0,0.0,0.0,-0.000857562,0.0,0.0,0.0,0.0,0.0,0.0,0.0,0.0,0.257691,0.257691,4.06483,0.0,0.0,0.0,0.0901455,0.0,0.0,0.0,0.0,0.0,0.00018655,0.00279703,0.0071406,0.0,0.0,0.0,0.0,0.0,0.0
803424071,0.0,0.0,0.0,-0.00996847,0.0217806,-0.0657501,0.0,0.0,0.0,-0.000635758,0.0,0.0,0.0,0.0,0.0,0.0,0.0,0.0,0.257764,0.257764,4.06513,0.0,0.0,0.0,0.0901456,0.0,0.0,0.0,0.0,0.0,0.000239503,0.00189017,0.00331474,0.0,0.0,0.0,0.0,0.0,0.0
803625671,0.0,0.0,0.0,-0.0110389,0.0225283,0.0499725,0.0,0.0,0.0,0.00426991,0.0,0.0,0.0,0.0,0.0,0.0,0.0,0.0,0.257722,0.257722,4.06491,0.0,0.0,0.0,0.0901455,0.0,0.0,0.0,0.0,0.0,0.000208144,0.00241333,0.00445246,0.0,0.0,0.0,0.0,0.0,0.0
803827273,0.0,0.0,0.0,-0.0128553,0.0272873,-0.0748749,0.0,0.0,0.0,-0.00840102,0.0,0.0,0.0,0.0,0.0,0.0,0.0,0.0,100.009,100.009,4.06516,0.0,0.0,0.0,0.0901454,0.0,0.0,0.0,0.0,0.0,0.000164858,0.00338668,0.00964194,0.0,0.0,0.0,0.0,0.0,0.0
804028873,0.0,0.0,0.0,-0.0149327,0.034453,-0.0340881,0.0,0.0,0.0,-0.00810827,0.0,0.0,0.0,0.0,0.0,0.0,0.0,0.0,100.012,100.012,4.06442,0.0,0.0,0.0,0.0901452,0.0,0.0,0.0,0.0,0.0,0.000150849,0.00411518,0.0114569,0.0,0.0,0.0,0.0,0.0,0.0
804234476,0.0,0.0,0.0,-0.0148382,0.0434294,0.141342,0.0,0.0,0.0,-0.0127311,0.0,0.0,0.0,0.0,0.0,0.0,0.0,0.0,100.015,100.015,4.06511,0.0,0.0,0.0,0.0901453,0.0,0.0,0.0,0.0,0.0,0.000137276,0.00457626,0.0127905,0.0,0.0,0.0,0.0,0.0,0.0
804436077,0.0,0.0,0.0,-0.0146682,0.0518442,-0.154053,0.0,0.0,0.0,-0.00714768,0.0,0.0,0.0,0.0,0.0,0.0,0.0,0.0,100.02,100.02,4.06456,0.0,0.0,0.0,0.0901452,0.0,0.0,0.0,0.0,0.0,0.000112681,0.00775573,0.0229844,0.0,0.0,0.0,0.0,0.0,0.0
804641664,0.0,0.0,0.0,-0.0157757,0.0584338,0.0692596,0.0,0.0,0.0,-0.00814481,0.0,0.0,0.0,0.0,0.0,0.0,0.0,0.0,100.025,100.025,4.0649,0.0,0.0,0.0,0.0901453,0.0,0.0,0.0,0.0,0.0,9.1126e-05,0.00673693,0.0200141,0.0,0.0,0.0,0.0,0.0,0.0
804843276,0.0,0.0,0.0,-0.0159699,0.0607473,0.173187,0.0,0.0,0.0,-0.00467728,0.0,0.0,0.0,0.0,0.0,0.0,0.0,0.0,100.031,100.031,4.06567,0.0,0.0,0.0,0.0901454,0.0,0.0,0.0,0.0,0.0,8.60189e-05,0.007212,0.0224514,0.0,0.0,0.0,0.0,0.0,0.0
805044872,0.0,0.0,0.0,-0.0151716,0.0620553,0.00695801,0.0,0.0,0.0,-0.00653379,0.0,0.0,0.0,0.0,0.0,0.0,0.0,0.0,100.039,100.039,4.06554,0.0,0.0,0.0,0.0901452,0.0,0.0,0.0,0.0,0.0,9.31997e-05,0.005731,0.0179109,0.0,0.0,0.0,0.0,0.0,0.0
805250473,0.0,0.0,0.0,-0.0133582,0.0663555,-0.293228,0.0,0.0,0.0,-0.0131307,0.0,0.0,0.0,0.0,0.0,0.0,0.0,0.0,100.048,100.048,4.06576,0.0,0.0,0.0,0.0901451,0.0,0.0,0.0,0.0,0.0,9.23083e-05,0.00404158,0.0120699,0.0,0.0,0.0,0.0,0.0,0.0
805451272,0.0,0.0,0.0,-0.00977325,0.0709439,0.4422,0.0,0.0,0.0,0.00417355,0.0,0.0,0.0,0.0,0.0,0.0,0.0,0.0,100.059,100.059,4.0651,0.0,0.0,0.0,0.0901454,0.0,0.0,0.0,0.0,0.0,3.74896e-05,0.00216213,0.00387301,0.0,0.0,0.0,0.0,0.0,0.0
805652865,0.0,0.0,0.0,-0.00766234,0.0777286,0.108093,0.0,0.0,0.0,0.00137444,0.0,0.0,0.0,0.0,0.0,0.0,0.0,0.0,100.071,100.071,4.06474,0.0,0.0,0.0,0.0901454,0.0,0.0,0.0,0.0,0.0,6.31713e-05,0.00348152,0.00935413,0.0,0.0,0.0,0.0,0.0,0.0
805854456,0.0,0.0,0.0,-0.00664083,0.0857449,-0.0365906,0.0,0.0,0.0,-0.000758037,0.0,0.0,0.0,0.0,0.0,0.0,0.0,0.0,100.085,100.085,4.06538,0.0,0.0,0.0,0.0901453,0.0,0.0,0.0,0.0,0.0,7.23633e-05,0.00232171,0.00687571,0.0,0.0,0.0,0.0,0.0,0.0
806052079,0.0,0.0,0.0,-0.00563807,0.0945661,0.208679,0.0,0.0,0.0,-0.00126283,0.0,0.0,0.0,0.0,0.0,0.0,0.0,0.0,100.1,100.1,4.06541,0.0,0.0,0.0,0.0901454,0.0,0.0,0.0,0.0,0.0,8.24652e-05,0.00484767,0.0136558,0.0,0.0,0.0,0.0,0.0,0.0
806261672,0.0,0.0,0.0,-0.00774801,0.104713,-0.0288086,0.0,0.0,0.0,0.00205092,0.0,0.0,0.0,0.0,0.0,0.0,0.0,0.0,100.12,100.12,4.06666,0.0,0.0,0.0,0.0901456,0.0,0.0,0.0,0.0,0.0,7.58289e-05,0.0027996,0.00876035,0.0,0.0,0.0,0.0,0.0,0.0
806459263,0.0,0.0,0.0,-0.0102897,0.116579,0.114136,0.0,0.0,0.0,0.00246565,0.0,0.0,0.0,0.0,0.0,0.0,0.0,0.0,100.139,100.139,4.06621,0.0,0.0,0.0,0.0901455,0.0,0.0,0.0,0.0,0.0,8.40673e-05,0.00695457,0.0208309,0.0,0.0,0.0,0.0,0.0,0.0
806660870,0.0,0.0,0.0,-0.0124817,0.127895,0.140686,0.0,0.0,0.0,-0.0150551,0.0,0.0,0.0,0.0,0.0,0.0,0.0,0.0,100.163,100.163,4.0663,0.0,0.0,0.0,0.0901453,0.0,0.0,0.0,0.0,0.0,0.000129178,0.00344997,0.0119048,0.0,0.0,0.0,0.0,0.0,0.0
806866470,0.0,0.0,0.0,-0.0141491,0.13807,0.245621,0.0,0.0,0.0,-0.0129748,0.0,0.0,0.0,0.0,0.0,0.0,0.0,0.0,100.187,100.187,4.06536,0.0,0.0,0.0,0.0901452,0.0,0.0,0.0,0.0,0.0,0.000157024,0.00594041,0.0180823,0.0,0.0,0.0,0.0,0.0,0.0
807068071,0.0,0.0,0.0,-0.0181594,0.150842,0.311295,0.0,0.0,0.0,0.00927025,0.0,0.0,0.0,0.0,0.0,0.0,0.0,0.0,100.217,100.217,4.0654,0.0,0.0,0.0,0.0901453,0.0,0.0,0.0,0.0,0.0,8.42908e-05,0.00441681,0.0142818,0.0,0.0,0.0,0.0,0.0,0.0
807273673,0.0,0.0,0.0,-0.022507,0.163231,0.131134,0.0,0.0,0.0,-0.00429043,0.0,0.0,0.0,0.0,0.0,0.0,0.0,0.0,100.247,100.247,4.06511,0.0,0.0,0.0,0.0901452,0.0,0.0,0.0,0.0,0.0,4.34867e-05,0.000662562,0.00280601,0.0,0.0,0.0,0.0,0.0,0.0
807475276,0.0,0.0,0.0,-0.0283991,0.176152,0.111496,0.0,0.0,0.0,-0.0163764,0.0,0.0,0.0,0.0,0.0,0.0,0.0,0.0,100.278,100.278,4.06531,0.0,0.0,0.0,0.0901453,0.0,0.0,0.0,0.0,0.0,5.40574e-05,0.00191738,0.00629287,0.0,0.0,0.0,0.0,0.0,0.0
807676870,0.0,0.0,0.0,-0.035322,0.188639,0.231934,0.0,0.0,0.0,-0.00838827,0.0,0.0,0.0,0.0,0.0,0.0,0.0,0.0,100.312,100.312,4.06549,0.0,0.0,0.0,0.0901454,0.0,0.0,0.0,0.0,0.0,0.000110058,0.00141549,0.00475071,0.0,0.0,0.0,0.0,0.0,0.0
807882464,0.0,0.0,0.0,-0.0456092,0.203027,-0.315567,0.0,0.0,0.0,1.11759e-05,0.0,0.0,0.0,0.0,0.0,0.0,0.0,0.0,100.351,100.351,4.06491,0.0,0.0,0.0,0.0901455,0.0,0.0,0.0,0.0,0.0,9.68697e-05,0.00954854,0.0295592,0.0,0.0,0.0,0.0,0.0,0.0
808084095,0.0,0.0,0.0,-0.0545739,0.218203,-0.312546,0.0,0.0,0.0,-0.00827679,0.0,0.0,0.0,0.0,0.0,0.0,0.0,0.0,100.385,100.385,4.06546,0.0,0.0,0.0,0.0901456,0.0,0.0,0.0,0.0,0.0,7.92292e-05,0.00817303,0.0259479,0.0,0.0,0.0,0.0,0.0,0.0
808281666,0.0,0.0,0.0,-0.0652447,0.233006,-0.23201,0.0,0.0,0.0,0.0122922,0.0,0.0,0.0,0.0,0.0,0.0,0.0,0.0,100.428,100.428,4.06564,0.0,0.0,0.0,0.0901455,0.0,0.0,0.0,0.0,0.0,9.77851e-05,0.00577325,0.0192078,0.0,0.0,0.0,0.0,0.0,0.0
808491275,0.0,0.0,0.0,-0.0753021,0.247888,0.025589,0.0,0.0,0.0,-0.00856662,0.0,0.0,0.0,0.0,0.0,0.0,0.0,0.0,100.469,100.469,4.06533,0.0,0.0,0.0,0.0901454,0.0,0.0,0.0,0.0,0.0,9.09099e-05,0.00502905,0.0173894,0.0,0.0,0.0,0.0,0.0,0.0
808688870,0.0,0.0,0.0,-0.0853555,0.263174,-0.285675,0.0,0.0,0.0,0.00908226,0.0,0.0,0.0,0.0,0.0,0.0,0.0,0.0,100.509,100.509,4.06555,0.0,0.0,0.0,0.0901455,0.0,0.0,0.0,0.0,0.0,0.000128692,0.00429565,0.0146188,0.0,0.0,0.0,0.0,0.0,0.0
808890471,0.0,0.0,0.0,-0.0983768,0.276939,0.181656,0.0,0.0,0.0,0.00338486,0.0,0.0,0.0,0.0,0.0,0.0,0.0,0.0,100.547,100.547,4.06491,0.0,0.0,0.0,0.0901454,0.0,0.0,0.0,0.0,0.0,0.000121204,0.00301015,0.012251,0.0,0.0,0.0,0.0,0.0,0.0
809100071,0.0,0.0,0.0,-0.114045,0.294918,-0.00624084,0.0,0.0,0.0,0.00457375,0.0,0.0,0.0,0.0,0.0,0.0,0.0,0.0,100.595,100.595,4.06556,0.0,0.0,0.0,0.0901452,0.0,0.0,0.0,0.0,0.0,0.000125627,0.00338944,0.0131964,0.0,0.0,0.0,0.0,0.0,0.0
809297675,0.0,0.0,0.0,-0.125087,0.306918,-0.213043,0.0,0.0,0.0,0.00589395,0.0,0.0,0.0,0.0,0.0,0.0,0.0,0.0,100.631,100.631,4.06537,0.0,0.0,0.0,0.0901452,0.0,0.0,0.0,0.0,0.0,0.000145555,0.00648,0.0210659,0.0,0.0,0.0,0.0,0.0,0.0
809499271,0.0,0.0,0.0,-0.135096,0.315769,0.247452,0.0,0.0,0.0,-0.00842202,0.0,0.0,0.0,0.0,0.0,0.0,0.0,0.0,100.667,100.667,4.06473,0.0,0.0,0.0,0.0901452,0.0,0.0,0.0,0.0,0.0,0.000143396,0.00402156,0.0160676,0.0,0.0,0.0,0.0,0.0,0.0
809708872,0.0,0.0,0.0,-0.144087,0.322947,-0.0178375,0.0,0.0,0.0,-0.00455374,0.0,0.0,0.0,0.0,0.0,0.0,0.0,0.0,100.708,100.708,4.065,0.0,0.0,0.0,0.0901455,0.0,0.0,0.0,0.0,0.0,0.000162411,0.00454361,0.017839,0.0,0.0,0.0,0.0,0.0,0.0
809906471,0.0,0.0,0.0,-0.151171,0.32778,0.0139008,0.0,0.0,0.0,0.00579935,0.0,0.0,0.0,0.0,0.0,0.0,0.0,0.0,100.742,100.742,4.06462,0.0,0.0,0.0,0.0901454,0.0,0.0,0.0,0.0,0.0,0.000195798,0.00511562,0.0196531,0.0,0.0,0.0,0.0,0.0,0.0
810108070,0.0,0.0,0.0,-0.157733,0.334994,0.161621,0.0,0.0,0.0,-0.014082,0.0,0.0,0.0,0.0,0.0,0.0,0.0,0.0,100.774,100.774,4.06478,0.0,0.0,0.0,0.0901454,0.0,0.0,0.0,0.0,0.0,0.000148842,0.00800973,0.0270307,0.0,0.0,0.0,0.0,0.0,0.0
810313677,0.0,0.0,0.0,-0.164962,0.346039,-0.294693,0.0,0.0,0.0,-0.00445201,0.0,0.0,0.0,0.0,0.0,0.0,0.0,0.0,100.81,100.81,4.06509,0.0,0.0,0.0,0.0901455,0.0,0.0,0.0,0.0,0.0,0.000160536,0.00463125,0.0192792,0.0,0.0,0.0,0.0,0.0,0.0
810515298,0.0,0.0,0.0,-0.171931,0.355742,-0.139603,0.0,0.0,0.0,0.00328867,0.0,0.0,0.0,0.0,0.0,0.0,0.0,0.0,100.838,100.838,4.06487,0.0,0.0,0.0,0.0901454,0.0,0.0,0.0,0.0,0.0,0.000163948,0.00809927,0.0293947,0.0,0.0,0.0,0.0,0.0,0.0
810716885,0.0,0.0,0.0,-0.17553,0.356532,-0.37355,0.0,0.0,0.0,-0.00660972,0.0,0.0,0.0,0.0,0.0,0.0,0.0,0.0,100.858,100.858,4.06417,0.0,0.0,0.0,0.0901455,0.0,0.0,0.0,0.0,0.0,0.000189893,0.00538421,0.0233317,0.0,0.0,0.0,0.0,0.0,0.0
810922473,0.0,0.0,0.0,-0.180304,0.355161,0.0230865,0.0,0.0,0.0,0.0112574,0.0,0.0,0.0,0.0,0.0,0.0,0.0,0.0,100.88,100.88,4.06391,0.0,0.0,0.0,0.0901455,0.0,0.0,0.0,0.0,0.0,0.000214928,0.00523004,0.0222199,0.0,0.0,0.0,0.0,0.0,0.0
811124064,0.0,0.0,0.0,-0.189532,0.349978,-0.0151825,0.0,0.0,0.0,0.0149698,0.0,0.0,0.0,0.0,0.0,0.0,0.0,0.0,100.905,100.905,4.06451,0.0,0.0,0.0,0.0901456,0.0,0.0,0.0,0.0,0.0,0.000178106,0.00483544,0.0205729,0.0,0.0,0.0,0.0,0.0,0.0
811325671,0.0,0.0,0.0,-0.199544,0.341729,-0.015686,0.0,0.0,0.0,-0.0155033,0.0,0.0,0.0,0.0,0.0,0.0,0.0,0.0,100.922,100.922,4.06421,0.0,0.0,0.0,0.0901455,0.0,0.0,0.0,0.0,0.0,0.000202227,0.00578822,0.0222218,0.0,0.0,0.0,0.0,0.0,0.0
811531271,0.0,0.0,0.0,-0.212536,0.334854,-0.371841,0.0,0.0,0.0,-0.0099849,0.0,0.0,0.0,0.0,0.0,0.0,0.0,0.0,100.943,100.943,4.06463,0.0,0.0,0.0,0.0901453,0.0,0.0,0.0,0.0,0.0,0.000204025,0.00448562,0.0192745,0.0,0.0,0.0,0.0,0.0,0.0
811728872,0.0,0.0,0.0,-0.219556,0.327614,-0.450836,0.0,0.0,0.0,0.00732328,0.0,0.0,0.0,0.0,0.0,0.0,0.0,0.0,100.953,100.953,4.06415,0.0,0.0,0.0,0.0901452,0.0,0.0,0.0,0.0,0.0,0.000176446,0.00593442,0.0229086,0.0,0.0,0.0,0.0,0.0,0.0
811938471,0.0,0.0,0.0,-0.225285,0.323768,-0.559143,0.0,0.0,0.0,0.00720187,0.0,0.0,0.0,0.0,0.0,0.0,0.0,0.0,100.974,100.974,4.06503,0.0,0.0,0.0,0.0901452,0.0,0.0,0.0,0.0,0.0,0.000226597,0.0096198,0.0311661,0.0,0.0,0.0,0.0,0.0,0.0
812140077,0.0,0.0,0.0,-0.226034,0.315079,0.0801697,0.0,0.0,0.0,0.0115016,0.0,0.0,0.0,0.0,0.0,0.0,0.0,0.0,100.978,100.978,4.06434,0.0,0.0,0.0,0.0901453,0.0,0.0,0.0,0.0,0.0,0.000242376,0.00345753,0.0166979,0.0,0.0,0.0,0.0,0.0,0.0
812336870,0.0,0.0,0.0,-0.229271,0.30993,-0.511841,0.0,0.0,0.0,-0.0169046,0.0,0.0,0.0,0.0,0.0,0.0,0.0,0.0,100.992,100.992,4.06472,0.0,0.0,0.0,0.0901456,0.0,0.0,0.0,0.0,0.0,0.000213741,0.00683955,0.0238016,0.0,0.0,0.0,0.0,0.0,0.0
812546472,0.0,0.0,0.0,-0.229741,0.300028,-0.507156,0.0,0.0,0.0,-0.0113934,0.0,0.0,0.0,0.0,0.0,0.0,0.0,0.0,100.998,100.998,4.06459,0.0,0.0,0.0,0.0901455,0.0,0.0,0.0,0.0,0.0,0.000200111,0.00495234,0.0193047,0.0,0.0,0.0,0.0,0.0,0.0
812748076,0.0,0.0,0.0,-0.229751,0.293128,0.277893,0.0,0.0,0.0,0.00320703,0.0,0.0,0.0,0.0,0.0,0.0,0.0,0.0,101.007,101.007,4.06492,0.0,0.0,0.0,0.0901456,0.0,0.0,0.0,0.0,0.0,0.000183848,0.00306962,0.013442,0.0,0.0,0.0,0.0,0.0,0.0
812953671,0.0,0.0,0.0,-0.226048,0.284427,-0.0413971,0.0,0.0,0.0,0.0169613,0.0,0.0,0.0,0.0,0.0,0.0,0.0,0.0,101.007,101.007,4.06426,0.0,0.0,0.0,0.0901454,0.0,0.0,0.0,0.0,0.0,0.000205464,0.00594901,0.0207297,0.0,0.0,0.0,0.0,0.0,0.0
813155300,0.0,0.0,0.0,-0.225189,0.280396,-0.271622,0.0,0.0,0.0,0.00981234,0.0,0.0,0.0,0.0,0.0,0.0,0.0,0.0,101.012,101.012,4.06448,0.0,0.0,0.0,0.0901455,0.0,0.0,0.0,0.0,0.0,0.000200338,0.00289003,0.0110304,0.0,0.0,0.0,0.0,0.0,0.0
813356872,0.0,0.0,0.0,-0.223006,0.278182,-0.122284,0.0,0.0,0.0,0.00796512,0.0,0.0,0.0,0.0,0.0,0.0,0.0,0.0,101.019,101.019,4.06483,0.0,0.0,0.0,0.0901458,0.0,0.0,0.0,0.0,0.0,0.00019477,0.00263024,0.00949225,0.0,0.0,0.0,0.0,0.0,0.0
813562479,0.0,0.0,0.0,-0.218352,0.273651,0.356018,0.0,0.0,0.0,0.000476375,0.0,0.0,0.0,0.0,0.0,0.0,0.0,0.0,101.024,101.024,4.06501,0.0,0.0,0.0,0.0901457,0.0,0.0,0.0,0.0,0.0,0.000193929,0.00263547,0.00902735,0.0,0.0,0.0,0.0,0.0,0.0
813764064,0.0,0.0,0.0,-0.215072,0.270803,-0.21254,0.0,0.0,0.0,-0.00701,0.0,0.0,0.0,0.0,0.0,0.0,0.0,0.0,101.029,101.029,4.0653,0.0,0.0,0.0,0.0901457,0.0,0.0,0.0,0.0,0.0,0.000204531,0.00447119,0.0143406,0.0,0.0,0.0,0.0,0.0,0.0
813965674,0.0,0.0,0.0,-0.212198,0.268948,0.339645,0.0,0.0,0.0,-0.00222653,0.0,0.0,0.0,0.0,0.0,0.0,0.0,0.0,101.04,101.04,4.06625,0.0,0.0,0.0,0.0901456,0.0,0.0,0.0,0.0,0.0,0.000176547,0.00333897,0.00918144,0.0,0.0,0.0,0.0,0.0,0.0
814167275,0.0,0.0,0.0,-0.207519,0.265476,-0.0406036,0.0,0.0,0.0,-0.0148995,0.0,0.0,0.0,0.0,0.0,0.0,0.0,0.0,101.042,101.042,4.06631,0.0,0.0,0.0,0.0901455,0.0,0.0,0.0,0.0,0.0,0.000192809,0.000655021,0.0031616,0.0,0.0,0.0,0.0,0.0,0.0
814364873,0.0,0.0,0.0,-0.202471,0.265034,-0.40239,0.0,0.0,0.0,0.0102547,0.0,0.0,0.0,0.0,0.0,0.0,0.0,0.0,101.048,101.048,4.06673,0.0,0.0,0.0,0.0901456,0.0,0.0,0.0,0.0,0.0,0.000164113,0.00472309,0.0133825,0.0,0.0,0.0,0.0,0.0,0.0
814570476,0.0,0.0,0.0,-0.191177,0.260367,-0.296417,0.0,0.0,0.0,0.0184342,0.0,0.0,0.0,0.0,0.0,0.0,0.0,0.0,101.042,101.042,4.06593,0.0,0.0,0.0,0.0901455,0.0,0.0,0.0,0.0,0.0,0.000212946,0.00441238,0.0137251,0.0,0.0,0.0,0.0,0.0,0.0
814772077,0.0,0.0,0.0,-0.178447,0.258796,0.022934,0.0,0.0,0.0,-0.00156361,0.0,0.0,0.0,0.0,0.0,0.0,0.0,0.0,101.035,101.035,4.06517,0.0,0.0,0.0,0.0901455,0.0,0.0,0.0,0.0,0.0,0.000242502,0.00183606,0.00709872,0.0,0.0,0.0,0.0,0.0,0.0
814969674,0.0,0.0,0.0,-0.169691,0.259877,0.284363,0.0,0.0,0.0,-0.0130886,0.0,0.0,0.0,0.0,0.0,0.0,0.0,0.0,101.044,101.044,4.06608,0.0,0.0,0.0,0.0901458,0.0,0.0,0.0,0.0,0.0,0.000187733,0.000908267,0.00211571,0.0,0.0,0.0,0.0,0.0,0.0
815179271,0.0,0.0,0.0,-0.157031,0.257482,0.181046,0.0,0.0,0.0,0.0120098,0.0,0.0,0.0,0.0,0.0,0.0,0.0,0.0,101.041,101.041,4.06567,0.0,0.0,0.0,0.0901458,0.0,0.0,0.0,0.0,0.0,0.000235939,0.00328582,0.00928874,0.0,0.0,0.0,0.0,0.0,0.0
815380872,0.0,0.0,0.0,-0.145523,0.256761,-0.329575,0.0,0.0,0.0,0.0316896,0.0,0.0,0.0,0.0,0.0,0.0,0.0,0.0,101.046,101.046,4.06617,0.0,0.0,0.0,0.0901459,0.0,0.0,0.0,0.0,0.0,0.000300311,0.00304656,0.010383,0.0,0.0,0.0,0.0,0.0,0.0
815578473,0.0,0.0,0.0,-0.131375,0.253727,0.239792,0.0,0.0,0.0,0.0135966,0.0,0.0,0.0,0.0,0.0,0.0,0.0,0.0,101.048,101.048,4.06631,0.0,0.0,0.0,0.0901459,0.0,0.0,0.0,0.0,0.0,0.00032974,0.00360604,0.00988874,0.0,0.0,0.0,0.0,0.0,0.0
815780072,0.0,0.0,0.0,-0.114063,0.251221,-0.0915375,0.0,0.0,0.0,0.010493,0.0,0.0,0.0,0.0,0.0,0.0,0.0,0.0,101.041,101.041,4.06557,0.0,0.0,0.0,0.0901458,0.0,0.0,0.0,0.0,0.0,0.000320311,0.00719768,0.0215528,0.0,0.0,0.0,0.0,0.0,0.0
815981674,0.0,0.0,0.0,-0.0959834,0.247677,-0.57782,0.0,0.0,0.0,-0.000531897,0.0,0.0,0.0,0.0,0.0,0.0,0.0,0.0,101.043,101.043,4.06574,0.0,0.0,0.0,0.0901458,0.0,0.0,0.0,0.0,0.0,0.000327999,0.00194142,0.00763171,0.0,0.0,0.0,0.0,0.0,0.0
816187303,0.0,0.0,0.0,-0.0765695,0.246214,0.246857,0.0,0.0,0.0,0.0284286,0.0,0.0,0.0,0.0,0.0,0.0,0.0,0.0,101.049,101.049,4.06629,0.0,0.0,0.0,0.0901459,0.0,0.0,0.0,0.0,0.0,0.000341695,0.0105105,0.0327407,0.0,0.0,0.0,0.0,0.0,0.0
816384873,0.0,0.0,0.0,-0.0581432,0.242995,-0.0617523,0.0,0.0,0.0,0.017837,0.0,0.0,0.0,0.0,0.0,0.0,0.0,0.0,101.052,101.052,4.06655,0.0,0.0,0.0,0.0901458,0.0,0.0,0.0,0.0,0.0,0.000385238,0.00335507,0.0137867,0.0,0.0,0.0,0.0,0.0,0.0
816586471,0.0,0.0,0.0,-0.0399259,0.243066,-0.257736,0.0,0.0,0.0,0.0194728,0.0,0.0,0.0,0.0,0.0,0.0,0.0,0.0,101.059,101.059,4.06711,0.0,0.0,0.0,0.0901459,0.0,0.0,0.0,0.0,0.0,0.000417624,0.00278333,0.0122549,0.0,0.0,0.0,0.0,0.0,0.0
816788075,0.0,0.0,0.0,-0.0202129,0.241732,-0.20015,0.0,0.0,0.0,0.0284857,0.0,0.0,0.0,0.0,0.0,0.0,0.0,0.0,101.05,101.05,4.06605,0.0,0.0,0.0,0.0901459,0.0,0.0,0.0,0.0,0.0,0.000513043,0.00301899,0.0137047,0.0,0.0,0.0,0.0,0.0,0.0
816989679,0.0,0.0,0.0,0.00481614,0.244048,0.193558,0.0,0.0,0.0,0.0251949,0.0,0.0,0.0,0.0,0.0,0.0,0.0,0.0,101.042,101.042,4.06516,0.0,0.0,0.0,0.0901459,0.0,0.0,0.0,0.0,0.0,0.000718925,0.0059109,0.0216201,0.0,0.0,0.0,0.0,0.0,0.0
817199272,0.0,0.0,0.0,0.0297449,0.257985,-0.227936,0.0,0.0,0.0,0.0260678,0.0,0.0,0.0,0.0,0.0,0.0,0.0,0.0,101.041,101.041,4.06507,0.0,0.0,0.0,0.0901456,0.0,0.0,0.0,0.0,0.0,0.000712003,0.00362889,0.0164065,0.0,0.0,0.0,0.0,0.0,0.0
817396872,0.0,0.0,0.0,0.0519101,0.27353,0.252335,0.0,0.0,0.0,0.0380735,0.0,0.0,0.0,0.0,0.0,0.0,0.0,0.0,101.044,101.044,4.06529,0.0,0.0,0.0,0.0901456,0.0,0.0,0.0,0.0,0.0,0.000663828,0.00674691,0.0245096,0.0,0.0,0.0,0.0,0.0,0.0
817598463,0.0,0.0,0.0,0.0701456,0.285756,-0.918625,0.0,0.0,0.0,0.0535872,0.0,0.0,0.0,0.0,0.0,0.0,0.0,0.0,101.046,101.046,4.0653,0.0,0.0,0.0,0.0901457,0.0,0.0,0.0,0.0,0.0,0.000779336,0.00429967,0.018962,0.0,0.0,0.0,0.0,0.0,0.0
817808075,0.0,0.0,0.0,0.0915213,0.303452,-0.202789,0.0,0.0,0.0,0.0286957,0.0,0.0,0.0,0.0,0.0,0.0,0.0,0.0,101.053,101.053,4.06588,0.0,0.0,0.0,0.0901455,0.0,0.0,0.0,0.0,0.0,0.000946602,0.00473101,0.0207343,0.0,0.0,0.0,0.0,0.0,0.0
818005673,0.0,0.0,0.0,0.107098,0.331445,0.118149,0.0,0.0,0.0,0.0301654,0.0,0.0,0.0,0.0,0.0,0.0,0.0,0.0,101.06,101.06,4.06638,0.0,0.0,0.0,0.0901456,0.0,0.0,0.0,0.0,0.0,0.000876459,0.00446143,0.0209327,0.0,0.0,0.0,0.0,0.0,0.0
818211274,0.0,0.0,0.0,0.116987,0.374421,0.168259,0.0,0.0,0.0,0.0340608,0.0,0.0,0.0,0.0,0.0,0.0,0.0,0.0,101.065,101.065,4.06663,0.0,0.0,0.0,0.0901455,0.0,0.0,0.0,0.0,0.0,0.000832471,0.00976892,0.0334843,0.0,0.0,0.0,0.0,0.0,0.0
818412871,0.0,0.0,0.0,0.121491,0.43271,0.488342,0.0,0.0,0.0,0.0322882,0.0,0.0,0.0,0.0,0.0,0.0,0.0,0.0,101.065,101.065,4.0665,0.0,0.0,0.0,0.0901455,0.0,0.0,0.0,0.0,0.0,0.000812479,0.0105551,0.0366876,0.0,0.0,0.0,0.0,0.0,0.0
818618463,0.0,0.0,0.0,0.12771,0.51194,0.218765,0.0,0.0,0.0,0.0173493,0.0,0.0,0.0,0.0,0.0,0.0,0.0,0.0,101.061,101.061,4.06589,0.0,0.0,0.0,0.0901456,0.0,0.0,0.0,0.0,0.0,0.000733671,0.0194053,0.0640845,0.0,0.0,0.0,0.0,0.0,0.0
818820089,0.0,0.0,0.0,0.130381,0.580313,0.325745,0.0,0.0,0.0,0.0118669,0.0,0.0,0.0,0.0,0.0,0.0,0.0,0.0,101.067,101.067,4.06624,0.0,0.0,0.0,0.0901456,0.0,0.0,0.0,0.0,0.0,0.000453575,0.0223222,0.0736485,0.0,0.0,0.0,0.0,0.0,0.0
819025670,0.0,0.0,0.0,0.136525,0.637724,0.90863,0.0,0.0,0.0,-0.00520715,0.0,0.0,0.0,0.0,0.0,0.0,0.0,0.0,101.074,101.074,4.0667,0.0,0.0,0.0,0.0901454,0.0,0.0,0.0,0.0,0.0,0.000297121,0.0326045,0.104723,0.0,0.0,0.0,0.0,0.0,0.0
819227276,0.0,0.0,0.0,0.144081,0.671328,0.549759,0.0,0.0,0.0,-0.0292835,0.0,0.0,0.0,0.0,0.0,0.0,0.0,0.0,101.068,101.068,4.06588,0.0,0.0,0.0,0.0901453,0.0,0.0,0.0,0.0,0.0,0.000375268,0.0290601,0.0977024,0.0,0.0,0.0,0.0,0.0,0.0
819428071,0.0,0.0,0.0,0.156739,0.699813,-0.377411,0.0,0.0,0.0,-0.0244189,0.0,0.0,0.0,0.0,0.0,0.0,0.0,0.0,101.079,101.079,4.0667,0.0,0.0,0.0,0.0901452,0.0,0.0,0.0,0.0,0.0,0.000539789,0.0101013,0.0458298,0.0,0.0,0.0,0.0,0.0,0.0
819633671,0.0,0.0,0.0,0.170887,0.70615,0.206284,0.0,0.0,0.0,-0.0465038,0.0,0.0,0.0,0.0,0.0,0.0,0.0,0.0,101.08,101.08,4.06653,0.0,0.0,0.0,0.0901451,0.0,0.0,0.0,0.0,0.0,0.000736046,0.0103533,0.0449805,0.0,0.0,0.0,0.0,0.0,0.0
819835277,0.0,0.0,0.0,0.189487,0.70109,0.0701447,0.0,0.0,0.0,-0.0341003,0.0,0.0,0.0,0.0,0.0,0.0,0.0,0.0,101.084,101.084,4.06661,0.0,0.0,0.0,0.0901452,0.0,0.0,0.0,0.0,0.0,0.000841553,0.00984045,0.0407402,0.0,0.0,0.0,0.0,0.0,0.0
820036873,0.0,0.0,0.0,0.214173,0.680487,0.174225,0.0,0.0,0.0,-0.0409442,0.0,0.0,0.0,0.0,0.0,0.0,0.0,0.0,101.091,101.091,4.06702,0.0,0.0,0.0,0.0901451,0.0,0.0,0.0,0.0,0.0,0.000989198,0.00951921,0.0402356,0.0,0.0,0.0,0.0,0.0,0.0
820238477,0.0,0.0,0.0,0.240533,0.642028,-0.126633,0.0,0.0,0.0,-0.0337315,0.0,0.0,0.0,0.0,0.0,0.0,0.0,0.0,101.098,101.098,4.06739,0.0,0.0,0.0,0.0901451,0.0,0.0,0.0,0.0,0.0,0.000959525,0.0133811,0.0476176,0.0,0.0,0.0,0.0,0.0,0.0
820444087,0.0,0.0,0.0,0.270997,0.581099,0.811401,0.0,0.0,0.0,-0.0422919,0.0,0.0,0.0,0.0,0.0,0.0,0.0,0.0,101.096,101.096,4.06682,0.0,0.0,0.0,0.090145,0.0,0.0,0.0,0.0,0.0,0.00086952,0.0116538,0.0450972,0.0,0.0,0.0,0.0,0.0,0.0
820645664,0.0,0.0,0.0,0.306432,0.510942,-0.174957,0.0,0.0,0.0,-0.0189676,0.0,0.0,0.0,0.0,0.0,0.0,0.0,0.0,101.099,101.099,4.06685,0.0,0.0,0.0,0.090145,0.0,0.0,0.0,0.0,0.0,0.000586953,0.00675036,0.0270751,0.0,0.0,0.0,0.0,0.0,0.0
820851276,0.0,0.0,0.0,0.354129,0.410969,0.362183,0.0,0.0,0.0,-0.0198514,0.0,0.0,0.0,0.0,0.0,0.0,0.0,0.0,101.091,101.091,4.06586,0.0,0.0,0.0,0.0901452,0.0,0.0,0.0,0.0,0.0,0.000393264,0.025537,0.0773581,0.0,0.0,0.0,0.0,0.0,0.0
821048872,0.0,0.0,0.0,0.409995,0.323322,0.938812,0.0,0.0,0.0,0.0123338,0.0,0.0,0.0,0.0,0.0,0.0,0.0,0.0,101.093,101.094,4.06586,0.0,0.0,0.0,0.0901452,0.0,0.0,0.0,0.0,0.0,0.000318827,0.0315411,0.0981399,0.0,0.0,0.0,0.0,0.0,0.0
821250472,0.0,0.0,0.0,0.460539,0.241788,0.770828,0.0,0.0,0.0,0.00694883,0.0,0.0,0.0,0.0,0.0,0.0,0.0,0.0,101.099,101.1,4.06619,0.0,0.0,0.0,0.0901455,0.0,0.0,0.0,0.0,0.0,0.000421346,0.0314984,0.101785,0.0,0.0,0.0,0.0,0.0,0.0
821452092,0.0,0.0,0.0,0.486695,0.174642,0.395325,0.0,0.0,0.0,0.00870737,0.0,0.0,0.0,0.0,0.0,0.0,0.0,0.0,101.107,101.107,4.06662,0.0,0.0,0.0,0.0901454,0.0,0.0,0.0,0.0,0.0,0.000452041,0.0240876,0.0841406,0.0,0.0,0.0,0.0,0.0,0.0
821657665,0.0,0.0,0.0,0.487054,0.115057,0.0214233,0.0,0.0,0.0,0.0126092,0.0,0.0,0.0,0.0,0.0,0.0,0.0,0.0,101.111,101.111,4.06674,0.0,0.0,0.0,0.0901451,0.0,0.0,0.0,0.0,0.0,0.000392235,0.0131709,0.0558935,0.0,0.0,0.0,0.0,0.0,0.0
821859303,0.0,0.0,0.0,0.469401,0.0685903,0.397079,0.0,0.0,0.0,0.00173089,0.0,0.0,0.0,0.0,0.0,0.0,0.0,0.0,101.115,101.116,4.06695,0.0,0.0,0.0,0.0901451,0.0,0.0,0.0,0.0,0.0,0.000340357,0.0124111,0.0529496,0.0,0.0,0.0,0.0,0.0,0.0
822060863,0.0,0.0,0.0,0.444789,0.0262464,-0.319214,0.0,0.0,0.0,0.000725836,0.0,0.0,0.0,0.0,0.0,0.0,0.0,0.0,101.117,101.118,4.06693,0.0,0.0,0.0,0.0901451,0.0,0.0,0.0,0.0,0.0,0.000216377,0.0193604,0.0697489,0.0,0.0,0.0,0.0,0.0,0.0
822258471,0.0,0.0,0.0,0.407643,-0.0152504,0.438461,0.0,0.0,0.0,0.00483698,0.0,0.0,0.0,0.0,0.0,0.0,0.0,0.0,101.116,101.116,4.06662,0.0,0.0,0.0,0.090145,0.0,0.0,0.0,0.0,0.0,0.000201828,0.0198546,0.0736719,0.0,0.0,0.0,0.0,0.0,0.0
822460079,0.0,0.0,0.0,0.371263,-0.0468028,-0.180267,0.0,0.0,0.0,0.00429872,0.0,0.0,0.0,0.0,0.0,0.0,0.0,0.0,101.12,101.121,4.0668,0.0,0.0,0.0,0.0901449,0.0,0.0,0.0,0.0,0.0,0.000239102,0.014479,0.0604034,0.0,0.0,0.0,0.0,0.0,0.0
822669676,0.0,0.0,0.0,0.338695,-0.0709303,0.325058,0.0,0.0,0.0,0.0309363,0.0,0.0,0.0,0.0,0.0,0.0,0.0,0.0,101.123,101.123,4.06682,0.0,0.0,0.0,0.0901451,0.0,0.0,0.0,0.0,0.0,0.000358075,0.0132354,0.056211,0.0,0.0,0.0,0.0,0.0,0.0
822871274,0.0,0.0,0.0,0.308824,-0.0899223,0.489777,0.0,0.0,0.0,0.0151958,0.0,0.0,0.0,0.0,0.0,0.0,0.0,0.0,101.125,101.125,4.06679,0.0,0.0,0.0,0.0901449,0.0,0.0,0.0,0.0,0.0,0.000558248,0.0142275,0.0580581,0.0,0.0,0.0,0.0,0.0,0.0
823072879,0.0,0.0,0.0,0.284177,-0.100826,-0.523422,0.0,0.0,0.0,0.011765,0.0,0.0,0.0,0.0,0.0,0.0,0.0,0.0,101.115,101.115,4.06578,0.0,0.0,0.0,0.0901447,0.0,0.0,0.0,0.0,0.0,0.00049369,0.0222332,0.0773382,0.0,0.0,0.0,0.0,0.0,0.0
823274472,0.0,0.0,0.0,0.263345,-0.11145,-0.261292,0.0,0.0,0.0,0.006457,0.0,0.0,0.0,0.0,0.0,0.0,0.0,0.0,101.114,101.114,4.06558,0.0,0.0,0.0,0.0901446,0.0,0.0,0.0,0.0,0.0,0.000344931,0.0151678,0.058674,0.0,0.0,0.0,0.0,0.0,0.0
823476063,0.0,0.0,0.0,0.24645,-0.129976,0.722168,0.0,0.0,0.0,0.0154835,0.0,0.0,0.0,0.0,0.0,0.0,0.0,0.0,101.125,101.125,4.06644,0.0,0.0,0.0,0.0901446,0.0,0.0,0.0,0.0,0.0,0.00020774,0.0110494,0.047743,0.0,0.0,0.0,0.0,0.0,0.0
823681679,0.0,0.0,0.0,0.242915,-0.146616,0.238571,0.0,0.0,0.0,0.00338671,0.0,0.0,0.0,0.0,0.0,0.0,0.0,0.0,101.132,101.132,4.06684,0.0,0.0,0.0,0.0901446,0.0,0.0,0.0,0.0,0.0,0.000291152,0.00891284,0.04162,0.0,0.0,0.0,0.0,0.0,0.0
823883274,0.0,0.0,0.0,0.255354,-0.159458,0.10347,0.0,0.0,0.0,0.00108355,0.0,0.0,0.0,0.0,0.0,0.0,0.0,0.0,101.127,101.128,4.06634,0.0,0.0,0.0,0.0901447,0.0,0.0,0.0,0.0,0.0,0.000286903,0.0152964,0.0556162,0.0,0.0,0.0,0.0,0.0,0.0
824084893,0.0,0.0,0.0,0.286112,-0.172636,0.537918,0.0,0.0,0.0,0.0178814,0.0,0.0,0.0,0.0,0.0,0.0,0.0,0.0,101.134,101.134,4.06674,0.0,0.0,0.0,0.0901449,0.0,0.0,0.0,0.0,0.0,0.000239701,0.00838313,0.0379886,0.0,0.0,0.0,0.0,0.0,0.0
824286485,0.0,0.0,0.0,0.323056,-0.178763,0.273361,0.0,0.0,0.0,-0.00994775,0.0,0.0,0.0,0.0,0.0,0.0,0.0,0.0,101.123,101.123,4.06575,0.0,0.0,0.0,0.090145,0.0,0.0,0.0,0.0,0.0,0.000226635,0.0134422,0.0476501,0.0,0.0,0.0,0.0,0.0,0.0
824492063,0.0,0.0,0.0,0.371586,-0.186149,-0.0884552,0.0,0.0,0.0,-0.00947633,0.0,0.0,0.0,0.0,0.0,0.0,0.0,0.0,101.13,101.13,4.06624,0.0,0.0,0.0,0.090145,0.0,0.0,0.0,0.0,0.0,0.000213287,0.00968821,0.0385093,0.0,0.0,0.0,0.0,0.0,0.0
824689678,0.0,0.0,0.0,0.420423,-0.192606,0.507858,0.0,0.0,0.0,0.00288764,0.0,0.0,0.0,0.0,0.0,0.0,0.0,0.0,101.134,101.134,4.06649,0.0,0.0,0.0,0.0901451,0.0,0.0,0.0,0.0,0.0,0.000266582,0.0119065,0.0429454,0.0,0.0,0.0,0.0,0.0,0.0
824899271,0.0,0.0,0.0,0.463258,-0.195075,0.526443,0.0,0.0,0.0,-0.0325842,0.0,0.0,0.0,0.0,0.0,0.0,0.0,0.0,101.121,101.122,4.06536,0.0,0.0,0.0,0.0901449,0.0,0.0,0.0,0.0,0.0,0.000470846,0.0129099,0.0475482,0.0,0.0,0.0,0.0,0.0,0.0
825096877,0.0,0.0,0.0,0.505114,-0.197487,-0.174988,0.0,0.0,0.0,-0.0309657,0.0,0.0,0.0,0.0,0.0,0.0,0.0,0.0,101.124,101.124,4.06558,0.0,0.0,0.0,0.090145,0.0,0.0,0.0,0.0,0.0,0.000630061,0.00918027,0.0366335,0.0,0.0,0.0,0.0,0.0,0.0
825298473,0.0,0.0,0.0,0.542191,-0.198818,-0.341843,0.0,0.0,0.0,-0.0490893,0.0,0.0,0.0,0.0,0.0,0.0,0.0,0.0,101.129,101.129,4.06594,0.0,0.0,0.0,0.090145,0.0,0.0,0.0,0.0,0.0,0.000796204,0.0156533,0.0515602,0.0,0.0,0.0,0.0,0.0,0.0
825508073,0.0,0.0,0.0,0.573824,-0.197607,-0.227219,0.0,0.0,0.0,-0.053512,0.0,0.0,0.0,0.0,0.0,0.0,0.0,0.0,101.127,101.127,4.06575,0.0,0.0,0.0,0.0901451,0.0,0.0,0.0,0.0,0.0,0.00112108,0.0233156,0.0751441,0.0,0.0,0.0,0.0,0.0,0.0
825705673,0.0,0.0,0.0,0.601025,-0.197431,-0.446533,0.0,0.0,0.0,-0.0591877,0.0,0.0,0.0,0.0,0.0,0.0,0.0,0.0,101.129,101.129,4.0659,0.0,0.0,0.0,0.090145,0.0,0.0,0.0,0.0,0.0,0.00141343,0.0282287,0.0905083,0.0,0.0,0.0,0.0,0.0,0.0
825907270,0.0,0.0,0.0,0.612652,-0.198601,-0.450287,0.0,0.0,0.0,-0.0791724,0.0,0.0,0.0,0.0,0.0,0.0,0.0,0.0,101.133,101.134,4.06622,0.0,0.0,0.0,0.090145,0.0,0.0,0.0,0.0,0.0,0.00158648,0.0108787,0.0429609,0.0,0.0,0.0,0.0,0.0,0.0
826116864,0.0,0.0,0.0,0.613497,-0.190015,0.0118713,0.0,0.0,0.0,-0.080079,0.0,0.0,0.0,0.0,0.0,0.0,0.0,0.0,101.123,101.123,4.06532,0.0,0.0,0.0,0.0901451,0.0,0.0,0.0,0.0,0.0,0.0016191,0.0196463,0.0670519,0.0,0.0,0.0,0.0,0.0,0.0
826314470,0.0,0.0,0.0,0.609443,-0.176078,-0.513351,0.0,0.0,0.0,-0.0754299,0.0,0.0,0.0,0.0,0.0,0.0,0.0,0.0,101.122,101.122,4.06523,0.0,0.0,0.0,0.0901451,0.0,0.0,0.0,0.0,0.0,0.00162652,0.0230573,0.0758922,0.0,0.0,0.0,0.0,0.0,0.0
826516075,0.0,0.0,0.0,0.590276,-0.160957,-0.197495,0.0,0.0,0.0,-0.109792,0.0,0.0,0.0,0.0,0.0,0.0,0.0,0.0,101.122,101.123,4.06529,0.0,0.0,0.0,0.0901451,0.0,0.0,0.0,0.0,0.0,0.00188263,0.0166642,0.056737,0.0,0.0,0.0,0.0,0.0,0.0
826721675,0.0,0.0,0.0,0.565305,-0.139209,-0.708099,0.0,0.0,0.0,-0.112865,0.0,0.0,0.0,0.0,0.0,0.0,0.0,0.0,101.117,101.117,4.06487,0.0,0.0,0.0,0.0901449,0.0,0.0,0.0,0.0,0.0,0.00212474,0.0225552,0.0713049,0.0,0.0,0.0,0.0,0.0,0.0
826923271,0.0,0.0,0.0,0.539328,-0.122451,-0.471451,0.0,0.0,0.0,-0.104877,0.0,0.0,0.0,0.0,0.0,0.0,0.0,0.0,101.111,101.111,4.06434,0.0,0.0,0.0,0.0901447,0.0,0.0,0.0,0.0,0.0,0.0024326,0.0240689,0.0767285,0.0,0.0,0.0,0.0,0.0,0.0
827124877,0.0,0.0,0.0,0.515685,-0.115037,0.311035,0.0,0.0,0.0,-0.103234,0.0,0.0,0.0,0.0,0.0,0.0,0.0,0.0,101.115,101.115,4.06472,0.0,0.0,0.0,0.0901449,0.0,0.0,0.0,0.0,0.0,0.00232673,0.00997179,0.0357139,0.0,0.0,0.0,0.0,0.0,0.0
827334471,0.0,0.0,0.0,0.486865,-0.113494,-0.0578461,0.0,0.0,0.0,-0.0972517,0.0,0.0,0.0,0.0,0.0,0.0,0.0,0.0,101.106,101.107,4.06408,0.0,0.0,0.0,0.090145,0.0,0.0,0.0,0.0,0.0,0.00230006,0.00131483,0.00692806,0.0,0.0,0.0,0.0,0.0,0.0
827532072,0.0,0.0,0.0,0.458779,-0.124627,-0.355881,0.0,0.0,0.0,-0.0869185,0.0,0.0,0.0,0.0,0.0,0.0,0.0,0.0,101.115,101.115,4.06482,0.0,0.0,0.0,0.0901453,0.0,0.0,0.0,0.0,0.0,0.00201951,0.00262573,0.00670002,0.0,0.0,0.0,0.0,0.0,0.0
827732896,0.0,0.0,0.0,0.418948,-0.144388,0.010498,0.0,0.0,0.0,-0.100756,0.0,0.0,0.0,0.0,0.0,0.0,0.0,0.0,101.124,101.125,4.06564,0.0,0.0,0.0,0.0901453,0.0,0.0,0.0,0.0,0.0,0.00222467,0.00516733,0.0161898,0.0,0.0,0.0,0.0,0.0,0.0
827939271,0.0,0.0,0.0,0.361964,-0.166972,0.198334,0.0,0.0,0.0,-0.0938368,0.0,0.0,0.0,0.0,0.0,0.0,0.0,0.0,101.115,101.116,4.06487,0.0,0.0,0.0,0.0901453,0.0,0.0,0.0,0.0,0.0,0.00219959,0.00234818,0.00823868,0.0,0.0,0.0,0.0,0.0,0.0
828140073,0.0,0.0,0.0,0.320683,-0.192869,-0.400879,0.0,0.0,0.0,-0.0945765,0.0,0.0,0.0,0.0,0.0,0.0,0.0,0.0,101.121,101.121,4.06533,0.0,0.0,0.0,0.0901454,0.0,0.0,0.0,0.0,0.0,0.00194006,0.00360934,0.014122,0.0,0.0,0.0,0.0,0.0,0.0
828341696,0.0,0.0,0.0,0.28298,-0.216964,-0.0306091,0.0,0.0,0.0,-0.0920663,0.0,0.0,0.0,0.0,0.0,0.0,0.0,0.0,101.116,101.116,4.06492,0.0,0.0,0.0,0.0901453,0.0,0.0,0.0,0.0,0.0,0.00194213,0.00590668,0.0209845,0.0,0.0,0.0,0.0,0.0,0.0
828539273,0.0,0.0,0.0,0.245915,-0.239061,-0.00975037,0.0,0.0,0.0,-0.0803432,0.0,0.0,0.0,0.0,0.0,0.0,0.0,0.0,101.113,101.113,4.06472,0.0,0.0,0.0,0.0901453,0.0,0.0,0.0,0.0,0.0,0.00187895,0.00657034,0.0262706,0.0,0.0,0.0,0.0,0.0,0.0
828748877,0.0,0.0,0.0,0.197097,-0.264276,0.490692,0.0,0.0,0.0,-0.0755247,0.0,0.0,0.0,0.0,0.0,0.0,0.0,0.0,101.117,101.117,4.06505,0.0,0.0,0.0,0.0901454,0.0,0.0,0.0,0.0,0.0,0.00164048,0.00861824,0.0338632,0.0,0.0,0.0,0.0,0.0,0.0
828946470,0.0,0.0,0.0,0.144628,-0.285879,-0.217377,0.0,0.0,0.0,-0.0757109,0.0,0.0,0.0,0.0,0.0,0.0,0.0,0.0,101.111,101.111,4.06452,0.0,0.0,0.0,0.0901454,0.0,0.0,0.0,0.0,0.0,0.00156137,0.0125411,0.044517,0.0,0.0,0.0,0.0,0.0,0.0
829148079,0.0,0.0,0.0,0.0866822,-0.305353,-0.339935,0.0,0.0,0.0,-0.0589283,0.0,0.0,0.0,0.0,0.0,0.0,0.0,0.0,101.111,101.111,4.06455,0.0,0.0,0.0,0.0901456,0.0,0.0,0.0,0.0,0.0,0.00149039,0.0104545,0.0433716,0.0,0.0,0.0,0.0,0.0,0.0
829353670,0.0,0.0,0.0,0.0176714,-0.320337,-0.681,0.0,0.0,0.0,-0.0582696,0.0,0.0,0.0,0.0,0.0,0.0,0.0,0.0,101.107,101.107,4.06425,0.0,0.0,0.0,0.0901457,0.0,0.0,0.0,0.0,0.0,0.00138818,0.0119178,0.0467257,0.0,0.0,0.0,0.0,0.0,0.0
829555263,0.0,0.0,0.0,-0.0578182,-0.336451,-0.374374,0.0,0.0,0.0,-0.072604,0.0,0.0,0.0,0.0,0.0,0.0,0.0,0.0,101.109,101.109,4.06445,0.0,0.0,0.0,0.0901457,0.0,0.0,0.0,0.0,0.0,0.00145456,0.0146256,0.0556407,0.0,0.0,0.0,0.0,0.0,0.0
829756874,0.0,0.0,0.0,-0.145677,-0.351782,-0.165634,0.0,0.0,0.0,-0.0480911,0.0,0.0,0.0,0.0,0.0,0.0,0.0,0.0,101.109,101.109,4.06448,0.0,0.0,0.0,0.0901457,0.0,0.0,0.0,0.0,0.0,0.00151453,0.0166729,0.0643647,0.0,0.0,0.0,0.0,0.0,0.0
829962471,0.0,0.0,0.0,-0.226258,-0.36442,-0.475662,0.0,0.0,0.0,-0.0592474,0.0,0.0,0.0,0.0,0.0,0.0,0.0,0.0,101.105,101.105,4.06421,0.0,0.0,0.0,0.0901455,0.0,0.0,0.0,0.0,0.0,0.00152791,0.0142464,0.062206,0.0,0.0,0.0,0.0,0.0,0.0
830164075,0.0,0.0,0.0,-0.301515,-0.373667,0.0426178,0.0,0.0,0.0,-0.0574498,0.0,0.0,0.0,0.0,0.0,0.0,0.0,0.0,101.108,101.108,4.06449,0.0,0.0,0.0,0.0901457,0.0,0.0,0.0,0.0,0.0,0.00137247,0.0157153,0.0685453,0.0,0.0,0.0,0.0,0.0,0.0
830365674,0.0,0.0,0.0,-0.357297,-0.371071,0.614944,0.0,0.0,0.0,-0.064945,0.0,0.0,0.0,0.0,0.0,0.0,0.0,0.0,101.101,101.101,4.06388,0.0,0.0,0.0,0.0901458,0.0,0.0,0.0,0.0,0.0,0.00131584,0.0166817,0.0725704,0.0,0.0,0.0,0.0,0.0,0.0
830567264,0.0,0.0,0.0,-0.410511,-0.358443,-0.2229,0.0,0.0,0.0,-0.0549262,0.0,0.0,0.0,0.0,0.0,0.0,0.0,0.0,101.098,101.098,4.06364,0.0,0.0,0.0,0.0901457,0.0,0.0,0.0,0.0,0.0,0.00124211,0.0166516,0.0742566,0.0,0.0,0.0,0.0,0.0,0.0
830768875,0.0,0.0,0.0,-0.460788,-0.335275,0.0634766,0.0,0.0,0.0,-0.0485622,0.0,0.0,0.0,0.0,0.0,0.0,0.0,0.0,101.099,101.099,4.06382,0.0,0.0,0.0,0.090146,0.0,0.0,0.0,0.0,0.0,0.00114923,0.0197596,0.0815468,0.0,0.0,0.0,0.0,0.0,0.0
830974471,0.0,0.0,0.0,-0.500196,-0.312726,0.12529,0.0,0.0,0.0,-0.0493903,0.0,0.0,0.0,0.0,0.0,0.0,0.0,0.0,101.112,101.112,4.0649,0.0,0.0,0.0,0.0901462,0.0,0.0,0.0,0.0,0.0,0.00108378,0.0181563,0.0732759,0.0,0.0,0.0,0.0,0.0,0.0
831180076,0.0,0.0,0.0,-0.54006,-0.282879,0.0295868,0.0,0.0,0.0,-0.0240202,0.0,0.0,0.0,0.0,0.0,0.0,0.0,0.0,101.123,101.123,4.06577,0.0,0.0,0.0,0.0901461,0.0,0.0,0.0,0.0,0.0,0.00113119,0.0189391,0.0771643,0.0,0.0,0.0,0.0,0.0,0.0
831377670,0.0,0.0,0.0,-0.572319,-0.262698,-0.107254,0.0,0.0,0.0,-0.0308594,0.0,0.0,0.0,0.0,0.0,0.0,0.0,0.0,101.131,101.131,4.06644,0.0,0.0,0.0,0.090146,0.0,0.0,0.0,0.0,0.0,0.00107938,0.0152008,0.0651136,0.0,0.0,0.0,0.0,0.0,0.0
831587278,0.0,0.0,0.0,-0.6068,-0.229179,0.334747,0.0,0.0,0.0,-0.0585345,0.0,0.0,0.0,0.0,0.0,0.0,0.0,0.0,101.124,101.124,4.06576,0.0,0.0,0.0,0.090146,0.0,0.0,0.0,0.0,0.0,0.00112775,0.0184154,0.0764563,0.0,0.0,0.0,0.0,0.0,0.0
831788869,0.0,0.0,0.0,-0.645347,-0.203985,0.541412,0.0,0.0,0.0,-0.0544509,0.0,0.0,0.0,0.0,0.0,0.0,0.0,0.0,101.127,101.127,4.06595,0.0,0.0,0.0,0.0901458,0.0,0.0,0.0,0.0,0.0,0.00137923,0.0193924,0.0772227,0.0,0.0,0.0,0.0,0.0,0.0
831986463,0.0,0.0,0.0,-0.685609,-0.178472,-0.200943,0.0,0.0,0.0,-0.0599629,0.0,0.0,0.0,0.0,0.0,0.0,0.0,0.0,101.121,101.121,4.06544,0.0,0.0,0.0,0.0901457,0.0,0.0,0.0,0.0,0.0,0.00151845,0.0195154,0.0787002,0.0,0.0,0.0,0.0,0.0,0.0
832188071,0.0,0.0,0.0,-0.728788,-0.157997,-0.254272,0.0,0.0,0.0,-0.0630151,0.0,0.0,0.0,0.0,0.0,0.0,0.0,0.0,101.114,101.114,4.06484,0.0,0.0,0.0,0.0901455,0.0,0.0,0.0,0.0,0.0,0.00153498,0.0165317,0.072365,0.0,0.0,0.0,0.0,0.0,0.0
832389671,0.0,0.0,0.0,-0.776816,-0.142153,-0.0581207,0.0,0.0,0.0,-0.0580792,0.0,0.0,0.0,0.0,0.0,0.0,0.0,0.0,101.122,101.122,4.0655,0.0,0.0,0.0,0.0901456,0.0,0.0,0.0,0.0,0.0,0.0014545,0.0155431,0.0663198,0.0,0.0,0.0,0.0,0.0,0.0
832595277,0.0,0.0,0.0,-0.81467,-0.117649,0.574478,0.0,0.0,0.0,-0.0577023,0.0,0.0,0.0,0.0,0.0,0.0,0.0,0.0,101.126,101.126,4.06573,0.0,0.0,0.0,0.0901454,0.0,0.0,0.0,0.0,0.0,0.00145576,0.0158076,0.0692606,0.0,0.0,0.0,0.0,0.0,0.0
832792872,0.0,0.0,0.0,-0.848464,-0.0951851,-0.450912,0.0,0.0,0.0,-0.0390039,0.0,0.0,0.0,0.0,0.0,0.0,0.0,0.0,101.134,101.134,4.06642,0.0,0.0,0.0,0.0901453,0.0,0.0,0.0,0.0,0.0,0.00122281,0.0138781,0.0597119,0.0,0.0,0.0,0.0,0.0,0.0
832994471,0.0,0.0,0.0,-0.879039,-0.0732301,-0.228836,0.0,0.0,0.0,-0.0707022,0.0,0.0,0.0,0.0,0.0,0.0,0.0,0.0,101.126,101.126,4.06568,0.0,0.0,0.0,0.0901451,0.0,0.0,0.0,0.0,0.0,0.00121139,0.0172927,0.0704129,0.0,0.0,0.0,0.0,0.0,0.0
833196072,0.0,0.0,0.0,-0.920509,-0.0472089,-0.401184,0.0,0.0,0.0,-0.0196885,0.0,0.0,0.0,0.0,0.0,0.0,0.0,0.0,101.137,101.137,4.06657,0.0,0.0,0.0,0.0901451,0.0,0.0,0.0,0.0,0.0,0.00111615,0.0148827,0.0633625,0.0,0.0,0.0,0.0,0.0,0.0
833401667,0.0,0.0,0.0,-0.957657,-0.0157381,0.362244,0.0,0.0,0.0,-0.019986,0.0,0.0,0.0,0.0,0.0,0.0,0.0,0.0,101.148,101.148,4.06734,0.0,0.0,0.0,0.0901449,0.0,0.0,0.0,0.0,0.0,0.000779883,0.0149075,0.0621234,0.0,0.0,0.0,0.0,0.0,0.0
833603279,0.0,0.0,0.0,-0.969797,0.0119703,-0.032196,0.0,0.0,0.0,-0.0013327,0.0,0.0,0.0,0.0,0.0,0.0,0.0,0.0,101.138,101.138,4.06644,0.0,0.0,0.0,0.0901452,0.0,0.0,0.0,0.0,0.0,0.000636834,0.0180455,0.0726957,0.0,0.0,0.0,0.0,0.0,0.0
833804864,0.0,0.0,0.0,-0.989083,0.0398396,0.252274,0.0,0.0,0.0,0.0100042,0.0,0.0,0.0,0.0,0.0,0.0,0.0,0.0,101.144,101.144,4.06684,0.0,0.0,0.0,0.0901453,0.0,0.0,0.0,0.0,0.0,0.000497161,0.0167702,0.0682677,0.0,0.0,0.0,0.0,0.0,0.0
834002470,0.0,0.0,0.0,-0.998247,0.0656512,-0.594986,0.0,0.0,0.0,0.017433,0.0,0.0,0.0,0.0,0.0,0.0,0.0,0.0,101.137,101.137,4.0662,0.0,0.0,0.0,0.0901455,0.0,0.0,0.0,0.0,0.0,0.000527836,0.0151214,0.0653492,0.0,0.0,0.0,0.0,0.0,0.0
834204063,0.0,0.0,0.0,-1.01345,0.0861415,0.0388031,0.0,0.0,0.0,0.0099854,0.0,0.0,0.0,0.0,0.0,0.0,0.0,0.0,101.136,101.136,4.0661,0.0,0.0,0.0,0.0901453,0.0,0.0,0.0,0.0,0.0,0.00056567,0.013848,0.0585306,0.0,0.0,0.0,0.0,0.0,0.0
834409676,0.0,0.0,0.0,-1.02701,0.104684,0.712112,0.0,0.0,0.0,0.0409067,0.0,0.0,0.0,0.0,0.0,0.0,0.0,0.0,101.13,101.13,4.06556,0.0,0.0,0.0,0.0901453,0.0,0.0,0.0,0.0,0.0,0.000836196,0.0182128,0.0714898,0.0,0.0,0.0,0.0,0.0,0.0
834611270,0.0,0.0,0.0,-1.04165,0.119018,0.486053,0.0,0.0,0.0,0.0289967,0.0,0.0,0.0,0.0,0.0,0.0,0.0,0.0,101.122,101.122,4.06491,0.0,0.0,0.0,0.0901452,0.0,0.0,0.0,0.0,0.0,0.0010029,0.0180515,0.0723202,0.0,0.0,0.0,0.0,0.0,0.0
834808872,0.0,0.0,0.0,-1.06336,0.136516,-0.269043,0.0,0.0,0.0,0.0430263,0.0,0.0,0.0,0.0,0.0,0.0,0.0,0.0,101.129,101.129,4.0655,0.0,0.0,0.0,0.0901449,0.0,0.0,0.0,0.0,0.0,0.00101238,0.0175137,0.0683711,0.0,0.0,0.0,0.0,0.0,0.0
835010470,0.0,0.0,0.0,-1.05732,0.146287,-0.32988,0.0,0.0,0.0,0.0363508,0.0,0.0,0.0,0.0,0.0,0.0,0.0,0.0,101.126,101.126,4.0652,0.0,0.0,0.0,0.0901449,0.0,0.0,0.0,0.0,0.0,0.000998098,0.0123256,0.0519364,0.0,0.0,0.0,0.0,0.0,0.0
835212071,0.0,0.0,0.0,-1.03158,0.154863,-0.42334,0.0,0.0,0.0,0.0428767,0.0,0.0,0.0,0.0,0.0,0.0,0.0,0.0,101.124,101.124,4.06511,0.0,0.0,0.0,0.0901449,0.0,0.0,0.0,0.0,0.0,0.00106435,0.0117525,0.0488157,0.0,0.0,0.0,0.0,0.0,0.0
835413686,0.0,0.0,0.0,-0.98904,0.15992,0.168747,0.0,0.0,0.0,0.038993,0.0,0.0,0.0,0.0,0.0,0.0,0.0,0.0,101.127,101.127,4.06534,0.0,0.0,0.0,0.0901447,0.0,0.0,0.0,0.0,0.0,0.00112827,0.00957119,0.0387246,0.0,0.0,0.0,0.0,0.0,0.0
835623262,0.0,0.0,0.0,-0.906804,0.156001,0.0937042,0.0,0.0,0.0,0.037158,0.0,0.0,0.0,0.0,0.0,0.0,0.0,0.0,101.118,101.118,4.06459,0.0,0.0,0.0,0.0901446,0.0,0.0,0.0,0.0,0.0,0.00107355,0.00960698,0.037951,0.0,0.0,0.0,0.0,0.0,0.0
835824872,0.0,0.0,0.0,-0.823135,0.145191,0.461319,0.0,0.0,0.0,0.0421257,0.0,0.0,0.0,0.0,0.0,0.0,0.0,0.0,101.122,101.122,4.06496,0.0,0.0,0.0,0.0901446,0.0,0.0,0.0,0.0,0.0,0.000972786,0.0156527,0.0492457,0.0,0.0,0.0,0.0,0.0,0.0
836026473,0.0,0.0,0.0,-0.736098,0.135113,0.637253,0.0,0.0,0.0,0.0499724,0.0,0.0,0.0,0.0,0.0,0.0,0.0,0.0,101.125,101.125,4.06525,0.0,0.0,0.0,0.0901447,0.0,0.0,0.0,0.0,0.0,0.000948409,0.00859098,0.0290642,0.0,0.0,0.0,0.0,0.0,0.0
836228074,0.0,0.0,0.0,-0.646187,0.123921,0.121002,0.0,0.0,0.0,0.0304935,0.0,0.0,0.0,0.0,0.0,0.0,0.0,0.0,101.128,101.128,4.06549,0.0,0.0,0.0,0.0901446,0.0,0.0,0.0,0.0,0.0,0.000841825,0.00497564,0.0221862,0.0,0.0,0.0,0.0,0.0,0.0
836433676,0.0,0.0,0.0,-0.542563,0.105443,0.105347,0.0,0.0,0.0,0.030404,0.0,0.0,0.0,0.0,0.0,0.0,0.0,0.0,101.126,101.126,4.06536,0.0,0.0,0.0,0.0901444,0.0,0.0,0.0,0.0,0.0,0.000844068,0.00871934,0.0334441,0.0,0.0,0.0,0.0,0.0,0.0
836635276,0.0,0.0,0.0,-0.44451,0.0792728,0.76355,0.0,0.0,0.0,0.0355953,0.0,0.0,0.0,0.0,0.0,0.0,0.0,0.0,101.131,101.131,4.0658,0.0,0.0,0.0,0.0901444,0.0,0.0,0.0,0.0,0.0,0.00079864,0.00956114,0.0404787,0.0,0.0,0.0,0.0,0.0,0.0
837243278,0.0,0.0,0.0,-0.193941,-0.0284802,-0.00454712,0.0,0.0,0.0,0.0479336,0.0,0.0,0.0,0.0,0.0,0.0,0.0,0.0,101.121,101.121,4.065,0.0,0.0,0.0,0.0901443,0.0,0.0,0.0,0.0,0.0,0.000917756,0.0186065,0.0707141,0.0,0.0,0.0,0.0,0.0,0.0
837441669,0.0,0.0,0.0,-0.146578,-0.0696349,-0.280228,0.0,0.0,0.0,0.0484188,0.0,0.0,0.0,0.0,0.0,0.0,0.0,0.0,101.124,101.125,4.06527,0.0,0.0,0.0,0.0901446,0.0,0.0,0.0,0.0,0.0,0.000871319,0.0226128,0.0839864,0.0,0.0,0.0,0.0,0.0,0.0
837642477,0.0,0.0,0.0,-0.111382,-0.110632,0.291962,0.0,0.0,0.0,0.0456277,0.0,0.0,0.0,0.0,0.0,0.0,0.0,0.0,101.118,101.118,4.0647,0.0,0.0,0.0,0.0901447,0.0,0.0,0.0,0.0,0.0,0.0010723,0.0175561,0.0745782,0.0,0.0,0.0,0.0,0.0,0.0
837844073,0.0,0.0,0.0,-0.0787617,-0.140009,-0.259491,0.0,0.0,0.0,0.0572522,0.0,0.0,0.0,0.0,0.0,0.0,0.0,0.0,101.13,101.13,4.06571,0.0,0.0,0.0,0.0901447,0.0,0.0,0.0,0.0,0.0,0.00110683,0.0173043,0.0748651,0.0,0.0,0.0,0.0,0.0,0.0
838045682,0.0,0.0,0.0,-0.057639,-0.152772,0.46698,0.0,0.0,0.0,0.0415299,0.0,0.0,0.0,0.0,0.0,0.0,0.0,0.0,101.128,101.128,4.06554,0.0,0.0,0.0,0.0901449,0.0,0.0,0.0,0.0,0.0,0.000988662,0.0157675,0.0701564,0.0,0.0,0.0,0.0,0.0,0.0
838251273,0.0,0.0,0.0,-0.0511595,-0.159953,0.645721,0.0,0.0,0.0,0.0539752,0.0,0.0,0.0,0.0,0.0,0.0,0.0,0.0,101.131,101.131,4.06574,0.0,0.0,0.0,0.0901448,0.0,0.0,0.0,0.0,0.0,0.000962404,0.0161484,0.0688822,0.0,0.0,0.0,0.0,0.0,0.0
838452864,0.0,0.0,0.0,-0.0581449,-0.163096,-0.198639,0.0,0.0,0.0,0.0241483,0.0,0.0,0.0,0.0,0.0,0.0,0.0,0.0,101.132,101.132,4.06577,0.0,0.0,0.0,0.0901445,0.0,0.0,0.0,0.0,0.0,0.000879232,0.0211392,0.0770974,0.0,0.0,0.0,0.0,0.0,0.0
838654473,0.0,0.0,0.0,-0.0643379,-0.168003,-0.1035,0.0,0.0,0.0,0.025747,0.0,0.0,0.0,0.0,0.0,0.0,0.0,0.0,101.143,101.143,4.06667,0.0,0.0,0.0,0.0901444,0.0,0.0,0.0,0.0,0.0,0.000742548,0.0186795,0.0708014,0.0,0.0,0.0,0.0,0.0,0.0
838864074,0.0,0.0,0.0,-0.0589623,-0.176028,0.269211,0.0,0.0,0.0,0.0303605,0.0,0.0,0.0,0.0,0.0,0.0,0.0,0.0,101.14,101.14,4.06639,0.0,0.0,0.0,0.0901445,0.0,0.0,0.0,0.0,0.0,0.000590747,0.0145791,0.0599739,0.0,0.0,0.0,0.0,0.0,0.0
839061689,0.0,0.0,0.0,-0.0458227,-0.186528,-0.37825,0.0,0.0,0.0,0.0171186,0.0,0.0,0.0,0.0,0.0,0.0,0.0,0.0,101.137,101.137,4.06607,0.0,0.0,0.0,0.0901446,0.0,0.0,0.0,0.0,0.0,0.000588403,0.0114788,0.0496743,0.0,0.0,0.0,0.0,0.0,0.0
839267272,0.0,0.0,0.0,-0.017428,-0.204195,-0.0807648,0.0,0.0,0.0,0.0307026,0.0,0.0,0.0,0.0,0.0,0.0,0.0,0.0,101.131,101.131,4.06556,0.0,0.0,0.0,0.0901446,0.0,0.0,0.0,0.0,0.0,0.000527561,0.0109165,0.0476016,0.0,0.0,0.0,0.0,0.0,0.0
839468877,0.0,0.0,0.0,0.00569651,-0.221902,0.017395,0.0,0.0,0.0,0.0200927,0.0,0.0,0.0,0.0,0.0,0.0,0.0,0.0,101.122,101.122,4.06476,0.0,0.0,0.0,0.0901445,0.0,0.0,0.0,0.0,0.0,0.000597422,0.0110611,0.0479693,0.0,0.0,0.0,0.0,0.0,0.0
839670470,0.0,0.0,0.0,0.0219585,-0.238768,0.280807,0.0,0.0,0.0,0.028597,0.0,0.0,0.0,0.0,0.0,0.0,0.0,0.0,101.125,101.125,4.06506,0.0,0.0,0.0,0.0901445,0.0,0.0,0.0,0.0,0.0,0.000524574,0.0110713,0.046709,0.0,0.0,0.0,0.0,0.0,0.0
839876088,0.0,0.0,0.0,0.0388273,-0.247764,-0.355164,0.0,0.0,0.0,0.0125465,0.0,0.0,0.0,0.0,0.0,0.0,0.0,0.0,101.126,101.126,4.06518,0.0,0.0,0.0,0.0901445,0.0,0.0,0.0,0.0,0.0,0.00057799,0.0103762,0.0443516,0.0,0.0,0.0,0.0,0.0,0.0
840081663,0.0,0.0,0.0,0.0637882,-0.241489,-0.456451,0.0,0.0,0.0,0.0262525,0.0,0.0,0.0,0.0,0.0,0.0,0.0,0.0,101.127,101.127,4.06526,0.0,0.0,0.0,0.0901447,0.0,0.0,0.0,0.0,0.0,0.000537246,0.0138124,0.0523517,0.0,0.0,0.0,0.0,0.0,0.0
840283271,0.0,0.0,0.0,0.0900525,-0.225024,0.191315,0.0,0.0,0.0,0.0137126,0.0,0.0,0.0,0.0,0.0,0.0,0.0,0.0,101.118,101.118,4.06452,0.0,0.0,0.0,0.0901449,0.0,0.0,0.0,0.0,0.0,0.000525434,0.0146133,0.0551687,0.0,0.0,0.0,0.0,0.0,0.0
840484874,0.0,0.0,0.0,0.116636,-0.200136,0.216141,0.0,0.0,0.0,0.0312123,0.0,0.0,0.0,0.0,0.0,0.0,0.0,0.0,101.126,101.126,4.06518,0.0,0.0,0.0,0.0901449,0.0,0.0,0.0,0.0,0.0,0.000481899,0.0129249,0.0499948,0.0,0.0,0.0,0.0,0.0,0.0
840686472,0.0,0.0,0.0,0.128295,-0.164578,-0.596115,0.0,0.0,0.0,0.0315488,0.0,0.0,0.0,0.0,0.0,0.0,0.0,0.0,101.125,101.125,4.06516,0.0,0.0,0.0,0.0901449,0.0,0.0,0.0,0.0,0.0,0.000477414,0.0110634,0.0438761,0.0,0.0,0.0,0.0,0.0,0.0
840888071,0.0,0.0,0.0,0.134511,-0.12364,-0.567429,0.0,0.0,0.0,0.00532711,0.0,0.0,0.0,0.0,0.0,0.0,0.0,0.0,101.124,101.124,4.06504,0.0,0.0,0.0,0.0901448,0.0,0.0,0.0,0.0,0.0,0.000448588,0.00868989,0.0363447,0.0,0.0,0.0,0.0,0.0,0.0
841089674,0.0,0.0,0.0,0.143319,-0.0774062,0.284439,0.0,0.0,0.0,0.0238736,0.0,0.0,0.0,0.0,0.0,0.0,0.0,0.0,101.123,101.123,4.06496,0.0,0.0,0.0,0.0901451,0.0,0.0,0.0,0.0,0.0,0.00038866,0.00850072,0.0345309,0.0,0.0,0.0,0.0,0.0,0.0
841295285,0.0,0.0,0.0,0.161008,-0.0318807,0.109024,0.0,0.0,0.0,0.0185386,0.0,0.0,0.0,0.0,0.0,0.0,0.0,0.0,101.131,101.131,4.06562,0.0,0.0,0.0,0.0901451,0.0,0.0,0.0,0.0,0.0,0.000391196,0.0081911,0.0328706,0.0,0.0,0.0,0.0,0.0,0.0
841496864,0.0,0.0,0.0,0.1913,0.009201,0.511749,0.0,0.0,0.0,0.0097796,0.0,0.0,0.0,0.0,0.0,0.0,0.0,0.0,101.123,101.123,4.06496,0.0,0.0,0.0,0.090145,0.0,0.0,0.0,0.0,0.0,0.000337183,0.0111005,0.0410901,0.0,0.0,0.0,0.0,0.0,0.0
841698472,0.0,0.0,0.0,0.230944,0.0385191,0.094101,0.0,0.0,0.0,0.0179749,0.0,0.0,0.0,0.0,0.0,0.0,0.0,0.0,101.13,101.13,4.06558,0.0,0.0,0.0,0.090145,0.0,0.0,0.0,0.0,0.0,0.000250774,0.0158139,0.0544646,0.0,0.0,0.0,0.0,0.0,0.0
841900070,0.0,0.0,0.0,0.277712,0.0544119,-0.0801392,0.0,0.0,0.0,0.0162251,0.0,0.0,0.0,0.0,0.0,0.0,0.0,0.0,101.133,101.133,4.06578,0.0,0.0,0.0,0.0901449,0.0,0.0,0.0,0.0,0.0,0.000362276,0.0236073,0.0786622,0.0,0.0,0.0,0.0,0.0,0.0
842105678,0.0,0.0,0.0,0.332898,0.0650595,0.355194,0.0,0.0,0.0,-0.000991106,0.0,0.0,0.0,0.0,0.0,0.0,0.0,0.0,101.14,101.14,4.0663,0.0,0.0,0.0,0.0901451,0.0,0.0,0.0,0.0,0.0,0.000357958,0.0202126,0.0716523,0.0,0.0,0.0,0.0,0.0,0.0
842307302,0.0,0.0,0.0,0.395054,0.0757599,0.380676,0.0,0.0,0.0,0.012748,0.0,0.0,0.0,0.0,0.0,0.0,0.0,0.0,101.143,101.143,4.06652,0.0,0.0,0.0,0.0901453,0.0,0.0,0.0,0.0,0.0,0.000294307,0.0168352,0.0624987,0.0,0.0,0.0,0.0,0.0,0.0
842508864,0.0,0.0,0.0,0.448332,0.0883102,0.312592,0.0,0.0,0.0,0.0121339,0.0,0.0,0.0,0.0,0.0,0.0,0.0,0.0,101.132,101.132,4.06558,0.0,0.0,0.0,0.0901453,0.0,0.0,0.0,0.0,0.0,0.000354463,0.0172922,0.0649934,0.0,0.0,0.0,0.0,0.0,0.0
842714472,0.0,0.0,0.0,0.510373,0.106346,-0.0645142,0.0,0.0,0.0,-0.00119761,0.0,0.0,0.0,0.0,0.0,0.0,0.0,0.0,101.125,101.125,4.06499,0.0,0.0,0.0,0.0901453,0.0,0.0,0.0,0.0,0.0,0.000422217,0.0157691,0.0625397,0.0,0.0,0.0,0.0,0.0,0.0
842912073,0.0,0.0,0.0,0.564424,0.130254,0.218063,0.0,0.0,0.0,0.0040648,0.0,0.0,0.0,0.0,0.0,0.0,0.0,0.0,101.123,101.124,4.06492,0.0,0.0,0.0,0.0901451,0.0,0.0,0.0,0.0,0.0,0.000341272,0.0164586,0.0640038,0.0,0.0,0.0,0.0,0.0,0.0
843113677,0.0,0.0,0.0,0.614701,0.16287,-0.171555,0.0,0.0,0.0,0.00367865,0.0,0.0,0.0,0.0,0.0,0.0,0.0,0.0,101.125,101.125,4.06504,0.0,0.0,0.0,0.0901451,0.0,0.0,0.0,0.0,0.0,0.000358161,0.0211349,0.0789028,0.0,0.0,0.0,0.0,0.0,0.0
843323276,0.0,0.0,0.0,0.652269,0.199852,-0.0507507,0.0,0.0,0.0,-0.0129404,0.0,0.0,0.0,0.0,0.0,0.0,0.0,0.0,101.128,101.128,4.06532,0.0,0.0,0.0,0.0901454,0.0,0.0,0.0,0.0,0.0,0.000296606,0.0168146,0.0667912,0.0,0.0,0.0,0.0,0.0,0.0
843524863,0.0,0.0,0.0,0.678708,0.241931,0.200714,0.0,0.0,0.0,-0.0270489,0.0,0.0,0.0,0.0,0.0,0.0,0.0,0.0,101.126,101.126,4.06518,0.0,0.0,0.0,0.0901456,0.0,0.0,0.0,0.0,0.0,0.000377435,0.0177727,0.0722846,0.0,0.0,0.0,0.0,0.0,0.0
843726474,0.0,0.0,0.0,0.692973,0.281803,-0.731873,0.0,0.0,0.0,-0.00724414,0.0,0.0,0.0,0.0,0.0,0.0,0.0,0.0,101.121,101.121,4.06478,0.0,0.0,0.0,0.0901454,0.0,0.0,0.0,0.0,0.0,0.000496903,0.0192207,0.0759557,0.0,0.0,0.0,0.0,0.0,0.0
843932073,0.0,0.0,0.0,0.700414,0.322689,0.319656,0.0,0.0,0.0,-0.0239187,0.0,0.0,0.0,0.0,0.0,0.0,0.0,0.0,101.134,101.134,4.06582,0.0,0.0,0.0,0.0901453,0.0,0.0,0.0,0.0,0.0,0.000497655,0.0154256,0.0631047,0.0,0.0,0.0,0.0,0.0,0.0
844129670,0.0,0.0,0.0,0.688665,0.358632,-0.0903625,0.0,0.0,0.0,-0.0124134,0.0,0.0,0.0,0.0,0.0,0.0,0.0,0.0,101.129,101.129,4.06543,0.0,0.0,0.0,0.0901454,0.0,0.0,0.0,0.0,0.0,0.000546629,0.0165177,0.0688128,0.0,0.0,0.0,0.0,0.0,0.0
844331271,0.0,0.0,0.0,0.677691,0.392917,0.347565,0.0,0.0,0.0,-0.00337076,0.0,0.0,0.0,0.0,0.0,0.0,0.0,0.0,101.126,101.126,4.06514,0.0,0.0,0.0,0.0901455,0.0,0.0,0.0,0.0,0.0,0.000560661,0.0129823,0.0565787,0.0,0.0,0.0,0.0,0.0,0.0
844540864,0.0,0.0,0.0,0.667262,0.434381,-0.441238,0.0,0.0,0.0,-0.0146076,0.0,0.0,0.0,0.0,0.0,0.0,0.0,0.0,101.133,101.134,4.06578,0.0,0.0,0.0,0.0901457,0.0,0.0,0.0,0.0,0.0,0.000527267,0.0135459,0.0572836,0.0,0.0,0.0,0.0,0.0,0.0
844738470,0.0,0.0,0.0,0.656437,0.465262,-0.255417,0.0,0.0,0.0,-0.026368,0.0,0.0,0.0,0.0,0.0,0.0,0.0,0.0,101.139,101.14,4.06626,0.0,0.0,0.0,0.0901457,0.0,0.0,0.0,0.0,0.0,0.00053936,0.0150368,0.0586852,0.0,0.0,0.0,0.0,0.0,0.0
844940063,0.0,0.0,0.0,0.645459,0.489686,0.948288,0.0,0.0,0.0,-0.0154635,0.0,0.0,0.0,0.0,0.0,0.0,0.0,0.0,101.139,101.139,4.06623,0.0,0.0,0.0,0.0901456,0.0,0.0,0.0,0.0,0.0,0.000642921,0.0179309,0.0648136,0.0,0.0,0.0,0.0,0.0,0.0
845149675,0.0,0.0,0.0,0.634441,0.516828,0.276871,0.0,0.0,0.0,-0.00892693,0.0,0.0,0.0,0.0,0.0,0.0,0.0,0.0,101.136,101.136,4.06595,0.0,0.0,0.0,0.0901457,0.0,0.0,0.0,0.0,0.0,0.000570862,0.0135018,0.0550587,0.0,0.0,0.0,0.0,0.0,0.0
845347272,0.0,0.0,0.0,0.624152,0.550006,-0.26947,0.0,0.0,0.0,-0.0194135,0.0,0.0,0.0,0.0,0.0,0.0,0.0,0.0,101.142,101.142,4.06641,0.0,0.0,0.0,0.0901456,0.0,0.0,0.0,0.0,0.0,0.00061435,0.0113907,0.0484311,0.0,0.0,0.0,0.0,0.0,0.0
845552875,0.0,0.0,0.0,0.609206,0.578019,0.288834,0.0,0.0,0.0,-0.0388725,0.0,0.0,0.0,0.0,0.0,0.0,0.0,0.0,101.146,101.146,4.0667,0.0,0.0,0.0,0.0901455,0.0,0.0,0.0,0.0,0.0,0.000802534,0.0109794,0.0450783,0.0,0.0,0.0,0.0,0.0,0.0
845754471,0.0,0.0,0.0,0.585703,0.597422,-0.268188,0.0,0.0,0.0,-0.0596235,0.0,0.0,0.0,0.0,0.0,0.0,0.0,0.0,101.149,101.149,4.0669,0.0,0.0,0.0,0.0901457,0.0,0.0,0.0,0.0,0.0,0.000943877,0.00969094,0.0414527,0.0,0.0,0.0,0.0,0.0,0.0
845952089,0.0,0.0,0.0,0.536274,0.599848,-0.419922,0.0,0.0,0.0,-0.0521926,0.0,0.0,0.0,0.0,0.0,0.0,0.0,0.0,101.138,101.138,4.06589,0.0,0.0,0.0,0.0901456,0.0,0.0,0.0,0.0,0.0,0.00126472,0.0127411,0.0509233,0.0,0.0,0.0,0.0,0.0,0.0
846161671,0.0,0.0,0.0,0.474257,0.588732,0.134003,0.0,0.0,0.0,-0.0464805,0.0,0.0,0.0,0.0,0.0,0.0,0.0,0.0,101.129,101.129,4.0652,0.0,0.0,0.0,0.0901458,0.0,0.0,0.0,0.0,0.0,0.00126513,0.0101356,0.0426246,0.0,0.0,0.0,0.0,0.0,0.0
846363263,0.0,0.0,0.0,0.396345,0.563226,-0.232147,0.0,0.0,0.0,-0.0404519,0.0,0.0,0.0,0.0,0.0,0.0,0.0,0.0,101.128,101.128,4.06508,0.0,0.0,0.0,0.0901458,0.0,0.0,0.0,0.0,0.0,0.00105165,0.00978198,0.0398308,0.0,0.0,0.0,0.0,0.0,0.0
846564872,0.0,0.0,0.0,0.321284,0.535091,0.165466,0.0,0.0,0.0,9.12547e-05,0.0,0.0,0.0,0.0,0.0,0.0,0.0,0.0,101.126,101.126,4.06498,0.0,0.0,0.0,0.0901457,0.0,0.0,0.0,0.0,0.0,0.000822586,0.00969264,0.0366627,0.0,0.0,0.0,0.0,0.0,0.0
846770470,0.0,0.0,0.0,0.245247,0.505391,0.308929,0.0,0.0,0.0,-0.00828356,0.0,0.0,0.0,0.0,0.0,0.0,0.0,0.0,101.13,101.13,4.06527,0.0,0.0,0.0,0.0901456,0.0,0.0,0.0,0.0,0.0,0.000479329,0.00994662,0.0390694,0.0,0.0,0.0,0.0,0.0,0.0
846972078,0.0,0.0,0.0,0.188166,0.467539,0.286087,0.0,0.0,0.0,0.00382483,0.0,0.0,0.0,0.0,0.0,0.0,0.0,0.0,101.126,101.126,4.06499,0.0,0.0,0.0,0.0901458,0.0,0.0,0.0,0.0,0.0,0.000333494,0.0148102,0.052137,0.0,0.0,0.0,0.0,0.0,0.0
847169672,0.0,0.0,0.0,0.151029,0.430776,0.393921,0.0,0.0,0.0,-0.00187349,0.0,0.0,0.0,0.0,0.0,0.0,0.0,0.0,101.129,101.129,4.06524,0.0,0.0,0.0,0.0901458,0.0,0.0,0.0,0.0,0.0,0.000252097,0.0158341,0.0563516,0.0,0.0,0.0,0.0,0.0,0.0
847379263,0.0,0.0,0.0,0.133629,0.396767,0.199509,0.0,0.0,0.0,0.0132406,0.0,0.0,0.0,0.0,0.0,0.0,0.0,0.0,101.133,101.133,4.06564,0.0,0.0,0.0,0.0901456,0.0,0.0,0.0,0.0,0.0,0.000421728,0.0133912,0.0513949,0.0,0.0,0.0,0.0,0.0,0.0
847580873,0.0,0.0,0.0,0.134286,0.355541,0.0329437,0.0,0.0,0.0,-0.00282863,0.0,0.0,0.0,0.0,0.0,0.0,0.0,0.0,101.14,101.14,4.06616,0.0,0.0,0.0,0.0901459,0.0,0.0,0.0,0.0,0.0,0.000348884,0.0095558,0.0410804,0.0,0.0,0.0,0.0,0.0,0.0
847778475,0.0,0.0,0.0,0.152938,0.30267,-0.0474548,0.0,0.0,0.0,-0.000677615,0.0,0.0,0.0,0.0,0.0,0.0,0.0,0.0,101.137,101.137,4.06591,0.0,0.0,0.0,0.0901458,0.0,0.0,0.0,0.0,0.0,0.000257752,0.01334,0.0480972,0.0,0.0,0.0,0.0,0.0,0.0
847980071,0.0,0.0,0.0,0.181785,0.243316,-1.22168,0.0,0.0,0.0,-0.00492647,0.0,0.0,0.0,0.0,0.0,0.0,0.0,0.0,101.132,101.132,4.06557,0.0,0.0,0.0,0.0901459,0.0,0.0,0.0,0.0,0.0,0.000186485,0.0356109,0.109915,0.0,0.0,0.0,0.0,0.0,0.0
848185704,0.0,0.0,0.0,0.204362,0.174741,-0.766327,0.0,0.0,0.0,-0.0192906,0.0,0.0,0.0,0.0,0.0,0.0,0.0,0.0,101.122,101.122,4.06478,0.0,0.0,0.0,0.0901457,0.0,0.0,0.0,0.0,0.0,0.000325401,0.0325724,0.105543,0.0,0.0,0.0,0.0,0.0,0.0
848387271,0.0,0.0,0.0,0.218187,0.108476,-0.0939331,0.0,0.0,0.0,-0.0181436,0.0,0.0,0.0,0.0,0.0,0.0,0.0,0.0,101.116,101.116,4.06425,0.0,0.0,0.0,0.0901456,0.0,0.0,0.0,0.0,0.0,0.000631352,0.0244717,0.0840727,0.0,0.0,0.0,0.0,0.0,0.0
848588878,0.0,0.0,0.0,0.211821,0.0469138,-0.258163,0.0,0.0,0.0,-0.0340034,0.0,0.0,0.0,0.0,0.0,0.0,0.0,0.0,101.119,101.119,4.06463,0.0,0.0,0.0,0.0901456,0.0,0.0,0.0,0.0,0.0,0.000837151,0.0173818,0.0643174,0.0,0.0,0.0,0.0,0.0,0.0
848794477,0.0,0.0,0.0,0.205329,-0.00971259,0.00186157,0.0,0.0,0.0,-0.0382087,0.0,0.0,0.0,0.0,0.0,0.0,0.0,0.0,101.115,101.115,4.06429,0.0,0.0,0.0,0.0901456,0.0,0.0,0.0,0.0,0.0,0.000903064,0.0122833,0.0510465,0.0,0.0,0.0,0.0,0.0,0.0
848996070,0.0,0.0,0.0,0.00754337,-0.0265979,-0.0231934,0.0,0.0,0.0,-0.0283623,0.0,0.0,0.0,0.0,0.0,0.0,0.0,0.0,0.286488,0.286487,4.06481,0.0,0.0,0.0,0.0901457,0.0,0.0,0.0,0.0,0.0,0.00106672,0.0239489,0.101939,0.0,0.0,0.0,0.0,0.0,0.0
849201683,0.0,0.0,0.0,0.00529609,-0.0567771,0.244446,0.0,0.0,0.0,-0.0336639,0.0,0.0,0.0,0.0,0.0,0.0,0.0,0.0,0.268177,0.268176,4.06513,0.0,0.0,0.0,0.0901455,0.0,0.0,0.0,0.0,0.0,0.000946609,0.0239257,0.0792946,0.0,0.0,0.0,0.0,0.0,0.0
849403272,0.0,0.0,0.0,0.00675583,-0.0792131,0.38942,0.0,0.0,0.0,-0.0409424,0.0,0.0,0.0,0.0,0.0,0.0,0.0,0.0,0.264437,0.264436,4.06556,0.0,0.0,0.0,0.0901454,0.0,0.0,0.0,0.0,0.0,0.00111017,0.0336228,0.0854381,0.0,0.0,0.0,0.0,0.0,0.0
849604865,0.0,0.0,0.0,0.00740085,-0.0902899,0.210541,0.0,0.0,0.0,-0.0211301,0.0,0.0,0.0,0.0,0.0,0.0,0.0,0.0,0.262762,0.26276,4.06478,0.0,0.0,0.0,0.0901452,0.0,0.0,0.0,0.0,0.0,0.00133,0.045506,0.0980142,0.0,0.0,0.0,0.0,0.0,0.0
849806472,0.0,0.0,0.0,0.00836128,-0.0987606,0.0496368,0.0,0.0,0.0,-0.0156573,0.0,0.0,0.0,0.0,0.0,0.0,0.0,0.0,0.262935,0.262932,4.06542,0.0,0.0,0.0,0.0901456,0.0,0.0,0.0,0.0,0.0,0.00140879,0.0505207,0.0972606,0.0,0.0,0.0,0.0,0.0,0.0
850012087,0.0,0.0,0.0,0.00889245,-0.0992615,0.0159912,0.0,0.0,0.0,-0.0367596,0.0,0.0,0.0,0.0,0.0,0.0,0.0,0.0,0.263273,0.26327,4.06605,0.0,0.0,0.0,0.0901456,0.0,0.0,0.0,0.0,0.0,0.00139785,0.0488512,0.0921344,0.0,0.0,0.0,0.0,0.0,0.0
850217675,0.0,0.0,0.0,0.00851479,-0.0893808,-0.0259247,0.0,0.0,0.0,-0.0313422,0.0,0.0,0.0,0.0,0.0,0.0,0.0,0.0,0.262985,0.262983,4.06605,0.0,0.0,0.0,0.0901455,0.0,0.0,0.0,0.0,0.0,0.00154997,0.0487064,0.0899146,0.0,0.0,0.0,0.0,0.0,0.0
