timestamp,timestamp_last_signal,channel_count,rssi,rc_lost_frame_count,rc_total_frame_count,rc_ppm_frame_length,values[0],values[1],values[2],values[3],values[4],values[5],values[6],values[7],values[8],values[9],values[10],values[11],values[12],values[13],values[14],values[15],values[16],values[17],rc_failsafe,rc_lost,input_source
2362796261,2362796261,18,255,0,0,0,1485,1486,1927,1927,961,961,961,1514,964,964,1514,1514,1514,1514,1514,1514,1998,1998,0,0,4
2363016268,2363016268,18,255,0,0,0,1485,1486,1927,1927,961,961,961,1514,964,964,1514,1514,1514,1514,1514,1514,1998,1998,0,0,4
2363212302,2363212302,18,255,0,0,0,1485,1486,1927,1927,961,961,961,1514,964,964,1514,1514,1514,1514,1514,1514,1998,1998,0,0,4
2363400259,2363400259,18,255,0,0,0,1485,1486,1927,1927,961,961,961,1514,964,964,1514,1514,1514,1514,1514,1514,1998,1998,0,0,4
2363624271,2363624271,18,255,0,0,0,1485,1486,1927,1510,961,961,961,1514,964,964,1514,1514,1514,1514,1514,1514,1998,1998,0,0,4
2363820335,2363820335,18,255,0,0,0,1485,1486,1927,1515,961,961,961,1514,964,964,1514,1514,1514,1514,1514,1514,1998,1998,0,0,4
2364020259,2364020259,18,255,0,0,0,1485,1486,1927,1515,961,961,961,1514,964,964,1514,1514,1514,1514,1514,1514,1998,1998,0,0,4
2364236262,2364236262,18,255,0,0,0,1485,1486,1927,1515,961,961,961,1514,964,964,1514,1514,1514,1514,1514,1514,1998,1998,0,0,4
2364436341,2364436341,18,255,0,0,0,1485,1486,1927,1515,961,961,961,1514,964,964,1514,1514,1514,1514,1514,1514,1998,1998,0,0,4
2364637067,2364637067,18,255,0,0,0,1485,1486,1875,1514,961,961,961,1514,964,964,1514,1514,1514,1514,1514,1514,1998,1998,0,0,4
2364841160,2364841160,18,255,0,0,0,1485,1486,1815,1514,961,961,961,1514,964,964,1514,1514,1514,1514,1514,1514,1998,1998,0,0,4
2365045085,2365045085,18,255,0,0,0,1485,1486,1815,1514,961,961,961,1514,964,964,1514,1514,1514,1514,1514,1514,1998,1998,0,0,4
2365225063,2365225063,18,255,0,0,0,1485,1486,1815,1514,961,961,961,1514,964,964,1514,1514,1514,1514,1514,1514,1998,1998,0,0,4
2365429087,2365429087,18,255,0,0,0,1485,1486,1815,1514,961,961,961,1514,964,964,1514,1514,1514,1514,1514,1514,1998,1998,0,0,4
2365641167,2365641167,18,255,0,0,0,1485,1486,1818,1514,961,961,961,1514,964,964,1514,1514,1514,1514,1514,1514,1998,1998,0,0,4
2365841060,2365841060,18,255,0,0,0,1485,1486,1810,1514,961,961,961,1514,964,964,1514,1514,1514,1514,1514,1514,1998,1998,0,0,4
2366049058,2366049058,18,255,0,0,0,1485,1486,1767,1514,961,961,961,1514,964,964,1514,1514,1514,1514,1514,1514,1998,1998,0,0,4
2366261082,2366261082,18,255,0,0,0,1485,1486,1747,1514,961,961,961,1514,964,964,1514,1514,1514,1514,1514,1514,1998,1998,0,0,4
2366453073,2366453073,18,255,0,0,0,1485,1487,1745,1514,961,961,961,1514,964,964,1514,1514,1514,1514,1514,1514,1998,1998,0,0,4
2366657094,2366657094,18,255,0,0,0,1486,1486,1744,1514,961,961,961,1514,964,964,1514,1514,1514,1514,1514,1514,1998,1998,0,0,4
2366857084,2366857084,18,255,0,0,0,1485,1486,1712,1514,961,961,961,1514,964,964,1514,1514,1514,1514,1514,1514,1998,1998,0,0,4
2367061084,2367061084,18,255,0,0,0,1485,1486,1684,1514,961,961,961,1514,964,964,1514,1514,1514,1514,1514,1514,1998,1998,0,0,4
2367261073,2367261073,18,255,0,0,0,1484,1485,1683,1514,961,961,961,1514,964,964,1514,1514,1514,1514,1514,1514,1998,1998,0,0,4
2367457064,2367457064,18,255,0,0,0,1485,1486,1683,1514,961,961,961,1514,964,964,1514,1514,1514,1514,1514,1514,1998,1998,0,0,4
2367673397,2367673397,18,255,0,0,0,1484,1485,1644,1514,961,961,961,1514,964,964,1514,1514,1514,1514,1514,1514,1998,1998,0,0,4
2367877290,2367877290,18,255,0,0,0,1483,1485,1617,1513,961,961,961,1514,964,964,1514,1514,1514,1514,1514,1514,1998,1998,0,0,4
2368077286,2368077286,18,255,0,0,0,1483,1485,1587,1513,961,961,961,1514,964,964,1514,1514,1514,1514,1514,1514,1998,1998,0,0,4
2368277072,2368277072,18,255,0,0,0,1484,1485,1549,1513,961,961,961,1514,964,964,1514,1514,1514,1514,1514,1514,1998,1998,0,0,4
2368493066,2368493066,18,255,0,0,0,1483,1485,1518,1513,961,961,961,1514,964,964,1514,1514,1514,1514,1514,1514,1998,1998,0,0,4
2368693068,2368693068,18,255,0,0,0,1483,1485,1488,1514,961,961,961,1514,964,964,1514,1514,1514,1514,1514,1514,1998,1998,0,0,4
2368885868,2368885868,18,255,0,0,0,1478,1477,1490,1514,961,961,961,1514,964,964,1514,1514,1514,1514,1514,1514,1998,1998,0,0,4
2369086168,2369086168,18,255,0,0,0,1468,1472,1496,1514,961,961,961,1514,964,964,1514,1514,1514,1514,1514,1514,1998,1998,0,0,4
2369293861,2369293861,18,255,0,0,0,1467,1468,1499,1514,961,961,961,1514,964,964,1514,1514,1514,1514,1514,1514,1998,1998,0,0,4
2369497890,2369497890,18,255,0,0,0,1468,1458,1524,1514,961,961,961,1514,964,964,1514,1514,1514,1514,1514,1514,1998,1998,0,0,4
2369701858,2369701858,18,255,0,0,0,1464,1428,1523,1514,961,961,961,1514,964,964,1514,1514,1514,1514,1514,1514,1998,1998,0,0,4
2369901864,2369901864,18,255,0,0,0,1468,1407,1518,1514,961,961,961,1514,964,964,1514,1514,1514,1514,1514,1514,1998,1998,0,0,4
2370097860,2370097860,18,255,0,0,0,1473,1390,1490,1514,961,961,961,1514,964,964,1514,1514,1514,1514,1514,1514,1998,1998,0,0,4
2370301856,2370301856,18,255,0,0,0,1475,1390,1496,1514,961,961,961,1514,964,964,1514,1514,1514,1514,1514,1514,1998,1998,0,0,4
2370497857,2370497857,18,255,0,0,0,1462,1418,1523,1514,961,961,961,1514,964,964,1514,1514,1514,1514,1514,1514,1998,1998,0,0,4
2370698196,2370698196,18,255,0,0,0,1476,1485,1522,1514,961,961,961,1514,964,964,1514,1514,1514,1514,1514,1514,1998,1998,0,0,4
2370901870,2370901870,18,255,0,0,0,1485,1512,1518,1514,961,961,961,1514,964,964,1514,1514,1514,1514,1514,1514,1998,1998,0,0,4
2371113909,2371113909,18,255,0,0,0,1484,1537,1518,1514,961,961,961,1514,964,964,1514,1514,1514,1514,1514,1514,1998,1998,0,0,4
2371321867,2371321867,18,255,0,0,0,1483,1537,1524,1514,961,961,961,1514,964,964,1514,1514,1514,1514,1514,1514,1998,1998,0,0,4
2371529898,2371529898,18,255,0,0,0,1483,1538,1521,1514,961,961,961,1514,964,964,1514,1514,1514,1514,1514,1514,1998,1998,0,0,4
2371729907,2371729907,18,255,0,0,0,1483,1496,1519,1514,961,961,961,1514,964,964,1514,1514,1514,1514,1514,1514,1998,1998,0,0,4
2371930214,2371930214,18,255,0,0,0,1477,1500,1499,1514,961,961,961,1514,964,964,1514,1514,1514,1514,1514,1514,1998,1998,0,0,4
2372133897,2372133897,18,255,0,0,0,1478,1513,1490,1514,961,961,961,1514,964,964,1514,1514,1514,1514,1514,1514,1998,1998,0,0,4
2372326978,2372326978,18,255,0,0,0,1479,1498,1488,1514,961,961,961,1514,964,964,1514,1514,1514,1514,1514,1514,1998,1998,0,0,4
2372530667,2372530667,18,255,0,0,0,1483,1487,1495,1514,961,961,961,1514,964,964,1514,1514,1514,1514,1514,1514,1998,1998,0,0,4
2372730900,2372730900,18,255,0,0,0,1500,1483,1497,1514,961,961,961,1514,964,964,1514,1514,1514,1514,1514,1514,1998,1998,0,0,4
2372946665,2372946665,18,255,0,0,0,1486,1474,1524,1514,961,961,961,1514,964,964,1514,1514,1514,1514,1514,1514,1998,1998,0,0,4
2373130689,2373130689,18,255,0,0,0,1485,1474,1523,1514,961,961,961,1514,964,964,1514,1514,1514,1514,1514,1514,1998,1998,0,0,4
2373346893,2373346893,18,255,0,0,0,1485,1486,1518,1514,961,961,961,1514,964,964,1514,1514,1514,1514,1514,1514,1998,1998,0,0,4
2373546660,2373546660,18,255,0,0,0,1483,1472,1518,1514,961,961,961,1514,964,964,1514,1514,1514,1514,1514,1514,1998,1998,0,0,4
2373746689,2373746689,18,255,0,0,0,1425,1485,1517,1514,961,961,961,1514,964,964,1514,1514,1514,1514,1514,1514,1998,1998,0,0,4
2373950671,2373950671,18,255,0,0,0,1447,1487,1495,1514,961,961,961,1514,964,964,1514,1514,1514,1514,1514,1514,1998,1998,0,0,4
2374166735,2374166735,18,255,0,0,0,1486,1487,1498,1514,961,961,961,1514,964,964,1514,1514,1514,1514,1514,1514,1998,1998,0,0,4
2374370659,2374370659,18,255,0,0,0,1487,1487,1523,1514,961,961,961,1514,964,964,1514,1514,1514,1514,1514,1514,1998,1998,0,0,4
2374570890,2374570890,18,255,0,0,0,1487,1490,1520,1514,961,961,961,1514,964,964,1514,1514,1514,1514,1514,1514,1998,1998,0,0,4
2374770659,2374770659,18,255,0,0,0,1487,1487,1493,1514,961,961,961,1514,964,964,1514,1514,1514,1514,1514,1514,1998,1998,0,0,4
2374978736,2374978736,18,255,0,0,0,1518,1484,1495,1514,961,961,961,1514,964,964,1514,1514,1514,1514,1514,1514,1998,1998,0,0,4
2375162658,2375162658,18,255,0,0,0,1485,1484,1490,1514,961,961,961,1514,964,964,1514,1514,1514,1514,1514,1514,1998,1998,0,0,4
2375382656,2375382656,18,255,0,0,0,1483,1474,1487,1514,961,961,961,1514,964,964,1514,1514,1514,1514,1514,1514,1998,1998,0,0,4
2375582667,2375582667,18,255,0,0,0,1483,1474,1487,1514,961,961,961,1514,964,964,1514,1514,1514,1514,1514,1514,1998,1998,0,0,4
2375782997,2375782997,18,255,0,0,0,1486,1464,1458,1514,961,961,961,1514,964,964,1514,1514,1514,1514,1514,1514,1998,1998,0,0,4
2375990675,2375990675,18,255,0,0,0,1485,1462,1457,1514,961,961,961,1514,964,964,1514,1514,1514,1514,1514,1514,1998,1998,0,0,4
2376190674,2376190674,18,255,0,0,0,1485,1465,1461,1514,961,961,961,1514,964,964,1514,1514,1514,1514,1514,1514,1998,1998,0,0,4
2376390680,2376390680,18,255,0,0,0,1485,1468,1495,1514,961,961,961,1514,964,964,1514,1514,1514,1514,1514,1514,1998,1998,0,0,4
2376586664,2376586664,18,255,0,0,0,1485,1471,1508,1514,961,961,961,1514,964,964,1514,1514,1514,1514,1514,1514,1998,1998,0,0,4
2376803460,2376803460,18,255,0,0,0,1485,1476,1556,1514,961,961,961,1514,964,964,1514,1514,1514,1514,1514,1514,1998,1998,0,0,4
2376987503,2376987503,18,255,0,0,0,1485,1477,1591,1514,961,961,961,1514,964,964,1514,1514,1514,1514,1514,1514,1998,1998,0,0,4
2377187787,2377187787,18,255,0,0,0,1485,1481,1592,1514,961,961,961,1514,964,964,1514,1514,1514,1514,1514,1514,1998,1998,0,0,4
2377411544,2377411544,18,255,0,0,0,1484,1487,1583,1514,961,961,961,1514,964,964,1514,1514,1514,1514,1514,1514,1998,1998,0,0,4
2377607526,2377607526,18,255,0,0,0,1483,1488,1550,1514,961,961,961,1514,964,964,1514,1514,1514,1514,1514,1514,1998,1998,0,0,4
2377803506,2377803506,18,255,0,0,0,1484,1488,1550,1514,961,961,961,1514,964,964,1514,1514,1514,1514,1514,1514,1998,1998,0,0,4
2378019515,2378019515,18,255,0,0,0,1484,1488,1550,1514,961,961,961,1514,964,964,1514,1514,1514,1514,1514,1514,1998,1998,0,0,4
2378211459,2378211459,18,255,0,0,0,1484,1487,1522,1514,961,961,961,1514,964,964,1514,1514,1514,1514,1514,1514,1998,1998,0,0,4
2378407475,2378407475,18,255,0,0,0,1484,1487,1518,1514,961,961,961,1514,964,964,1514,1514,1514,1514,1514,1514,1998,1998,0,0,4
2378623468,2378623468,18,255,0,0,0,1484,1487,1488,1514,961,961,961,1514,964,964,1514,1514,1514,1514,1514,1514,1998,1998,0,0,4
2378819464,2378819464,18,255,0,0,0,1484,1487,1457,1514,961,961,961,1514,964,964,1514,1514,1514,1514,1514,1514,1998,1998,0,0,4
2379035464,2379035464,18,255,0,0,0,1484,1487,1453,1514,961,961,961,1514,964,964,1514,1514,1514,1514,1514,1514,1998,1998,0,0,4
2379219468,2379219468,18,255,0,0,0,1484,1487,1423,1514,961,961,961,1514,964,964,1514,1514,1514,1514,1514,1514,1998,1998,0,0,4
2379419772,2379419772,18,255,0,0,0,1484,1486,1420,1514,961,961,961,1514,964,964,1514,1514,1514,1514,1514,1514,1998,1998,0,0,4
2379623455,2379623455,18,255,0,0,0,1472,1486,1429,1514,961,961,961,1514,964,964,1514,1514,1514,1514,1514,1514,1998,1998,0,0,4
2379823473,2379823473,18,255,0,0,0,1482,1486,1462,1514,961,961,961,1514,964,964,1514,1514,1514,1514,1514,1514,1998,1998,0,0,4
2380043460,2380043460,18,255,0,0,0,1483,1486,1496,1514,961,961,961,1514,964,964,1514,1514,1514,1514,1514,1514,1998,1998,0,0,4
2380232264,2380232264,18,255,0,0,0,1485,1486,1505,1514,961,961,961,1514,964,964,1514,1514,1514,1514,1514,1514,1998,1998,0,0,4
2380432257,2380432257,18,255,0,0,0,1485,1486,1525,1514,961,961,961,1514,964,964,1514,1514,1514,1514,1514,1514,1998,1998,0,0,4
2380636259,2380636259,18,255,0,0,0,1485,1486,1555,1514,961,961,961,1514,964,964,1514,1514,1514,1514,1514,1514,1998,1998,0,0,4
2380848350,2380848350,18,255,0,0,0,1485,1486,1578,1514,961,961,961,1514,964,964,1514,1514,1514,1514,1514,1514,1998,1998,0,0,4
2381052288,2381052288,18,255,0,0,0,1485,1486,1592,1514,961,961,961,1514,964,964,1514,1514,1514,1514,1514,1514,1998,1998,0,0,4
2381244262,2381244262,18,255,0,0,0,1485,1486,1617,1514,961,961,961,1514,964,964,1514,1514,1514,1514,1514,1514,1998,1998,0,0,4
2381448344,2381448344,18,255,0,0,0,1484,1486,1583,1514,961,961,961,1514,964,964,1514,1514,1514,1514,1514,1514,1998,1998,0,0,4
2381648258,2381648258,18,255,0,0,0,1484,1486,1543,1514,961,961,961,1514,964,964,1514,1514,1514,1514,1514,1514,1998,1998,0,0,4
2381844263,2381844263,18,255,0,0,0,1484,1486,1542,1514,961,961,961,1514,964,964,1514,1514,1514,1514,1514,1514,1998,1998,0,0,4
2382056267,2382056267,18,255,0,0,0,1484,1486,1487,1514,961,961,961,1514,964,964,1514,1514,1514,1514,1514,1514,1998,1998,0,0,4
2382252277,2382252277,18,255,0,0,0,1484,1486,1454,1514,961,961,961,1514,964,964,1514,1514,1514,1514,1514,1514,1998,1998,0,0,4
2382448256,2382448256,18,255,0,0,0,1484,1486,1406,1514,961,961,961,1514,964,964,1514,1514,1514,1514,1514,1514,1998,1998,0,0,4
2382668340,2382668340,18,255,0,0,0,1484,1486,1388,1514,961,961,961,1514,964,964,1514,1514,1514,1514,1514,1514,1998,1998,0,0,4
2382864319,2382864319,18,255,0,0,0,1484,1486,1393,1514,961,961,961,1514,964,964,1514,1514,1514,1514,1514,1514,1998,1998,0,0,4
2383060298,2383060298,18,255,0,0,0,1485,1486,1461,1514,961,961,961,1514,964,964,1514,1514,1514,1514,1514,1514,1998,1998,0,0,4
2383260274,2383260274,18,255,0,0,0,1485,1486,1494,1514,961,961,961,1514,964,964,1514,1514,1514,1514,1514,1514,1998,1998,0,0,4
2383464309,2383464309,18,255,0,0,0,1485,1486,1497,1514,961,961,961,1514,964,964,1514,1514,1514,1514,1514,1514,1998,1998,0,0,4
2383668681,2383668681,18,255,0,0,0,1485,1486,1525,1514,961,961,961,1514,964,964,1514,1514,1514,1514,1514,1514,1998,1998,0,0,4
2383881098,2383881098,18,255,0,0,0,1485,1486,1533,1514,961,961,961,1514,964,964,1514,1514,1514,1514,1514,1514,1998,1998,0,0,4
2384081063,2384081063,18,255,0,0,0,1485,1486,1557,1514,961,961,961,1514,964,964,1514,1514,1514,1514,1514,1514,1998,1998,0,0,4
2384277092,2384277092,18,255,0,0,0,1485,1486,1592,1514,961,961,961,1514,964,964,1514,1514,1514,1514,1514,1514,1998,1998,0,0,4
2384477088,2384477088,18,255,0,0,0,1485,1486,1618,1514,961,961,961,1514,964,964,1514,1514,1514,1514,1514,1514,1998,1998,0,0,4
2384681059,2384681059,18,255,0,0,0,1485,1486,1584,1514,961,961,961,1514,964,964,1514,1514,1514,1514,1514,1514,1998,1998,0,0,4
2384901065,2384901065,18,255,0,0,0,1485,1486,1491,1514,961,961,961,1514,964,964,1514,1514,1514,1514,1514,1514,1998,1998,0,0,4
2385097299,2385097299,18,255,0,0,0,1485,1486,1458,1514,961,961,961,1514,964,964,1514,1514,1514,1514,1514,1514,1998,1998,0,0,4
2385297060,2385297060,18,255,0,0,0,1485,1486,1422,1514,961,961,961,1514,964,964,1514,1514,1514,1514,1514,1514,1998,1998,0,0,4
2385497067,2385497067,18,255,0,0,0,1487,1455,1419,1514,961,961,961,1514,964,964,1514,1514,1514,1514,1514,1514,1998,1998,0,0,4
2385693281,2385693281,18,255,0,0,0,1487,1417,1391,1514,961,961,961,1514,964,964,1514,1514,1514,1514,1514,1514,1998,1998,0,0,4
2385913186,2385913186,18,255,0,0,0,1487,1426,1393,1514,961,961,961,1514,964,964,1514,1514,1514,1514,1514,1514,1998,1998,0,0,4
2386117394,2386117394,18,255,0,0,0,1486,1449,1428,1514,961,961,961,1514,964,964,1514,1514,1514,1514,1514,1514,1998,1998,0,0,4
2386301086,2386301086,18,255,0,0,0,1486,1482,1496,1514,961,961,961,1514,964,964,1514,1514,1514,1514,1514,1514,1998,1998,0,0,4
2386521073,2386521073,18,255,0,0,0,1486,1487,1526,1514,961,961,961,1514,964,964,1514,1514,1514,1514,1514,1514,1998,1998,0,0,4
2386721070,2386721070,18,255,0,0,0,1487,1488,1557,1514,961,961,961,1514,964,964,1514,1514,1514,1514,1514,1514,1998,1998,0,0,4
2386925067,2386925067,18,255,0,0,0,1487,1488,1617,1514,961,961,961,1514,964,964,1514,1514,1514,1514,1514,1514,1998,1998,0,0,4
2387125392,2387125392,18,255,0,0,0,1487,1487,1622,1514,961,961,961,1514,964,964,1514,1514,1514,1514,1514,1514,1998,1998,0,0,4
2387329190,2387329190,18,255,0,0,0,1487,1487,1605,1515,961,961,961,1514,964,964,1514,1514,1514,1514,1514,1514,1998,1998,0,0,4
2387529109,2387529109,18,255,0,0,0,1486,1487,1583,1515,961,961,961,1514,964,964,1514,1514,1514,1514,1514,1514,1998,1998,0,0,4
2387725082,2387725082,18,255,0,0,0,1486,1487,1549,1515,961,961,961,1514,964,964,1514,1514,1514,1514,1514,1514,1998,1998,0,0,4
2387933132,2387933132,18,255,0,0,0,1486,1487,1487,1514,961,961,961,1514,964,964,1514,1514,1514,1514,1514,1514,1998,1998,0,0,4
2388145161,2388145161,18,255,0,0,0,1486,1487,1454,1514,961,961,961,1514,964,964,1514,1514,1514,1514,1514,1514,1998,1998,0,0,4
2388345074,2388345074,18,255,0,0,0,1486,1487,1420,1514,961,961,961,1514,964,964,1514,1514,1514,1514,1514,1514,1998,1998,0,0,4
2388541870,2388541870,18,255,0,0,0,1486,1487,1402,1514,961,961,961,1514,964,964,1514,1514,1514,1514,1514,1514,1998,1998,0,0,4
2388733906,2388733906,18,255,0,0,0,1486,1487,1428,1514,961,961,961,1514,964,964,1514,1514,1514,1514,1514,1514,1998,1998,0,0,4
2388941858,2388941858,18,255,0,0,0,1486,1487,1429,1514,961,961,961,1514,964,964,1514,1514,1514,1514,1514,1514,1998,1998,0,0,4
2389157868,2389157868,18,255,0,0,0,1486,1487,1460,1514,961,961,961,1514,964,964,1514,1514,1514,1514,1514,1514,1998,1998,0,0,4
2389349870,2389349870,18,255,0,0,0,1486,1487,1502,1514,961,961,961,1514,964,964,1514,1514,1514,1514,1514,1514,1998,1998,0,0,4
2389549880,2389549880,18,255,0,0,0,1486,1487,1557,1514,961,961,961,1514,964,964,1514,1514,1514,1514,1514,1514,1998,1998,0,0,4
2389754165,2389754165,18,255,0,0,0,1486,1487,1601,1514,961,961,961,1514,964,964,1514,1514,1514,1514,1514,1514,1998,1998,0,0,4
2389970185,2389970185,18,255,0,0,0,1486,1487,1619,1514,961,961,961,1514,964,964,1514,1514,1514,1514,1514,1514,1998,1998,0,0,4
2390153881,2390153881,18,255,0,0,0,1486,1487,1596,1514,961,961,961,1514,964,964,1514,1514,1514,1514,1514,1514,1998,1998,0,0,4
2390353895,2390353895,18,255,0,0,0,1486,1487,1583,1514,961,961,961,1514,964,964,1514,1514,1514,1514,1514,1514,1998,1998,0,0,4
2390577865,2390577865,18,255,0,0,0,1486,1487,1512,1514,961,961,961,1514,964,964,1514,1514,1514,1514,1514,1514,1998,1998,0,0,4
2390777859,2390777859,18,255,0,0,0,1486,1487,1454,1514,961,961,961,1514,964,964,1514,1514,1514,1514,1514,1514,1998,1998,0,0,4
2390969859,2390969859,18,255,0,0,0,1486,1486,1420,1514,961,961,961,1514,964,964,1514,1514,1514,1514,1514,1514,1998,1998,0,0,4
2391169860,2391169860,18,255,0,0,0,1486,1486,1388,1514,961,961,961,1514,964,964,1514,1514,1514,1514,1514,1514,1998,1998,0,0,4
2391385860,2391385860,18,255,0,0,0,1486,1486,1383,1514,961,961,961,1514,964,964,1514,1514,1514,1514,1514,1514,1998,1998,0,0,4
2391586703,2391586703,18,255,0,0,0,1486,1486,1398,1514,961,961,961,1514,964,964,1514,1514,1514,1514,1514,1514,1998,1998,0,0,4
2391786657,2391786657,18,255,0,0,0,1486,1486,1439,1514,961,961,961,1514,964,964,1514,1514,1514,1514,1514,1514,1998,1998,0,0,4
2391986981,2391986981,18,255,0,0,0,1486,1486,1496,1514,961,961,961,1514,964,964,1514,1514,1514,1514,1514,1514,1998,1998,0,0,4
2392190669,2392190669,18,255,0,0,0,1486,1486,1556,1514,961,961,961,1514,964,964,1514,1514,1514,1514,1514,1514,1998,1998,0,0,4
2392394893,2392394893,18,255,0,0,0,1486,1486,1590,1514,961,961,961,1514,964,964,1514,1514,1514,1514,1514,1514,1998,1998,0,0,4
2392602657,2392602657,18,255,0,0,0,1486,1486,1589,1514,961,961,961,1514,964,964,1514,1514,1514,1514,1514,1514,1998,1998,0,0,4
2392802672,2392802672,18,255,0,0,0,1486,1485,1585,1514,961,961,961,1514,964,964,1514,1514,1514,1514,1514,1514,1998,1998,0,0,4
2393010692,2393010692,18,255,0,0,0,1486,1485,1523,1514,961,961,961,1514,964,964,1514,1514,1514,1514,1514,1514,1998,1998,0,0,4
2393198665,2393198665,18,255,0,0,0,1486,1485,1525,1514,961,961,961,1514,964,964,1514,1514,1514,1514,1514,1514,1998,1998,0,0,4
2393418670,2393418670,18,255,0,0,0,1486,1474,1524,1514,961,961,961,1514,964,964,1514,1514,1514,1514,1514,1514,1998,1998,0,0,4
2393614662,2393614662,18,255,0,0,0,1485,1475,1523,1514,961,961,961,1514,964,964,1514,1514,1514,1514,1514,1514,1998,1998,0,0,4
2393810667,2393810667,18,255,0,0,0,1485,1478,1555,1514,961,961,961,1514,964,964,1514,1514,1514,1514,1514,1514,1998,1998,0,0,4
2394018889,2394018889,18,255,0,0,0,1485,1480,1497,1514,961,961,961,1514,964,964,1514,1514,1514,1514,1514,1514,1998,1998,0,0,4
2394222686,2394222686,18,255,0,0,0,1485,1481,1454,1514,961,961,961,1514,964,964,1514,1514,1514,1514,1514,1514,1998,1998,0,0,4
2394418670,2394418670,18,255,0,0,0,1485,1482,1424,1514,961,961,961,1514,964,964,1514,1514,1514,1514,1514,1514,1998,1998,0,0,4
2394618671,2394618671,18,255,0,0,0,1485,1475,1428,1514,961,961,961,1514,964,964,1514,1514,1514,1514,1514,1514,1998,1998,0,0,4
2394831005,2394831005,18,255,0,0,0,1485,1440,1428,1514,961,961,961,1514,964,964,1514,1514,1514,1514,1514,1514,1998,1998,0,0,4
2395022673,2395022673,18,255,0,0,0,1485,1427,1457,1514,961,961,961,1514,964,964,1514,1514,1514,1514,1514,1514,1998,1998,0,0,4
2395226989,2395226989,18,255,0,0,0,1485,1424,1520,1514,961,961,961,1514,964,964,1514,1514,1514,1514,1514,1514,1998,1998,0,0,4
2395422658,2395422658,18,255,0,0,0,1485,1438,1556,1514,961,961,961,1514,964,964,1514,1514,1514,1514,1514,1514,1998,1998,0,0,4
2395626662,2395626662,18,255,0,0,0,1485,1472,1555,1514,961,961,961,1514,964,964,1514,1514,1514,1514,1514,1514,1998,1998,0,0,4
2395830680,2395830680,18,255,0,0,0,1485,1487,1553,1514,961,961,961,1514,964,964,1514,1514,1514,1514,1514,1514,1998,1998,0,0,4
2396047467,2396047467,18,255,0,0,0,1485,1487,1552,1514,961,961,961,1514,964,964,1514,1514,1514,1514,1514,1514,1998,1998,0,0,4
2396231467,2396231467,18,255,0,0,0,1485,1487,1549,1514,961,961,961,1514,964,964,1514,1514,1514,1514,1514,1514,1998,1998,0,0,4
2396455476,2396455476,18,255,0,0,0,1485,1487,1495,1514,961,961,961,1514,964,964,1514,1514,1514,1514,1514,1514,1998,1998,0,0,4
2396651475,2396651475,18,255,0,0,0,1485,1487,1454,1514,961,961,961,1514,964,964,1514,1514,1514,1514,1514,1514,1998,1998,0,0,4
2396847872,2396847872,18,255,0,0,0,1484,1486,1421,1514,961,961,961,1514,964,964,1514,1514,1514,1514,1514,1514,1998,1998,0,0,4
2397043488,2397043488,18,255,0,0,0,1485,1486,1427,1514,961,961,961,1514,964,964,1514,1514,1514,1514,1514,1514,1998,1998,0,0,4
2397263459,2397263459,18,255,0,0,0,1485,1486,1498,1514,961,961,961,1514,964,964,1514,1514,1514,1514,1514,1514,1998,1998,0,0,4
2397467463,2397467463,18,255,0,0,0,1485,1486,1582,1514,961,961,961,1514,964,964,1514,1514,1514,1514,1514,1514,1998,1998,0,0,4
2397663458,2397663458,18,255,0,0,0,1485,1486,1618,1514,961,961,961,1514,964,964,1514,1514,1514,1514,1514,1514,1998,1998,0,0,4
2397859484,2397859484,18,255,0,0,0,1485,1487,1560,1514,961,961,961,1514,964,964,1514,1514,1514,1514,1514,1514,1998,1998,0,0,4
2398067457,2398067457,18,255,0,0,0,1485,1487,1445,1514,961,961,961,1514,964,964,1514,1514,1514,1514,1514,1514,1998,1998,0,0,4
2398267458,2398267458,18,255,0,0,0,1485,1486,1384,1514,961,961,961,1514,964,964,1514,1514,1514,1514,1514,1514,1998,1998,0,0,4
2398467787,2398467787,18,255,0,0,0,1485,1487,1428,1514,961,961,961,1514,964,964,1514,1514,1514,1514,1514,1514,1998,1998,0,0,4
2398683794,2398683794,18,255,0,0,0,1485,1487,1527,1514,961,961,961,1514,964,964,1514,1514,1514,1514,1514,1514,1998,1998,0,0,4
2398883466,2398883466,18,255,0,0,0,1485,1487,1606,1514,961,961,961,1514,964,964,1514,1514,1514,1514,1514,1514,1998,1998,0,0,4
2399083467,2399083467,18,255,0,0,0,1485,1487,1583,1514,961,961,961,1514,964,964,1514,1514,1514,1514,1514,1514,1998,1998,0,0,4
2399283471,2399283471,18,255,0,0,0,1485,1486,1485,1514,961,961,961,1514,964,964,1514,1514,1514,1514,1514,1514,1998,1998,0,0,4
2399480267,2399480267,18,255,0,0,0,1485,1486,1455,1514,961,961,961,1514,964,964,1514,1514,1514,1514,1514,1514,1998,1998,0,0,4
2399684262,2399684262,18,255,0,0,0,1485,1486,1494,1514,961,961,961,1514,964,964,1514,1514,1514,1514,1514,1514,1998,1998,0,0,4
2399904294,2399904294,18,255,0,0,0,1486,1482,1570,1514,961,961,961,1514,964,964,1514,1514,1514,1514,1514,1514,1998,1998,0,0,4
2400104257,2400104257,18,255,0,0,0,1485,1454,1483,1514,961,961,961,1514,964,964,1514,1514,1514,1514,1514,1514,1998,1998,0,0,4
2400292282,2400292282,18,255,0,0,0,1485,1455,1455,1514,961,961,961,1514,964,964,1514,1514,1514,1514,1514,1514,1998,1998,0,0,4
2400492286,2400492286,18,255,0,0,0,1484,1458,1546,1514,961,961,961,1514,964,964,1514,1514,1514,1514,1514,1514,1998,1998,0,0,4
2400712336,2400712336,18,255,0,0,0,1484,1468,1453,1514,961,961,961,1514,964,964,1514,1514,1514,1514,1514,1514,1998,1998,0,0,4
2400908270,2400908270,18,255,0,0,0,1484,1472,1535,1514,961,961,961,1514,964,964,1514,1514,1514,1514,1514,1514,1998,1998,0,0,4
2401116276,2401116276,18,255,0,0,0,1484,1478,1467,1514,961,961,961,1514,964,964,1514,1514,1514,1514,1514,1514,1998,1998,0,0,4
2401312594,2401312594,18,255,0,0,0,1484,1486,1443,1514,961,961,961,1514,964,964,1514,1514,1514,1514,1514,1514,1998,1998,0,0,4
2401504380,2401504380,18,255,0,0,0,1484,1483,1527,1513,961,961,961,1514,964,964,1514,1514,1514,1514,1514,1514,1998,1998,0,0,4
2401724263,2401724263,18,255,0,0,0,1485,1483,1558,1507,961,961,961,1514,964,964,1514,1514,1514,1514,1514,1514,1998,1998,0,0,4
2401928351,2401928351,18,255,0,0,0,1484,1463,1477,1514,961,961,961,1514,964,964,1514,1514,1514,1514,1514,1514,1998,1998,0,0,4
2402128286,2402128286,18,255,0,0,0,1448,1472,1487,1514,961,961,961,1514,964,964,1514,1514,1514,1514,1514,1514,1998,1998,0,0,4
2402332284,2402332284,18,255,0,0,0,1439,1464,1496,1514,961,961,961,1514,964,964,1514,1514,1514,1514,1514,1514,1998,1998,0,0,4
2402528262,2402528262,18,255,0,0,0,1424,1459,1496,1514,961,961,961,1514,964,964,1514,1514,1514,1514,1514,1514,1998,1998,0,0,4
2402728289,2402728289,18,255,0,0,0,1448,1444,1526,1514,961,961,961,1514,964,964,1514,1514,1514,1514,1514,1514,1998,1998,0,0,4
2402932586,2402932586,18,255,0,0,0,1437,1454,1525,1514,961,961,961,1514,964,964,1514,1514,1514,1514,1514,1514,1998,1998,0,0,4
2403144271,2403144271,18,255,0,0,0,1440,1455,1512,1514,961,961,961,1514,964,964,1514,1514,1514,1514,1514,1514,1998,1998,0,0,4
2403336318,2403336318,18,255,0,0,0,1467,1440,1488,1514,961,961,961,1514,964,964,1514,1514,1514,1514,1514,1514,1998,1998,0,0,4
2403549082,2403549082,18,255,0,0,0,1482,1426,1487,1514,961,961,961,1514,964,964,1514,1514,1514,1514,1514,1514,1998,1998,0,0,4
2403741062,2403741062,18,255,0,0,0,1482,1425,1487,1514,961,961,961,1514,964,964,1514,1514,1514,1514,1514,1514,1998,1998,0,0,4
2403957069,2403957069,18,255,0,0,0,1484,1467,1487,1514,961,961,961,1514,964,964,1514,1514,1514,1514,1514,1514,1998,1998,0,0,4
2404149290,2404149290,18,255,0,0,0,1487,1486,1491,1514,961,961,961,1514,964,964,1514,1514,1514,1514,1514,1514,1998,1998,0,0,4
2404341057,2404341057,18,255,0,0,0,1514,1486,1503,1514,961,961,961,1514,964,964,1514,1514,1514,1514,1514,1514,1998,1998,0,0,4
2404549057,2404549057,18,255,0,0,0,1493,1487,1504,1514,961,961,961,1514,964,964,1514,1514,1514,1514,1514,1514,1998,1998,0,0,4
2404765073,2404765073,18,255,0,0,0,1486,1487,1503,1514,961,961,961,1514,964,964,1514,1514,1514,1514,1514,1514,1998,1998,0,0,4
2404961059,2404961059,18,255,0,0,0,1485,1486,1501,1514,961,961,961,1514,964,964,1514,1514,1514,1514,1514,1514,1998,1998,0,0,4
2405157058,2405157058,18,255,0,0,0,1485,1485,1497,1514,961,961,961,1514,964,964,1514,1514,1514,1514,1514,1514,1998,1998,0,0,4
2405373093,2405373093,18,255,0,0,0,1487,1487,1497,1514,961,961,961,1514,964,964,1514,1514,1514,1514,1514,1514,1998,1998,0,0,4
2405561385,2405561385,18,255,0,0,0,1521,1487,1499,1514,961,961,961,1514,964,964,1514,1514,1514,1514,1514,1514,1998,1998,0,0,4
2405781061,2405781061,18,255,0,0,0,1487,1471,1523,1514,961,961,961,1514,964,964,1514,1514,1514,1514,1514,1514,1998,1998,0,0,4
2405973085,2405973085,18,255,0,0,0,1514,1472,1517,1514,961,961,961,1514,964,964,1514,1514,1514,1514,1514,1514,1998,1998,0,0,4
2406173527,2406173527,18,255,0,0,0,1486,1486,1498,1514,961,961,961,1514,964,964,1514,1514,1514,1514,1514,1514,1998,1998,0,0,4
2406377085,2406377085,18,255,0,0,0,1502,1483,1495,1514,961,961,961,1514,964,964,1514,1514,1514,1514,1514,1514,1998,1998,0,0,4
2406577066,2406577066,18,255,0,0,0,1488,1478,1497,1514,961,961,961,1514,964,964,1514,1514,1514,1514,1514,1514,1998,1998,0,0,4
2406777067,2406777067,18,255,0,0,0,1487,1465,1498,1514,961,961,961,1514,964,964,1514,1514,1514,1514,1514,1514,1998,1998,0,0,4
2406977063,2406977063,18,255,0,0,0,1492,1467,1524,1514,961,961,961,1514,964,964,1514,1514,1514,1514,1514,1514,1998,1998,0,0,4
2407197282,2407197282,18,255,0,0,0,1495,1486,1523,1514,961,961,961,1514,964,964,1514,1514,1514,1514,1514,1514,1998,1998,0,0,4
2407393063,2407393063,18,255,0,0,0,1497,1483,1517,1514,961,961,961,1514,964,964,1514,1514,1514,1514,1514,1514,1998,1998,0,0,4
2407593062,2407593062,18,255,0,0,0,1487,1470,1503,1514,961,961,961,1514,964,964,1514,1514,1514,1514,1514,1514,1998,1998,0,0,4
2407809861,2407809861,18,255,0,0,0,1493,1432,1491,1514,961,961,961,1514,964,964,1514,1514,1514,1514,1514,1514,1998,1998,0,0,4
2408013937,2408013937,18,255,0,0,0,1487,1438,1492,1514,961,961,961,1514,964,964,1514,1514,1514,1514,1514,1514,1998,1998,0,0,4
2408209868,2408209868,18,255,0,0,0,1485,1447,1492,1514,961,961,961,1514,964,964,1514,1514,1514,1514,1514,1514,1998,1998,0,0,4
2408409863,2408409863,18,255,0,0,0,1486,1453,1497,1514,961,961,961,1514,964,964,1514,1514,1514,1514,1514,1514,1998,1998,0,0,4
2408605874,2408605874,18,255,0,0,0,1487,1487,1523,1513,961,961,961,1514,964,964,1514,1514,1514,1514,1514,1514,1998,1998,0,0,4
2408805855,2408805855,18,255,0,0,0,1487,1488,1505,1510,961,961,961,1514,964,964,1514,1514,1514,1514,1514,1514,1998,1998,0,0,4
2409001873,2409001873,18,255,0,0,0,1551,1491,1494,1513,961,961,961,1514,964,964,1514,1514,1514,1514,1514,1514,1998,1998,0,0,4
2409205865,2409205865,18,255,0,0,0,1486,1485,1485,1514,961,961,961,1514,964,964,1514,1514,1514,1514,1514,1514,1998,1998,0,0,4
2409425881,2409425881,18,255,0,0,0,1485,1484,1488,1514,961,961,961,1514,964,964,1514,1514,1514,1514,1514,1514,1998,1998,0,0,4
2409625857,2409625857,18,255,0,0,0,1479,1485,1494,1514,961,961,961,1514,964,964,1514,1514,1514,1514,1514,1514,1998,1998,0,0,4
2409825889,2409825889,18,255,0,0,0,1483,1484,1493,1514,961,961,961,1514,964,964,1514,1514,1514,1514,1514,1514,1998,1998,0,0,4
2410029900,2410029900,18,255,0,0,0,1485,1484,1493,1514,961,961,961,1514,964,964,1514,1514,1514,1514,1514,1514,1998,1998,0,0,4
2410217889,2410217889,18,255,0,0,0,1485,1484,1496,1514,961,961,961,1514,964,964,1514,1514,1514,1514,1514,1514,1998,1998,0,0,4
2410437877,2410437877,18,255,0,0,0,1486,1485,1488,1514,961,961,961,1514,964,964,1514,1514,1514,1514,1514,1514,1998,1998,0,0,4
2410625861,2410625861,18,255,0,0,0,1488,1499,1487,1514,961,961,961,1514,964,964,1514,1514,1514,1514,1514,1514,1998,1998,0,0,4
2410841860,2410841860,18,255,0,0,0,1487,1493,1476,1514,961,961,961,1514,964,964,1514,1514,1514,1514,1514,1514,1998,1998,0,0,4
2411037902,2411037902,18,255,0,0,0,1487,1485,1458,1514,961,961,961,1514,964,964,1514,1514,1514,1514,1514,1514,1998,1998,0,0,4
2411241859,2411241859,18,255,0,0,0,1487,1483,1461,1514,961,961,961,1514,964,964,1514,1514,1514,1514,1514,1514,1998,1998,0,0,4
2411441865,2411441865,18,255,0,0,0,1487,1482,1462,1514,961,961,961,1514,964,964,1514,1514,1514,1514,1514,1514,1998,1998,0,0,4
2411638660,2411638660,18,255,0,0,0,1495,1483,1494,1514,961,961,961,1514,964,964,1514,1514,1514,1514,1514,1514,1998,1998,0,0,4
2411842660,2411842660,18,255,0,0,0,1493,1483,1494,1514,961,961,961,1514,964,964,1514,1514,1514,1514,1514,1514,1998,1998,0,0,4
2412046668,2412046668,18,255,0,0,0,1493,1486,1493,1514,961,961,961,1514,964,964,1514,1514,1514,1514,1514,1514,1998,1998,0,0,4
2412266659,2412266659,18,255,0,0,0,1486,1512,1503,1514,961,961,961,1514,964,964,1514,1514,1514,1514,1514,1514,1998,1998,0,0,4
2412466661,2412466661,18,255,0,0,0,1487,1503,1524,1514,961,961,961,1514,964,964,1514,1514,1514,1514,1514,1514,1998,1998,0,0,4
2412670687,2412670687,18,255,0,0,0,1486,1486,1525,1514,961,961,961,1514,964,964,1514,1514,1514,1514,1514,1514,1998,1998,0,0,4
2412874682,2412874682,18,255,0,0,0,1483,1497,1525,1514,961,961,961,1514,964,964,1514,1514,1514,1514,1514,1514,1998,1998,0,0,4
2413070683,2413070683,18,255,0,0,0,1485,1510,1525,1514,961,961,961,1514,964,964,1514,1514,1514,1514,1514,1514,1998,1998,0,0,4
2413266888,2413266888,18,255,0,0,0,1485,1508,1524,1514,961,961,961,1514,964,964,1514,1514,1514,1514,1514,1514,1998,1998,0,0,4
2413474661,2413474661,18,255,0,0,0,1485,1515,1524,1514,961,961,961,1514,964,964,1514,1514,1514,1514,1514,1514,1998,1998,0,0,4
2413678667,2413678667,18,255,0,0,0,1486,1515,1524,1514,961,961,961,1514,964,964,1514,1514,1514,1514,1514,1514,1998,1998,0,0,4
2413874663,2413874663,18,255,0,0,0,1486,1512,1524,1514,961,961,961,1514,964,964,1514,1514,1514,1514,1514,1514,1998,1998,0,0,4
2414074737,2414074737,18,255,0,0,0,1487,1508,1526,1514,961,961,961,1514,964,964,1514,1514,1514,1514,1514,1514,1998,1998,0,0,4
2414278672,2414278672,18,255,0,0,0,1487,1505,1540,1514,961,961,961,1514,964,964,1514,1514,1514,1514,1514,1514,1998,1998,0,0,4
2414474703,2414474703,18,255,0,0,0,1487,1502,1555,1514,961,961,961,1514,964,964,1514,1514,1514,1514,1514,1514,1998,1998,0,0,4
2414698694,2414698694,18,255,0,0,0,1486,1500,1549,1514,961,961,961,1514,964,964,1514,1514,1514,1514,1514,1514,1998,1998,0,0,4
2414882689,2414882689,18,255,0,0,0,1486,1497,1517,1514,961,961,961,1514,964,964,1514,1514,1514,1514,1514,1514,1998,1998,0,0,4
2415098662,2415098662,18,255,0,0,0,1486,1495,1494,1514,961,961,961,1514,964,964,1514,1514,1514,1514,1514,1514,1998,1998,0,0,4
2415298688,2415298688,18,255,0,0,0,1486,1489,1465,1514,961,961,961,1514,964,964,1514,1514,1514,1514,1514,1514,1998,1998,0,0,4
2415494707,2415494707,18,255,0,0,0,1486,1488,1432,1514,961,961,961,1514,964,964,1514,1514,1514,1514,1514,1514,1998,1998,0,0,4
2415690689,2415690689,18,255,0,0,0,1487,1486,1423,1514,961,961,961,1514,964,964,1514,1514,1514,1514,1514,1514,1998,1998,0,0,4
2415911471,2415911471,18,255,0,0,0,1486,1483,1427,1514,961,961,961,1514,964,964,1514,1514,1514,1514,1514,1514,1998,1998,0,0,4
2416107463,2416107463,18,255,0,0,0,1486,1480,1455,1514,961,961,961,1514,964,964,1514,1514,1514,1514,1514,1514,1998,1998,0,0,4
2416303465,2416303465,18,255,0,0,0,1486,1480,1461,1514,961,961,961,1514,964,964,1514,1514,1514,1514,1514,1514,1998,1998,0,0,4
2416503469,2416503469,18,255,0,0,0,1486,1481,1461,1514,961,961,961,1514,964,964,1514,1514,1514,1514,1514,1514,1998,1998,0,0,4
2416723793,2416723793,18,255,0,0,0,1486,1482,1495,1514,961,961,961,1514,964,964,1514,1514,1514,1514,1514,1514,1998,1998,0,0,4
2416923484,2416923484,18,255,0,0,0,1487,1484,1495,1514,961,961,961,1514,964,964,1514,1514,1514,1514,1514,1514,1998,1998,0,0,4
2417119811,2417119811,18,255,0,0,0,1487,1500,1495,1514,961,961,961,1514,964,964,1514,1514,1514,1514,1514,1514,1998,1998,0,0,4
2417327469,2417327469,18,255,0,0,0,1488,1515,1496,1514,961,961,961,1514,964,964,1514,1514,1514,1514,1514,1514,1998,1998,0,0,4
2417531541,2417531541,18,255,0,0,0,1494,1523,1495,1514,961,961,961,1514,964,964,1514,1514,1514,1514,1514,1514,1998,1998,0,0,4
2417731816,2417731816,18,255,0,0,0,1487,1503,1496,1514,961,961,961,1514,964,964,1514,1514,1514,1514,1514,1514,1998,1998,0,0,4
2417927459,2417927459,18,255,0,0,0,1487,1488,1525,1514,961,961,961,1514,964,964,1514,1514,1514,1514,1514,1514,1998,1998,0,0,4
2418127779,2418127779,18,255,0,0,0,1487,1486,1524,1514,961,961,961,1514,964,964,1514,1514,1514,1514,1514,1514,1998,1998,0,0,4
2418331470,2418331470,18,255,0,0,0,1487,1483,1526,1514,961,961,961,1514,964,964,1514,1514,1514,1514,1514,1514,1998,1998,0,0,4
2418535508,2418535508,18,255,0,0,0,1500,1472,1527,1514,961,961,961,1514,964,964,1514,1514,1514,1514,1514,1514,1998,1998,0,0,4
2418735498,2418735498,18,255,0,0,0,1518,1485,1527,1514,961,961,961,1514,964,964,1514,1514,1514,1514,1514,1514,1998,1998,0,0,4
2418931490,2418931490,18,255,0,0,0,1502,1487,1526,1514,961,961,961,1514,964,964,1514,1514,1514,1514,1514,1514,1998,1998,0,0,4
2419152269,2419152269,18,255,0,0,0,1494,1486,1537,1514,961,961,961,1514,964,964,1514,1514,1514,1514,1514,1514,1998,1998,0,0,4
2419356277,2419356277,18,255,0,0,0,1493,1486,1537,1514,961,961,961,1514,964,964,1514,1514,1514,1514,1514,1514,1998,1998,0,0,4
2419560267,2419560267,18,255,0,0,0,1487,1485,1525,1514,961,961,961,1514,964,964,1514,1514,1514,1514,1514,1514,1998,1998,0,0,4
2419752300,2419752300,18,255,0,0,0,1487,1485,1523,1514,961,961,961,1514,964,964,1514,1514,1514,1514,1514,1514,1998,1998,0,0,4
2419956265,2419956265,18,255,0,0,0,1487,1485,1518,1514,961,961,961,1514,964,964,1514,1514,1514,1514,1514,1514,1998,1998,0,0,4
2420156257,2420156257,18,255,0,0,0,1486,1485,1496,1514,961,961,961,1514,964,964,1514,1514,1514,1514,1514,1514,1998,1998,0,0,4
2420352276,2420352276,18,255,0,0,0,1486,1485,1494,1514,961,961,961,1514,964,964,1514,1514,1514,1514,1514,1514,1998,1998,0,0,4
2420572368,2420572368,18,255,0,0,0,1486,1485,1495,1514,961,961,961,1514,964,964,1514,1514,1514,1514,1514,1514,1998,1998,0,0,4
2420776262,2420776262,18,255,0,0,0,1486,1485,1487,1514,961,961,961,1514,964,964,1514,1514,1514,1514,1514,1514,1998,1998,0,0,4
2420976260,2420976260,18,255,0,0,0,1486,1485,1459,1514,961,961,961,1514,964,964,1514,1514,1514,1514,1514,1514,1998,1998,0,0,4
2421184272,2421184272,18,255,0,0,0,1485,1485,1458,1514,961,961,961,1514,964,964,1514,1514,1514,1514,1514,1514,1998,1998,0,0,4
2421368582,2421368582,18,255,0,0,0,1482,1468,1458,1514,961,961,961,1514,964,964,1514,1514,1514,1514,1514,1514,1998,1998,0,0,4
2421572263,2421572263,18,255,0,0,0,1482,1430,1458,1514,961,961,961,1514,964,964,1514,1514,1514,1514,1514,1514,1998,1998,0,0,4
2421788279,2421788279,18,255,0,0,0,1481,1436,1458,1514,961,961,961,1514,964,964,1514,1514,1514,1514,1514,1514,1998,1998,0,0,4
2421996261,2421996261,18,255,0,0,0,1482,1464,1459,1514,961,961,961,1514,964,964,1514,1514,1514,1514,1514,1514,1998,1998,0,0,4
2422184295,2422184295,18,255,0,0,0,1477,1485,1479,1514,961,961,961,1514,964,964,1514,1514,1514,1514,1514,1514,1998,1998,0,0,4
2422388287,2422388287,18,255,0,0,0,1484,1487,1484,1514,961,961,961,1514,964,964,1514,1514,1514,1514,1514,1514,1998,1998,0,0,4
2422592496,2422592496,18,255,0,0,0,1483,1488,1480,1514,961,961,961,1514,964,964,1514,1514,1514,1514,1514,1514,1998,1998,0,0,4
2422796268,2422796268,18,255,0,0,0,1483,1488,1477,1514,961,961,961,1514,964,964,1514,1514,1514,1514,1514,1514,1998,1998,0,0,4
2422996266,2422996266,18,255,0,0,0,1483,1488,1495,1514,961,961,961,1514,964,964,1514,1514,1514,1514,1514,1514,1998,1998,0,0,4
2423193158,2423193158,18,255,0,0,0,1483,1487,1496,1514,961,961,961,1514,964,964,1514,1514,1514,1514,1514,1514,1998,1998,0,0,4
2423413086,2423413086,18,255,0,0,0,1470,1486,1497,1514,961,961,961,1514,964,964,1514,1514,1514,1514,1514,1514,1998,1998,0,0,4
2423613423,2423613423,18,255,0,0,0,1483,1480,1525,1514,961,961,961,1514,964,964,1514,1514,1514,1514,1514,1514,1998,1998,0,0,4
2423817434,2423817434,18,255,0,0,0,1485,1481,1525,1514,961,961,961,1514,964,964,1514,1514,1514,1514,1514,1514,1998,1998,0,0,4
2424021284,2424021284,18,255,0,0,0,1486,1482,1527,1514,961,961,961,1514,964,964,1514,1514,1514,1514,1514,1514,1998,1998,0,0,4
2424217061,2424217061,18,255,0,0,0,1486,1458,1527,1514,961,961,961,1514,964,964,1514,1514,1514,1514,1514,1514,1998,1998,0,0,4
2424421059,2424421059,18,255,0,0,0,1485,1467,1527,1514,961,961,961,1514,964,964,1514,1514,1514,1514,1514,1514,1998,1998,0,0,4
2424625066,2424625066,18,255,0,0,0,1485,1478,1527,1514,961,961,961,1514,964,964,1514,1514,1514,1514,1514,1514,1998,1998,0,0,4
2424821058,2424821058,18,255,0,0,0,1485,1486,1527,1514,961,961,961,1514,964,964,1514,1514,1514,1514,1514,1514,1998,1998,0,0,4
2425025069,2425025069,18,255,0,0,0,1485,1486,1523,1514,961,961,961,1514,964,964,1514,1514,1514,1514,1514,1514,1998,1998,0,0,4
2425229089,2425229089,18,255,0,0,0,1485,1486,1523,1514,961,961,961,1514,964,964,1514,1514,1514,1514,1514,1514,1998,1998,0,0,4
2425429086,2425429086,18,255,0,0,0,1485,1486,1523,1514,961,961,961,1514,964,964,1514,1514,1514,1514,1514,1514,1998,1998,0,0,4
2425629458,2425629458,18,255,0,0,0,1485,1486,1519,1514,961,961,961,1514,964,964,1514,1514,1514,1514,1514,1514,1998,1998,0,0,4
2425833413,2425833413,18,255,0,0,0,1485,1477,1518,1514,961,961,961,1514,964,964,1514,1514,1514,1514,1514,1514,1998,1998,0,0,4
2426053056,2426053056,18,255,0,0,0,1485,1477,1494,1514,961,961,961,1514,964,964,1514,1514,1514,1514,1514,1514,1998,1998,0,0,4
2426233059,2426233059,18,255,0,0,0,1486,1477,1494,1514,961,961,961,1514,964,964,1514,1514,1514,1514,1514,1514,1998,1998,0,0,4
2426445366,2426445366,18,255,0,0,0,1487,1474,1493,1514,961,961,961,1514,964,964,1514,1514,1514,1514,1514,1514,1998,1998,0,0,4
2426661508,2426661508,18,255,0,0,0,1487,1458,1493,1514,961,961,961,1514,964,964,1514,1514,1514,1514,1514,1514,1998,1998,0,0,4
2426845089,2426845089,18,255,0,0,0,1497,1420,1493,1514,961,961,961,1514,964,964,1514,1514,1514,1514,1514,1514,1998,1998,0,0,4
2427049059,2427049059,18,255,0,0,0,1492,1426,1487,1514,961,961,961,1514,964,964,1514,1514,1514,1514,1514,1514,1998,1998,0,0,4
2427269870,2427269870,18,255,0,0,0,1497,1462,1488,1514,961,961,961,1514,964,964,1514,1514,1514,1514,1514,1514,1998,1998,0,0,4
2427469861,2427469861,18,255,0,0,0,1487,1482,1458,1514,961,961,961,1514,964,964,1514,1514,1514,1514,1514,1514,1998,1998,0,0,4
2427665884,2427665884,18,255,0,0,0,1486,1484,1458,1514,961,961,961,1514,964,964,1514,1514,1514,1514,1514,1514,1998,1998,0,0,4
2427873872,2427873872,18,255,0,0,0,1486,1470,1455,1514,961,961,961,1514,964,964,1514,1514,1514,1514,1514,1514,1998,1998,0,0,4
2428073872,2428073872,18,255,0,0,0,1498,1454,1454,1514,961,961,961,1514,964,964,1514,1514,1514,1514,1514,1514,1998,1998,0,0,4
2428273860,2428273860,18,255,0,0,0,1508,1450,1455,1514,961,961,961,1514,964,964,1514,1514,1514,1514,1514,1514,1998,1998,0,0,4
2428477911,2428477911,18,255,0,0,0,1512,1448,1461,1514,961,961,961,1514,964,964,1514,1514,1514,1514,1514,1514,1998,1998,0,0,4
2428678187,2428678187,18,255,0,0,0,1511,1448,1462,1514,961,961,961,1514,964,964,1514,1514,1514,1514,1514,1514,1998,1998,0,0,4
2428877943,2428877943,18,255,0,0,0,1486,1466,1477,1514,961,961,961,1514,964,964,1514,1514,1514,1514,1514,1514,1998,1998,0,0,4
2429085858,2429085858,18,255,0,0,0,1486,1469,1496,1514,961,961,961,1514,964,964,1514,1514,1514,1514,1514,1514,1998,1998,0,0,4
2429290231,2429290231,18,255,0,0,0,1485,1469,1496,1514,961,961,961,1514,964,964,1514,1514,1514,1514,1514,1514,1998,1998,0,0,4
2429485858,2429485858,18,255,0,0,0,1484,1440,1498,1514,961,961,961,1514,964,964,1514,1514,1514,1514,1514,1514,1998,1998,0,0,4
2429689860,2429689860,18,255,0,0,0,1475,1434,1524,1514,961,961,961,1514,964,964,1514,1514,1514,1514,1514,1514,1998,1998,0,0,4
2429897993,2429897993,18,255,0,0,0,1463,1453,1525,1514,961,961,961,1514,964,964,1514,1514,1514,1514,1514,1514,1998,1998,0,0,4
2430093905,2430093905,18,255,0,0,0,1450,1412,1526,1514,961,961,961,1514,964,964,1514,1514,1514,1514,1514,1514,1998,1998,0,0,4
2430301856,2430301856,18,255,0,0,0,1413,1381,1525,1514,961,961,961,1514,964,964,1514,1514,1514,1514,1514,1514,1998,1998,0,0,4
2430493891,2430493891,18,255,0,0,0,1428,1368,1524,1514,961,961,961,1514,964,964,1514,1514,1514,1514,1514,1514,1998,1998,0,0,4
2430714722,2430714722,18,255,0,0,0,1459,1416,1526,1514,961,961,961,1514,964,964,1514,1514,1514,1514,1514,1514,1998,1998,0,0,4
2430898891,2430898891,18,255,0,0,0,1486,1486,1537,1514,961,961,961,1514,964,964,1514,1514,1514,1514,1514,1514,1998,1998,0,0,4
2431118737,2431118737,18,255,0,0,0,1518,1488,1537,1514,961,961,961,1514,964,964,1514,1514,1514,1514,1514,1514,1998,1998,0,0,4
2431322685,2431322685,18,255,0,0,0,1516,1487,1537,1514,961,961,961,1514,964,964,1514,1514,1514,1514,1514,1514,1998,1998,0,0,4
2431522992,2431522992,18,255,0,0,0,1502,1487,1554,1514,961,961,961,1514,964,964,1514,1514,1514,1514,1514,1514,1998,1998,0,0,4
2431718678,2431718678,18,255,0,0,0,1501,1505,1553,1514,961,961,961,1514,964,964,1514,1514,1514,1514,1514,1514,1998,1998,0,0,4
2431922660,2431922660,18,255,0,0,0,1497,1541,1520,1514,961,961,961,1514,964,964,1514,1514,1514,1514,1514,1514,1998,1998,0,0,4
2432130704,2432130704,18,255,0,0,0,1487,1538,1519,1514,961,961,961,1514,964,964,1514,1514,1514,1514,1514,1514,1998,1998,0,0,4
2432331007,2432331007,18,255,0,0,0,1487,1533,1491,1514,961,961,961,1514,964,964,1514,1514,1514,1514,1514,1514,1998,1998,0,0,4
2432538667,2432538667,18,255,0,0,0,1487,1513,1488,1514,961,961,961,1514,964,964,1514,1514,1514,1514,1514,1514,1998,1998,0,0,4
2432738662,2432738662,18,255,0,0,0,1487,1496,1482,1514,961,961,961,1514,964,964,1514,1514,1514,1514,1514,1514,1998,1998,0,0,4
2432942658,2432942658,18,255,0,0,0,1487,1495,1454,1514,961,961,961,1514,964,964,1514,1514,1514,1514,1514,1514,1998,1998,0,0,4
2433134725,2433134725,18,255,0,0,0,1487,1486,1454,1514,961,961,961,1514,964,964,1514,1514,1514,1514,1514,1514,1998,1998,0,0,4
2433338667,2433338667,18,255,0,0,0,1487,1484,1453,1514,961,961,961,1514,964,964,1514,1514,1514,1514,1514,1514,1998,1998,0,0,4
2433550688,2433550688,18,255,0,0,0,1486,1480,1462,1514,961,961,961,1514,964,964,1514,1514,1514,1514,1514,1514,1998,1998,0,0,4
2433730704,2433730704,18,255,0,0,0,1486,1476,1495,1514,961,961,961,1514,964,964,1514,1514,1514,1514,1514,1514,1998,1998,0,0,4
2433954659,2433954659,18,255,0,0,0,1486,1480,1488,1514,961,961,961,1514,964,964,1514,1514,1514,1514,1514,1514,1998,1998,0,0,4
2434150900,2434150900,18,255,0,0,0,1485,1482,1458,1514,961,961,961,1514,964,964,1514,1514,1514,1514,1514,1514,1998,1998,0,0,4
2434354657,2434354657,18,255,0,0,0,1485,1482,1458,1514,961,961,961,1514,964,964,1514,1514,1514,1514,1514,1514,1998,1998,0,0,4
2434558667,2434558667,18,255,0,0,0,1486,1482,1460,1514,961,961,961,1514,964,964,1514,1514,1514,1514,1514,1514,1998,1998,0,0,4
2434763113,2434763113,18,255,0,0,0,1487,1483,1460,1514,961,961,961,1514,964,964,1514,1514,1514,1514,1514,1514,1998,1998,0,0,4
2434962690,2434962690,18,255,0,0,0,1487,1484,1455,1514,961,961,961,1514,964,964,1514,1514,1514,1514,1514,1514,1998,1998,0,0,4
2435162663,2435162663,18,255,0,0,0,1487,1484,1450,1514,961,961,961,1514,964,964,1514,1514,1514,1514,1514,1514,1998,1998,0,0,4
2435363481,2435363481,18,255,0,0,0,1490,1484,1488,1514,961,961,961,1514,964,964,1514,1514,1514,1514,1514,1514,1998,1998,0,0,4
2435567458,2435567458,18,255,0,0,0,1490,1485,1516,1514,961,961,961,1514,964,964,1514,1514,1514,1514,1514,1514,1998,1998,0,0,4
2435763548,2435763548,18,255,0,0,0,1491,1484,1515,1514,961,961,961,1514,964,964,1514,1514,1514,1514,1514,1514,1998,1998,0,0,4
2435967471,2435967471,18,255,0,0,0,1489,1485,1494,1514,961,961,961,1514,964,964,1514,1514,1514,1514,1514,1514,1998,1998,0,0,4
2436187485,2436187485,18,255,0,0,0,1487,1485,1494,1514,961,961,961,1514,964,964,1514,1514,1514,1514,1514,1514,1998,1998,0,0,4
2436391479,2436391479,18,255,0,0,0,1487,1484,1510,1514,961,961,961,1514,964,964,1514,1514,1514,1514,1514,1514,1998,1998,0,0,4
2436575498,2436575498,18,255,0,0,0,1487,1484,1525,1514,961,961,961,1514,964,964,1514,1514,1514,1514,1514,1514,1998,1998,0,0,4
2436783466,2436783466,18,255,0,0,0,1487,1484,1553,1514,961,961,961,1514,964,964,1514,1514,1514,1514,1514,1514,1998,1998,0,0,4
2436999469,2436999469,18,255,0,0,0,1485,1491,1553,1514,961,961,961,1514,964,964,1514,1514,1514,1514,1514,1514,1998,1998,0,0,4
2437199508,2437199508,18,255,0,0,0,1484,1523,1549,1514,961,961,961,1514,964,964,1514,1514,1514,1514,1514,1514,1998,1998,0,0,4
2437403495,2437403495,18,255,0,0,0,1483,1533,1548,1514,961,961,961,1514,964,964,1514,1514,1514,1514,1514,1514,1998,1998,0,0,4
2437603457,2437603457,18,255,0,0,0,1486,1517,1548,1514,961,961,961,1514,964,964,1514,1514,1514,1514,1514,1514,1998,1998,0,0,4
2437807464,2437807464,18,255,0,0,0,1486,1506,1519,1514,961,961,961,1514,964,964,1514,1514,1514,1514,1514,1514,1998,1998,0,0,4
2437999460,2437999460,18,255,0,0,0,1486,1503,1519,1514,961,961,961,1514,964,964,1514,1514,1514,1514,1514,1514,1998,1998,0,0,4
2438199467,2438199467,18,255,0,0,0,1486,1500,1495,1514,961,961,961,1514,964,964,1514,1514,1514,1514,1514,1514,1998,1998,0,0,4
2438395505,2438395505,18,255,0,0,0,1486,1493,1494,1514,961,961,961,1514,964,964,1514,1514,1514,1514,1514,1514,1998,1998,0,0,4
2438619471,2438619471,18,255,0,0,0,1486,1483,1488,1514,961,961,961,1514,964,964,1514,1514,1514,1514,1514,1514,1998,1998,0,0,4
2438820272,2438820272,18,255,0,0,0,1486,1482,1478,1514,961,961,961,1514,964,964,1514,1514,1514,1514,1514,1514,1998,1998,0,0,4
2439024265,2439024265,18,255,0,0,0,1485,1482,1472,1514,961,961,961,1514,964,964,1514,1514,1514,1514,1514,1514,1998,1998,0,0,4
2439228603,2439228603,18,255,0,0,0,1484,1482,1458,1514,961,961,961,1514,964,964,1514,1514,1514,1514,1514,1514,1998,1998,0,0,4
2439432271,2439432271,18,255,0,0,0,1483,1482,1455,1514,961,961,961,1514,964,964,1514,1514,1514,1514,1514,1514,1998,1998,0,0,4
2439624578,2439624578,18,255,0,0,0,1479,1455,1460,1514,961,961,961,1514,964,964,1514,1514,1514,1514,1514,1514,1998,1998,0,0,4
2439828347,2439828347,18,255,0,0,0,1482,1428,1462,1514,961,961,961,1514,964,964,1514,1514,1514,1514,1514,1514,1998,1998,0,0,4
2440028279,2440028279,18,255,0,0,0,1483,1451,1462,1514,961,961,961,1514,964,964,1514,1514,1514,1514,1514,1514,1998,1998,0,0,4
2440228264,2440228264,18,255,0,0,0,1478,1458,1487,1514,961,961,961,1514,964,964,1514,1514,1514,1514,1514,1514,1998,1998,0,0,4
2440428343,2440428343,18,255,0,0,0,1480,1486,1487,1514,961,961,961,1514,964,964,1514,1514,1514,1514,1514,1514,1998,1998,0,0,4
2440632587,2440632587,18,255,0,0,0,1483,1487,1486,1514,961,961,961,1514,964,964,1514,1514,1514,1514,1514,1514,1998,1998,0,0,4
2440836270,2440836270,18,255,0,0,0,1483,1487,1459,1514,961,961,961,1514,964,964,1514,1514,1514,1514,1514,1514,1998,1998,0,0,4
2441056276,2441056276,18,255,0,0,0,1483,1487,1458,1514,961,961,961,1514,964,964,1514,1514,1514,1514,1514,1514,1998,1998,0,0,4
2441256258,2441256258,18,255,0,0,0,1485,1486,1461,1514,961,961,961,1514,964,964,1514,1514,1514,1514,1514,1514,1998,1998,0,0,4
2441452342,2441452342,18,255,0,0,0,1487,1486,1495,1514,961,961,961,1514,964,964,1514,1514,1514,1514,1514,1514,1998,1998,0,0,4
2441652312,2441652312,18,255,0,0,0,1500,1486,1496,1514,961,961,961,1514,964,964,1514,1514,1514,1514,1514,1514,1998,1998,0,0,4
2441868318,2441868318,18,255,0,0,0,1503,1486,1500,1514,961,961,961,1514,964,964,1514,1514,1514,1514,1514,1514,1998,1998,0,0,4
2442060294,2442060294,18,255,0,0,0,1524,1487,1525,1514,961,961,961,1514,964,964,1514,1514,1514,1514,1514,1514,1998,1998,0,0,4
2442253396,2442253396,18,255,0,0,0,1498,1457,1526,1514,961,961,961,1514,964,964,1514,1514,1514,1514,1514,1514,1998,1998,0,0,4
2442473285,2442473285,18,255,0,0,0,1486,1408,1526,1514,961,961,961,1514,964,964,1514,1514,1514,1514,1514,1514,1998,1998,0,0,4
2442677290,2442677290,18,255,0,0,0,1482,1396,1526,1514,961,961,961,1514,964,964,1514,1514,1514,1514,1514,1514,1998,1998,0,0,4
2442881059,2442881059,18,255,0,0,0,1463,1395,1548,1514,961,961,961,1514,964,964,1514,1514,1514,1514,1514,1514,1998,1998,0,0,4
2443081368,2443081368,18,255,0,0,0,1458,1385,1553,1514,961,961,961,1514,964,964,1514,1514,1514,1514,1514,1514,1998,1998,0,0,4
2443289072,2443289072,18,255,0,0,0,1445,1412,1549,1514,961,961,961,1514,964,964,1514,1514,1514,1514,1514,1514,1998,1998,0,0,4
2443493102,2443493102,18,255,0,0,0,1483,1465,1548,1514,961,961,961,1514,964,964,1514,1514,1514,1514,1514,1514,1998,1998,0,0,4
2443685065,2443685065,18,255,0,0,0,1486,1488,1540,1514,961,961,961,1514,964,964,1514,1514,1514,1514,1514,1514,1998,1998,0,0,4
2443881067,2443881067,18,255,0,0,0,1487,1493,1518,1514,961,961,961,1514,964,964,1514,1514,1514,1514,1514,1514,1998,1998,0,0,4
2444097063,2444097063,18,255,0,0,0,1487,1489,1518,1514,961,961,961,1514,964,964,1514,1514,1514,1514,1514,1514,1998,1998,0,0,4
2444301065,2444301065,18,255,0,0,0,1486,1488,1518,1514,961,961,961,1514,964,964,1514,1514,1514,1514,1514,1514,1998,1998,0,0,4
2444497070,2444497070,18,255,0,0,0,1486,1490,1518,1514,961,961,961,1514,964,964,1514,1514,1514,1514,1514,1514,1998,1998,0,0,4
2444697058,2444697058,18,255,0,0,0,1486,1492,1487,1514,961,961,961,1514,964,964,1514,1514,1514,1514,1514,1514,1998,1998,0,0,4
2444893103,2444893103,18,255,0,0,0,1486,1492,1479,1514,961,961,961,1514,964,964,1514,1514,1514,1514,1514,1514,1998,1998,0,0,4
2445113086,2445113086,18,255,0,0,0,1486,1490,1453,1514,961,961,961,1514,964,964,1514,1514,1514,1514,1514,1514,1998,1998,0,0,4
2445313570,2445313570,18,255,0,0,0,1486,1489,1446,1514,961,961,961,1514,964,964,1514,1514,1514,1514,1514,1514,1998,1998,0,0,4
2445517060,2445517060,18,255,0,0,0,1485,1485,1429,1514,961,961,961,1514,964,964,1514,1514,1514,1514,1514,1514,1998,1998,0,0,4
2445717293,2445717293,18,255,0,0,0,1470,1480,1458,1514,961,961,961,1514,964,964,1514,1514,1514,1514,1514,1514,1998,1998,0,0,4
2445917070,2445917070,18,255,0,0,0,1483,1483,1460,1514,961,961,961,1514,964,964,1514,1514,1514,1514,1514,1514,1998,1998,0,0,4
2446117897,2446117897,18,255,0,0,0,1485,1486,1460,1514,961,961,961,1514,964,964,1514,1514,1514,1514,1514,1514,1998,1998,0,0,4
2446313871,2446313871,18,255,0,0,0,1485,1494,1461,1514,961,961,961,1514,964,964,1514,1514,1514,1514,1514,1514,1998,1998,0,0,4
2446529920,2446529920,18,255,0,0,0,1486,1503,1461,1514,961,961,961,1514,964,964,1514,1514,1514,1514,1514,1514,1998,1998,0,0,4
2446733868,2446733868,18,255,0,0,0,1485,1484,1495,1514,961,961,961,1514,964,964,1514,1514,1514,1514,1514,1514,1998,1998,0,0,4
2446934208,2446934208,18,255,0,0,0,1485,1484,1495,1514,961,961,961,1514,964,964,1514,1514,1514,1514,1514,1514,1998,1998,0,0,4
2447133904,2447133904,18,255,0,0,0,1486,1482,1495,1514,961,961,961,1514,964,964,1514,1514,1514,1514,1514,1514,1998,1998,0,0,4
2447341871,2447341871,18,255,0,0,0,1487,1460,1495,1514,961,961,961,1514,964,964,1514,1514,1514,1514,1514,1514,1998,1998,0,0,4
2447541863,2447541863,18,255,0,0,0,1487,1485,1496,1514,961,961,961,1514,964,964,1514,1514,1514,1514,1514,1514,1998,1998,0,0,4
2447741865,2447741865,18,255,0,0,0,1487,1486,1497,1514,961,961,961,1514,964,964,1514,1514,1514,1514,1514,1514,1998,1998,0,0,4
2447937869,2447937869,18,255,0,0,0,1487,1486,1497,1514,961,961,961,1514,964,964,1514,1514,1514,1514,1514,1514,1998,1998,0,0,4
2448141860,2448141860,18,255,0,0,0,1486,1487,1514,1514,961,961,961,1514,964,964,1514,1514,1514,1514,1514,1514,1998,1998,0,0,4
2448342158,2448342158,18,255,0,0,0,1486,1487,1524,1514,961,961,961,1514,964,964,1514,1514,1514,1514,1514,1514,1998,1998,0,0,4
2448545863,2448545863,18,255,0,0,0,1495,1531,1523,1514,961,961,961,1514,964,964,1514,1514,1514,1514,1514,1514,1998,1998,0,0,4
2448761862,2448761862,18,255,0,0,0,1497,1583,1523,1514,961,961,961,1514,964,964,1514,1514,1514,1514,1514,1514,1998,1998,0,0,4
2448957876,2448957876,18,255,0,0,0,1498,1580,1523,1514,961,961,961,1514,964,964,1514,1514,1514,1514,1514,1514,1998,1998,0,0,4
2449153866,2449153866,18,255,0,0,0,1495,1533,1525,1514,961,961,961,1514,964,964,1514,1514,1514,1514,1514,1514,1998,1998,0,0,4
2449361866,2449361866,18,255,0,0,0,1501,1481,1526,1514,961,961,961,1514,964,964,1514,1514,1514,1514,1514,1514,1998,1998,0,0,4
2449569867,2449569867,18,255,0,0,0,1519,1460,1526,1514,961,961,961,1514,964,964,1514,1514,1514,1514,1514,1514,1998,1998,0,0,4
2449769867,2449769867,18,255,0,0,0,1503,1458,1525,1514,961,961,961,1514,964,964,1514,1514,1514,1514,1514,1514,1998,1998,0,0,4
2449966672,2449966672,18,255,0,0,0,1484,1431,1518,1514,961,961,961,1514,964,964,1514,1514,1514,1514,1514,1514,1998,1998,0,0,4
2450178658,2450178658,18,255,0,0,0,1484,1432,1520,1514,961,961,961,1514,964,964,1514,1514,1514,1514,1514,1514,1998,1998,0,0,4
2450378663,2450378663,18,255,0,0,0,1484,1446,1520,1514,961,961,961,1514,964,964,1514,1514,1514,1514,1514,1514,1998,1998,0,0,4
2450578698,2450578698,18,255,0,0,0,1484,1458,1495,1514,961,961,961,1514,964,964,1514,1514,1514,1514,1514,1514,1998,1998,0,0,4
2450790670,2450790670,18,255,0,0,0,1484,1460,1495,1514,961,961,961,1514,964,964,1514,1514,1514,1514,1514,1514,1998,1998,0,0,4
2450990697,2450990697,18,255,0,0,0,1483,1467,1496,1514,961,961,961,1514,964,964,1514,1514,1514,1514,1514,1514,1998,1998,0,0,4
2451190945,2451190945,18,255,0,0,0,1483,1471,1492,1514,961,961,961,1514,964,964,1514,1514,1514,1514,1514,1514,1998,1998,0,0,4
2451390692,2451390692,18,255,0,0,0,1475,1476,1483,1514,961,961,961,1514,964,964,1514,1514,1514,1514,1514,1514,1998,1998,0,0,4
2451582685,2451582685,18,255,0,0,0,1462,1482,1458,1514,961,961,961,1514,964,964,1514,1514,1514,1514,1514,1514,1998,1998,0,0,4
2451798925,2451798925,18,255,0,0,0,1483,1487,1455,1514,961,961,961,1514,964,964,1514,1514,1514,1514,1514,1514,1998,1998,0,0,4
2451998660,2451998660,18,255,0,0,0,1490,1487,1456,1514,961,961,961,1514,964,964,1514,1514,1514,1514,1514,1514,1998,1998,0,0,4
2452191015,2452191015,18,255,0,0,0,1486,1435,1454,1514,961,961,961,1514,964,964,1514,1514,1514,1514,1514,1514,1998,1998,0,0,4
2452410694,2452410694,18,255,0,0,0,1485,1440,1435,1514,961,961,961,1514,964,964,1514,1514,1514,1514,1514,1514,1998,1998,0,0,4
2452606665,2452606665,18,255,0,0,0,1486,1440,1460,1514,961,961,961,1514,964,964,1514,1514,1514,1514,1514,1514,1998,1998,0,0,4
2452802980,2452802980,18,255,0,0,0,1487,1487,1459,1514,961,961,961,1514,964,964,1514,1514,1514,1514,1514,1514,1998,1998,0,0,4
2453002667,2453002667,18,255,0,0,0,1487,1486,1460,1514,961,961,961,1514,964,964,1514,1514,1514,1514,1514,1514,1998,1998,0,0,4
2453222901,2453222901,18,255,0,0,0,1487,1487,1496,1514,961,961,961,1514,964,964,1514,1514,1514,1514,1514,1514,1998,1998,0,0,4
2453422667,2453422667,18,255,0,0,0,1487,1487,1508,1514,961,961,961,1514,964,964,1514,1514,1514,1514,1514,1514,1998,1998,0,0,4
2453619480,2453619480,18,255,0,0,0,1487,1487,1525,1514,961,961,961,1514,964,964,1514,1514,1514,1514,1514,1514,1998,1998,0,0,4
2453815462,2453815462,18,255,0,0,0,1535,1486,1554,1514,961,961,961,1514,964,964,1514,1514,1514,1514,1514,1514,1998,1998,0,0,4
2454027783,2454027783,18,255,0,0,0,1486,1408,1556,1514,961,961,961,1514,964,964,1514,1514,1514,1514,1514,1514,1998,1998,0,0,4
2454227469,2454227469,18,255,0,0,0,1485,1458,1555,1514,961,961,961,1514,964,964,1514,1514,1514,1514,1514,1514,1998,1998,0,0,4
2454427470,2454427470,18,255,0,0,0,1487,1488,1553,1514,961,961,961,1514,964,964,1514,1514,1514,1514,1514,1514,1998,1998,0,0,4
2454631467,2454631467,18,255,0,0,0,1486,1487,1553,1514,961,961,961,1514,964,964,1514,1514,1514,1514,1514,1514,1998,1998,0,0,4
2454831469,2454831469,18,255,0,0,0,1486,1486,1549,1514,961,961,961,1514,964,964,1514,1514,1514,1514,1514,1514,1998,1998,0,0,4
2455027460,2455027460,18,255,0,0,0,1485,1470,1519,1514,961,961,961,1514,964,964,1514,1514,1514,1514,1514,1514,1998,1998,0,0,4
2455227491,2455227491,18,255,0,0,0,1486,1474,1518,1514,961,961,961,1514,964,964,1514,1514,1514,1514,1514,1514,1998,1998,0,0,4
2455423467,2455423467,18,255,0,0,0,1487,1477,1518,1514,961,961,961,1514,964,964,1514,1514,1514,1514,1514,1514,1998,1998,0,0,4
2455647802,2455647802,18,255,0,0,0,1487,1449,1518,1514,961,961,961,1514,964,964,1514,1514,1514,1514,1514,1514,1998,1998,0,0,4
2455851467,2455851467,18,255,0,0,0,1486,1430,1490,1514,961,961,961,1514,964,964,1514,1514,1514,1514,1514,1514,1998,1998,0,0,4
2456031474,2456031474,18,255,0,0,0,1486,1428,1487,1514,961,961,961,1514,964,964,1514,1514,1514,1514,1514,1514,1998,1998,0,0,4
2456255488,2456255488,18,255,0,0,0,1486,1426,1454,1514,961,961,961,1514,964,964,1514,1514,1514,1514,1514,1514,1998,1998,0,0,4
2456455474,2456455474,18,255,0,0,0,1486,1379,1454,1515,961,961,961,1514,964,964,1514,1514,1514,1514,1514,1514,1998,1998,0,0,4
2456643475,2456643475,18,255,0,0,0,1484,1398,1455,1515,961,961,961,1514,964,964,1514,1514,1514,1514,1514,1514,1998,1998,0,0,4
2456847468,2456847468,18,255,0,0,0,1485,1487,1461,1514,961,961,961,1514,964,964,1514,1514,1514,1514,1514,1514,1998,1998,0,0,4
2457063476,2457063476,18,255,0,0,0,1487,1503,1461,1514,961,961,961,1514,964,964,1514,1514,1514,1514,1514,1514,1998,1998,0,0,4
2457255458,2457255458,18,255,0,0,0,1486,1514,1487,1514,961,961,961,1514,964,964,1514,1514,1514,1514,1514,1514,1998,1998,0,0,4
2457455491,2457455491,18,255,0,0,0,1486,1514,1454,1514,961,961,961,1514,964,964,1514,1514,1514,1514,1514,1514,1998,1998,0,0,4
2457660270,2457660270,18,255,0,0,0,1485,1565,1455,1514,961,961,961,1514,964,964,1514,1514,1514,1514,1514,1514,1998,1998,0,0,4
2457860283,2457860283,18,255,0,0,0,1485,1542,1459,1514,961,961,961,1514,964,964,1514,1514,1514,1514,1514,1514,1998,1998,0,0,4
2458080258,2458080258,18,255,0,0,0,1486,1500,1495,1514,961,961,961,1514,964,964,1514,1514,1514,1514,1514,1514,1998,1998,0,0,4
2458284266,2458284266,18,255,0,0,0,1486,1497,1497,1514,961,961,961,1514,964,964,1514,1514,1514,1514,1514,1514,1998,1998,0,0,4
2458468271,2458468271,18,255,0,0,0,1486,1497,1525,1514,961,961,961,1514,964,964,1514,1514,1514,1514,1514,1514,1998,1998,0,0,4
2458676302,2458676302,18,255,0,0,0,1485,1505,1526,1514,961,961,961,1514,964,964,1514,1514,1514,1514,1514,1514,1998,1998,0,0,4
2458888590,2458888590,18,255,0,0,0,1486,1515,1554,1514,961,961,961,1514,964,964,1514,1514,1514,1514,1514,1514,1998,1998,0,0,4
2459096264,2459096264,18,255,0,0,0,1485,1565,1554,1514,961,961,961,1514,964,964,1514,1514,1514,1514,1514,1514,1998,1998,0,0,4
2459292264,2459292264,18,255,0,0,0,1486,1567,1551,1514,961,961,961,1514,964,964,1514,1514,1514,1514,1514,1514,1998,1998,0,0,4
2459492267,2459492267,18,255,0,0,0,1497,1482,1524,1514,961,961,961,1514,964,964,1514,1514,1514,1514,1514,1514,1998,1998,0,0,4
2459692282,2459692282,18,255,0,0,0,1487,1482,1524,1514,961,961,961,1514,964,964,1514,1514,1514,1514,1514,1514,1998,1998,0,0,4
2459888259,2459888259,18,255,0,0,0,1487,1482,1523,1514,961,961,961,1514,964,964,1514,1514,1514,1514,1514,1514,1998,1998,0,0,4
2460092481,2460092481,18,255,0,0,0,1487,1482,1525,1514,961,961,961,1514,964,964,1514,1514,1514,1514,1514,1514,1998,1998,0,0,4
2460296265,2460296265,18,255,0,0,0,1495,1482,1555,1514,961,961,961,1514,964,964,1514,1514,1514,1514,1514,1514,1998,1998,0,0,4
2460504262,2460504262,18,255,0,0,0,1507,1482,1555,1514,961,961,961,1514,964,964,1514,1514,1514,1514,1514,1514,1998,1998,0,0,4
2460712268,2460712268,18,255,0,0,0,1504,1481,1514,1514,961,961,961,1514,964,964,1514,1514,1514,1514,1514,1514,1998,1998,0,0,4
2460917074,2460917074,18,255,0,0,0,1500,1480,1472,1514,961,961,961,1514,964,964,1514,1514,1514,1514,1514,1514,1998,1998,0,0,4
2461113125,2461113125,18,255,0,0,0,1495,1481,1454,1514,961,961,961,1514,964,964,1514,1514,1514,1514,1514,1514,1998,1998,0,0,4
2461313066,2461313066,18,255,0,0,0,1495,1481,1423,1514,961,961,961,1514,964,964,1514,1514,1514,1514,1514,1514,1998,1998,0,0,4
2461525132,2461525132,18,255,0,0,0,1533,1465,1420,1514,961,961,961,1514,964,964,1514,1514,1514,1514,1514,1514,1998,1998,0,0,4
2461709071,2461709071,18,255,0,0,0,1515,1458,1420,1514,961,961,961,1514,964,964,1514,1514,1514,1514,1514,1514,1998,1998,0,0,4
2461913384,2461913384,18,255,0,0,0,1487,1467,1427,1514,961,961,961,1514,964,964,1514,1514,1514,1514,1514,1514,1998,1998,0,0,4
2462113065,2462113065,18,255,0,0,0,1487,1467,1461,1514,961,961,961,1514,964,964,1514,1514,1514,1514,1514,1514,1998,1998,0,0,4
2462333119,2462333119,18,255,0,0,0,1488,1467,1462,1514,961,961,961,1514,964,964,1514,1514,1514,1514,1514,1514,1998,1998,0,0,4
2462529424,2462529424,18,255,0,0,0,1510,1465,1505,1514,961,961,961,1514,964,964,1514,1514,1514,1514,1514,1514,1998,1998,0,0,4
2462733111,2462733111,18,255,0,0,0,1504,1470,1537,1514,961,961,961,1514,964,964,1514,1514,1514,1514,1514,1514,1998,1998,0,0,4
2462929105,2462929105,18,255,0,0,0,1515,1478,1557,1514,961,961,961,1514,964,964,1514,1514,1514,1514,1514,1514,1998,1998,0,0,4
2463141070,2463141070,18,255,0,0,0,1522,1487,1591,1514,961,961,961,1514,964,964,1514,1514,1514,1514,1514,1514,1998,1998,0,0,4
2463337059,2463337059,18,255,0,0,0,1487,1540,1584,1514,961,961,961,1514,964,964,1514,1514,1514,1514,1514,1514,1998,1998,0,0,4
2463533781,2463533781,18,255,0,0,0,1487,1531,1538,1514,961,961,961,1514,964,964,1514,1514,1514,1514,1514,1514,1998,1998,0,0,4
2463733062,2463733062,18,255,0,0,0,1490,1518,1488,1514,961,961,961,1514,964,964,1514,1514,1514,1514,1514,1514,1998,1998,0,0,4
2463941058,2463941058,18,255,0,0,0,1500,1501,1454,1514,961,961,961,1514,964,964,1514,1514,1514,1514,1514,1514,1998,1998,0,0,4
2464149057,2464149057,18,255,0,0,0,1502,1491,1423,1514,961,961,961,1514,964,964,1514,1514,1514,1514,1514,1514,1998,1998,0,0,4
2464345134,2464345134,18,255,0,0,0,1501,1487,1383,1514,961,961,961,1514,964,964,1514,1514,1514,1514,1514,1514,1998,1998,0,0,4
2464545871,2464545871,18,255,0,0,0,1501,1483,1384,1514,961,961,961,1514,964,964,1514,1514,1514,1514,1514,1514,1998,1998,0,0,4
2464765859,2464765859,18,255,0,0,0,1486,1480,1437,1514,961,961,961,1514,964,964,1514,1514,1514,1514,1514,1514,1998,1998,0,0,4
2464961875,2464961875,18,255,0,0,0,1485,1461,1496,1514,961,961,961,1514,964,964,1514,1514,1514,1514,1514,1514,1998,1998,0,0,4
2465169859,2465169859,18,255,0,0,0,1485,1463,1525,1514,961,961,961,1514,964,964,1514,1514,1514,1514,1514,1514,1998,1998,0,0,4
2465353873,2465353873,18,255,0,0,0,1485,1465,1589,1514,961,961,961,1514,964,964,1514,1514,1514,1514,1514,1514,1998,1998,0,0,4
2465553900,2465553900,18,255,0,0,0,1486,1465,1590,1514,961,961,961,1514,964,964,1514,1514,1514,1514,1514,1514,1998,1998,0,0,4
2465773857,2465773857,18,255,0,0,0,1486,1453,1592,1514,961,961,961,1514,964,964,1514,1514,1514,1514,1514,1514,1998,1998,0,0,4
2465977865,2465977865,18,255,0,0,0,1485,1484,1588,1514,961,961,961,1514,964,964,1514,1514,1514,1514,1514,1514,1998,1998,0,0,4
2466169870,2466169870,18,255,0,0,0,1485,1486,1588,1514,961,961,961,1514,964,964,1514,1514,1514,1514,1514,1514,1998,1998,0,0,4
2466385871,2466385871,18,255,0,0,0,1485,1486,1521,1514,961,961,961,1514,964,964,1514,1514,1514,1514,1514,1514,1998,1998,0,0,4
2466577872,2466577872,18,255,0,0,0,1485,1486,1493,1514,961,961,961,1514,964,964,1514,1514,1514,1514,1514,1514,1998,1998,0,0,4
2466774179,2466774179,18,255,0,0,0,1485,1486,1455,1514,961,961,961,1514,964,964,1514,1514,1514,1514,1514,1514,1998,1998,0,0,4
2466973860,2466973860,18,255,0,0,0,1485,1486,1415,1514,961,961,961,1514,964,964,1514,1514,1514,1514,1514,1514,1998,1998,0,0,4
2467193859,2467193859,18,255,0,0,0,1486,1478,1387,1514,961,961,961,1514,964,964,1514,1514,1514,1514,1514,1514,1998,1998,0,0,4
2467397885,2467397885,18,255,0,0,0,1487,1447,1432,1514,961,961,961,1514,964,964,1514,1514,1514,1514,1514,1514,1998,1998,0,0,4
2467593879,2467593879,18,255,0,0,0,1487,1454,1440,1514,961,961,961,1514,964,964,1514,1514,1514,1514,1514,1514,1998,1998,0,0,4
2467789867,2467789867,18,255,0,0,0,1488,1470,1461,1514,961,961,961,1514,964,964,1514,1514,1514,1514,1514,1514,1998,1998,0,0,4
2468002666,2468002666,18,255,0,0,0,1488,1472,1497,1514,961,961,961,1514,964,964,1514,1514,1514,1514,1514,1514,1998,1998,0,0,4
2468210668,2468210668,18,255,0,0,0,1487,1473,1525,1514,961,961,961,1514,964,964,1514,1514,1514,1514,1514,1514,1998,1998,0,0,4
2468406681,2468406681,18,255,0,0,0,1487,1473,1553,1514,961,961,961,1514,964,964,1514,1514,1514,1514,1514,1514,1998,1998,0,0,4
2468611012,2468611012,18,255,0,0,0,1487,1475,1589,1514,961,961,961,1514,964,964,1514,1514,1514,1514,1514,1514,1998,1998,0,0,4
2468810659,2468810659,18,255,0,0,0,1507,1486,1618,1514,961,961,961,1514,964,964,1514,1514,1514,1514,1514,1514,1998,1998,0,0,4
2469010691,2469010691,18,255,0,0,0,1524,1487,1617,1514,961,961,961,1514,964,964,1514,1514,1514,1514,1514,1514,1998,1998,0,0,4
2469214664,2469214664,18,255,0,0,0,1512,1488,1563,1514,961,961,961,1514,964,964,1514,1514,1514,1514,1514,1514,1998,1998,0,0,4
2469410663,2469410663,18,255,0,0,0,1505,1487,1501,1514,961,961,961,1514,964,964,1514,1514,1514,1514,1514,1514,1998,1998,0,0,4
2469610659,2469610659,18,255,0,0,0,1503,1487,1442,1514,961,961,961,1514,964,964,1514,1514,1514,1514,1514,1514,1998,1998,0,0,4
2469814701,2469814701,18,255,0,0,0,1498,1487,1358,1514,961,961,961,1514,964,964,1514,1514,1514,1514,1514,1514,1998,1998,0,0,4
2470018659,2470018659,18,255,0,0,0,1497,1487,1342,1514,961,961,961,1514,964,964,1514,1514,1514,1514,1514,1514,1998,1998,0,0,4
2470218748,2470218748,18,255,0,0,0,1486,1485,1358,1514,961,961,961,1514,964,964,1514,1514,1514,1514,1514,1514,1998,1998,0,0,4
2470422665,2470422665,18,255,0,0,0,1485,1485,1434,1514,961,961,961,1514,964,964,1514,1514,1514,1514,1514,1514,1998,1998,0,0,4
2470626888,2470626888,18,255,0,0,0,1485,1485,1498,1514,961,961,961,1514,964,964,1514,1514,1514,1514,1514,1514,1998,1998,0,0,4
2470826667,2470826667,18,255,0,0,0,1485,1485,1543,1514,961,961,961,1514,964,964,1514,1514,1514,1514,1514,1514,1998,1998,0,0,4
2471042888,2471042888,18,255,0,0,0,1486,1485,1594,1514,961,961,961,1514,964,964,1514,1514,1514,1514,1514,1514,1998,1998,0,0,4
2471242689,2471242689,18,255,0,0,0,1486,1485,1598,1514,961,961,961,1514,964,964,1514,1514,1514,1514,1514,1514,1998,1998,0,0,4
2471442673,2471442673,18,255,0,0,0,1486,1480,1588,1514,961,961,961,1514,964,964,1514,1514,1514,1514,1514,1514,1998,1998,0,0,4
2471642659,2471642659,18,255,0,0,0,1486,1468,1583,1514,961,961,961,1514,964,964,1514,1514,1514,1514,1514,1514,1998,1998,0,0,4
2471846658,2471846658,18,255,0,0,0,1486,1468,1515,1514,961,961,961,1514,964,964,1514,1514,1514,1514,1514,1514,1998,1998,0,0,4
2472042681,2472042681,18,255,0,0,0,1486,1470,1420,1514,961,961,961,1514,964,964,1514,1514,1514,1514,1514,1514,1998,1998,0,0,4
2472247764,2472247764,18,255,0,0,0,1486,1475,1371,1514,961,961,961,1514,964,964,1514,1514,1514,1514,1514,1514,1998,1998,0,0,4
2472463777,2472463777,18,255,0,0,0,1486,1475,1367,1514,961,961,961,1514,964,964,1514,1514,1514,1514,1514,1514,1998,1998,0,0,4
2472667459,2472667459,18,255,0,0,0,1485,1452,1428,1514,961,961,961,1514,964,964,1514,1514,1514,1514,1514,1514,1998,1998,0,0,4
2472867460,2472867460,18,255,0,0,0,1484,1449,1455,1514,961,961,961,1514,964,964,1514,1514,1514,1514,1514,1514,1998,1998,0,0,4
2473063483,2473063483,18,255,0,0,0,1484,1459,1557,1514,961,961,961,1514,964,964,1514,1514,1514,1514,1514,1514,1998,1998,0,0,4
2473259469,2473259469,18,255,0,0,0,1485,1466,1619,1514,961,961,961,1514,964,964,1514,1514,1514,1514,1514,1514,1998,1998,0,0,4
2473463466,2473463466,18,255,0,0,0,1471,1432,1619,1514,961,961,961,1514,964,964,1514,1514,1514,1514,1514,1514,1998,1998,0,0,4
2473679467,2473679467,18,255,0,0,0,1419,1402,1584,1514,961,961,961,1514,964,964,1514,1514,1514,1514,1514,1514,1998,1998,0,0,4
2473887463,2473887463,18,255,0,0,0,1460,1439,1517,1514,961,961,961,1514,964,964,1514,1514,1514,1514,1514,1514,1998,1998,0,0,4
2474087478,2474087478,18,255,0,0,0,1473,1460,1488,1514,961,961,961,1514,964,964,1514,1514,1514,1514,1514,1514,1998,1998,0,0,4
2474283480,2474283480,18,255,0,0,0,1478,1466,1474,1514,961,961,961,1514,964,964,1514,1514,1514,1514,1514,1514,1998,1998,0,0,4
2474487466,2474487466,18,255,0,0,0,1482,1467,1421,1514,961,961,961,1514,964,964,1514,1514,1514,1514,1514,1514,1998,1998,0,0,4
2474687469,2474687469,18,255,0,0,0,1480,1468,1390,1514,961,961,961,1514,964,964,1514,1514,1514,1514,1514,1514,1998,1998,0,0,4
2474884258,2474884258,18,255,0,0,0,1477,1477,1393,1514,961,961,961,1514,964,964,1514,1514,1514,1514,1514,1514,1998,1998,0,0,4
2475100259,2475100259,18,255,0,0,0,1482,1486,1496,1514,961,961,961,1514,964,964,1514,1514,1514,1514,1514,1514,1998,1998,0,0,4
2475300259,2475300259,18,255,0,0,0,1483,1487,1556,1514,961,961,961,1514,964,964,1514,1514,1514,1514,1514,1514,1998,1998,0,0,4
2475504264,2475504264,18,255,0,0,0,1485,1498,1607,1514,961,961,961,1514,964,964,1514,1514,1514,1514,1514,1514,1998,1998,0,0,4
2475708260,2475708260,18,255,0,0,0,1485,1499,1617,1514,961,961,961,1514,964,964,1514,1514,1514,1514,1514,1514,1998,1998,0,0,4
2475896276,2475896276,18,255,0,0,0,1485,1512,1608,1514,961,961,961,1514,964,964,1514,1514,1514,1514,1514,1514,1998,1998,0,0,4
2476116267,2476116267,18,255,0,0,0,1486,1502,1518,1514,961,961,961,1514,964,964,1514,1514,1514,1514,1514,1514,1998,1998,0,0,4
2476312308,2476312308,18,255,0,0,0,1485,1483,1450,1515,961,961,961,1514,964,964,1514,1514,1514,1514,1514,1514,1998,1998,0,0,4
2476512265,2476512265,18,255,0,0,0,1485,1483,1389,1514,961,961,961,1514,964,964,1514,1514,1514,1514,1514,1514,1998,1998,0,0,4
2476724266,2476724266,18,255,0,0,0,1486,1483,1362,1514,961,961,961,1514,964,964,1514,1514,1514,1514,1514,1514,1998,1998,0,0,4
2476924259,2476924259,18,255,0,0,0,1491,1483,1423,1514,961,961,961,1514,964,964,1514,1514,1514,1514,1514,1514,1998,1998,0,0,4
2477128273,2477128273,18,255,0,0,0,1489,1483,1515,1514,961,961,961,1514,964,964,1514,1514,1514,1514,1514,1514,1998,1998,0,0,4
2477328285,2477328285,18,255,0,0,0,1490,1483,1592,1514,961,961,961,1514,964,964,1514,1514,1514,1514,1514,1514,1998,1998,0,0,4
2477528289,2477528289,18,255,0,0,0,1493,1483,1608,1514,961,961,961,1514,964,964,1514,1514,1514,1514,1514,1514,1998,1998,0,0,4
2477732265,2477732265,18,255,0,0,0,1487,1482,1554,1514,961,961,961,1514,964,964,1514,1514,1514,1514,1514,1514,1998,1998,0,0,4
2477932281,2477932281,18,255,0,0,0,1486,1482,1442,1515,961,961,961,1514,964,964,1514,1514,1514,1514,1514,1514,1998,1998,0,0,4
2478136278,2478136278,18,255,0,0,0,1486,1482,1390,1515,961,961,961,1514,964,964,1514,1514,1514,1514,1514,1514,1998,1998,0,0,4
2478340263,2478340263,18,255,0,0,0,1487,1482,1556,1514,961,961,961,1514,964,964,1514,1514,1514,1514,1514,1514,1998,1998,0,0,4
2478533113,2478533113,18,255,0,0,0,1487,1482,1627,1514,961,961,961,1514,964,964,1514,1514,1514,1514,1514,1514,1998,1998,0,0,4
2478757088,2478757088,18,255,0,0,0,1487,1482,1513,1514,961,961,961,1514,964,964,1514,1514,1514,1514,1514,1514,1998,1998,0,0,4
2478961067,2478961067,18,255,0,0,0,1487,1482,1383,1515,961,961,961,1514,964,964,1514,1514,1514,1514,1514,1514,1998,1998,0,0,4
2479161382,2479161382,18,255,0,0,0,1487,1482,1402,1515,961,961,961,1514,964,964,1514,1514,1514,1514,1514,1514,1998,1998,0,0,4
2479357307,2479357307,18,255,0,0,0,1489,1482,1555,1514,961,961,961,1514,964,964,1514,1514,1514,1514,1514,1514,1998,1998,0,0,4
2479553085,2479553085,18,255,0,0,0,1489,1482,1550,1514,961,961,961,1514,964,964,1514,1514,1514,1514,1514,1514,1998,1998,0,0,4
2479753168,2479753168,18,255,0,0,0,1487,1482,1392,1515,961,961,961,1514,964,964,1514,1514,1514,1514,1514,1514,1998,1998,0,0,4
2479961069,2479961069,18,255,0,0,0,1487,1482,1522,1514,961,961,961,1514,964,964,1514,1514,1514,1514,1514,1514,1998,1998,0,0,4
2480161068,2480161068,18,255,0,0,0,1487,1482,1535,1514,961,961,961,1514,964,964,1514,1514,1514,1514,1514,1514,1998,1998,0,0,4
2480361068,2480361068,18,255,0,0,0,1487,1482,1454,1514,961,961,961,1514,964,964,1514,1514,1514,1514,1514,1514,1998,1998,0,0,4
2480581087,2480581087,18,255,0,0,0,1487,1482,1532,1514,961,961,961,1514,964,964,1514,1514,1514,1514,1514,1514,1998,1998,0,0,4
2480781381,2480781381,18,255,0,0,0,1487,1482,1522,1514,961,961,961,1514,964,964,1514,1514,1514,1514,1514,1514,1998,1998,0,0,4
2480973093,2480973093,18,255,0,0,0,1487,1482,1496,1514,961,961,961,1514,964,964,1514,1514,1514,1514,1514,1514,1998,1998,0,0,4
2481177530,2481177530,18,255,0,0,0,1487,1482,1457,1514,961,961,961,1514,964,964,1514,1514,1514,1514,1514,1514,1998,1998,0,0,4
2481397071,2481397071,18,255,0,0,0,1530,1479,1497,1514,961,961,961,1514,964,964,1514,1514,1514,1514,1514,1514,1998,1998,0,0,4
2481597068,2481597068,18,255,0,0,0,1538,1416,1497,1514,961,961,961,1514,964,964,1514,1514,1514,1514,1514,1514,1998,1998,0,0,4
2481797069,2481797069,18,255,0,0,0,1534,1420,1506,1514,961,961,961,1514,964,964,1514,1514,1514,1514,1514,1514,1998,1998,0,0,4
2482001059,2482001059,18,255,0,0,0,1532,1422,1520,1514,961,961,961,1514,964,964,1514,1514,1514,1514,1514,1514,1998,1998,0,0,4
2482201067,2482201067,18,255,0,0,0,1532,1421,1525,1514,961,961,961,1514,964,964,1514,1514,1514,1514,1514,1514,1998,1998,0,0,4
2482402176,2482402176,18,255,0,0,0,1493,1438,1520,1514,961,961,961,1514,964,964,1514,1514,1514,1514,1514,1514,1998,1998,0,0,4
2482593868,2482593868,18,255,0,0,0,1485,1465,1508,1514,961,961,961,1514,964,964,1514,1514,1514,1514,1514,1514,1998,1998,0,0,4
2482798180,2482798180,18,255,0,0,0,1485,1487,1494,1514,961,961,961,1514,964,964,1514,1514,1514,1514,1514,1514,1998,1998,0,0,4
2483001871,2483001871,18,255,0,0,0,1483,1486,1523,1514,961,961,961,1514,964,964,1514,1514,1514,1514,1514,1514,1998,1998,0,0,4
2483209860,2483209860,18,255,0,0,0,1460,1488,1518,1514,961,961,961,1514,964,964,1514,1514,1514,1514,1514,1514,1998,1998,0,0,4
2483410178,2483410178,18,255,0,0,0,1483,1502,1492,1514,961,961,961,1514,964,964,1514,1514,1514,1514,1514,1514,1998,1998,0,0,4
2483609890,2483609890,18,255,0,0,0,1483,1496,1495,1514,961,961,961,1514,964,964,1514,1514,1514,1514,1514,1514,1998,1998,0,0,4
2483829917,2483829917,18,255,0,0,0,1484,1491,1496,1514,961,961,961,1514,964,964,1514,1514,1514,1514,1514,1514,1998,1998,0,0,4
2484025920,2484025920,18,255,0,0,0,1486,1492,1488,1514,961,961,961,1514,964,964,1514,1514,1514,1514,1514,1514,1998,1998,0,0,4
2484229865,2484229865,18,255,0,0,0,1472,1485,1492,1514,961,961,961,1514,964,964,1514,1514,1514,1514,1514,1514,1998,1998,0,0,4
2484433860,2484433860,18,255,0,0,0,1460,1462,1496,1514,961,961,961,1514,964,964,1514,1514,1514,1514,1514,1514,1998,1998,0,0,4
2484629879,2484629879,18,255,0,0,0,1466,1466,1497,1466,961,961,961,1514,964,964,1514,1514,1514,1514,1514,1514,1998,1998,0,0,4
2484829898,2484829898,18,255,0,0,0,1485,1455,1495,1443,961,961,961,1514,964,964,1514,1514,1514,1514,1514,1514,1998,1998,0,0,4
2485030196,2485030196,18,255,0,0,0,1483,1438,1495,1458,961,961,961,1514,964,964,1514,1514,1514,1514,1514,1514,1998,1998,0,0,4
2485249872,2485249872,18,255,0,0,0,1489,1487,1495,1513,961,961,961,1514,964,964,1514,1514,1514,1514,1514,1514,1998,1998,0,0,4
2485449858,2485449858,18,255,0,0,0,1491,1475,1495,1513,961,961,961,1514,964,964,1514,1514,1514,1514,1514,1514,1998,1998,0,0,4
2485642186,2485642186,18,255,0,0,0,1517,1432,1496,1514,961,961,961,1514,964,964,1514,1514,1514,1514,1514,1514,1998,1998,0,0,4
2485838714,2485838714,18,255,0,0,0,1498,1465,1495,1514,961,961,961,1514,964,964,1514,1514,1514,1514,1514,1514,1998,1998,0,0,4
2486042889,2486042889,18,255,0,0,0,1491,1477,1493,1514,961,961,961,1514,964,964,1514,1514,1514,1514,1514,1514,1998,1998,0,0,4
2486246679,2486246679,18,255,0,0,0,1489,1480,1494,1514,961,961,961,1514,964,964,1514,1514,1514,1514,1514,1514,1998,1998,0,0,4
2486450660,2486450660,18,255,0,0,0,1487,1478,1492,1514,961,961,961,1514,964,964,1514,1514,1514,1514,1514,1514,1998,1998,0,0,4
2486666674,2486666674,18,255,0,0,0,1505,1477,1487,1514,961,961,961,1514,964,964,1514,1514,1514,1514,1514,1514,1998,1998,0,0,4
2486858662,2486858662,18,255,0,0,0,1491,1475,1492,1514,961,961,961,1514,964,964,1514,1514,1514,1514,1514,1514,1998,1998,0,0,4
2487066663,2487066663,18,255,0,0,0,1473,1488,1497,1514,961,961,961,1514,964,964,1514,1514,1514,1514,1514,1514,1998,1998,0,0,4
2487262977,2487262977,18,255,0,0,0,1457,1498,1497,1514,961,961,961,1514,964,964,1514,1514,1514,1514,1514,1514,1998,1998,0,0,4
2487466889,2487466889,18,255,0,0,0,1436,1485,1525,1514,961,961,961,1514,964,964,1514,1514,1514,1514,1514,1514,1998,1998,0,0,4
2487662659,2487662659,18,255,0,0,0,1448,1488,1518,1514,961,961,961,1514,964,964,1514,1514,1514,1514,1514,1514,1998,1998,0,0,4
2487862667,2487862667,18,255,0,0,0,1470,1494,1492,1514,961,961,961,1514,964,964,1514,1514,1514,1514,1514,1514,1998,1998,0,0,4
2488086659,2488086659,18,255,0,0,0,1486,1484,1496,1514,961,961,961,1514,964,964,1514,1514,1514,1514,1514,1514,1998,1998,0,0,4
2488286675,2488286675,18,255,0,0,0,1486,1483,1497,1514,961,961,961,1514,964,964,1514,1514,1514,1514,1514,1514,1998,1998,0,0,4
2488490698,2488490698,18,255,0,0,0,1489,1485,1505,1514,961,961,961,1514,964,964,1514,1514,1514,1514,1514,1514,1998,1998,0,0,4
2488690663,2488690663,18,255,0,0,0,1503,1484,1520,1514,961,961,961,1514,964,964,1514,1514,1514,1514,1514,1514,1998,1998,0,0,4
2488894679,2488894679,18,255,0,0,0,1501,1484,1494,1514,961,961,961,1514,964,964,1514,1514,1514,1514,1514,1514,1998,1998,0,0,4
2489090669,2489090669,18,255,0,0,0,1501,1484,1496,1514,961,961,961,1514,964,964,1514,1514,1514,1514,1514,1514,1998,1998,0,0,4
2489294723,2489294723,18,255,0,0,0,1502,1484,1497,1514,961,961,961,1514,964,964,1514,1514,1514,1514,1514,1514,1998,1998,0,0,4
2489495782,2489495782,18,255,0,0,0,1495,1485,1497,1514,961,961,961,1514,964,964,1514,1514,1514,1514,1514,1514,1998,1998,0,0,4
2489695464,2489695464,18,255,0,0,0,1472,1485,1495,1514,961,961,961,1514,964,964,1514,1514,1514,1514,1514,1514,1998,1998,0,0,4
2489907482,2489907482,18,255,0,0,0,1470,1545,1493,1514,961,961,961,1514,964,964,1514,1514,1514,1514,1514,1514,1998,1998,0,0,4
2490111459,2490111459,18,255,0,0,0,1445,1528,1495,1514,961,961,961,1514,964,964,1514,1514,1514,1514,1514,1514,1998,1998,0,0,4
2490307470,2490307470,18,255,0,0,0,1464,1496,1492,1514,961,961,961,1514,964,964,1514,1514,1514,1514,1514,1514,1998,1998,0,0,4
2490507464,2490507464,18,255,0,0,0,1465,1491,1493,1514,961,961,961,1514,964,964,1514,1514,1514,1514,1514,1514,1998,1998,0,0,4
2490715473,2490715473,18,255,0,0,0,1480,1480,1493,1514,961,961,961,1514,964,964,1514,1514,1514,1514,1514,1514,1998,1998,0,0,4
2490915477,2490915477,18,255,0,0,0,1440,1475,1492,1514,961,961,961,1514,964,964,1514,1514,1514,1514,1514,1514,1998,1998,0,0,4
2491111479,2491111479,18,255,0,0,0,1467,1428,1488,1514,961,961,961,1514,964,964,1514,1514,1514,1514,1514,1514,1998,1998,0,0,4
2491319468,2491319468,18,255,0,0,0,1483,1437,1490,1514,961,961,961,1514,964,964,1514,1514,1514,1514,1514,1514,1998,1998,0,0,4
2491519468,2491519468,18,255,0,0,0,1486,1472,1492,1514,961,961,961,1514,964,964,1514,1514,1514,1514,1514,1514,1998,1998,0,0,4
2491723457,2491723457,18,255,0,0,0,1484,1470,1520,1514,961,961,961,1514,964,964,1514,1514,1514,1514,1514,1514,1998,1998,0,0,4
2491935461,2491935461,18,255,0,0,0,1483,1470,1523,1514,961,961,961,1514,964,964,1514,1514,1514,1514,1514,1514,1998,1998,0,0,4
2492131499,2492131499,18,255,0,0,0,1485,1477,1517,1514,961,961,961,1514,964,964,1514,1514,1514,1514,1514,1514,1998,1998,0,0,4
2492324277,2492324277,18,255,0,0,0,1520,1477,1517,1514,961,961,961,1514,964,964,1514,1514,1514,1514,1514,1514,1998,1998,0,0,4
2492532375,2492532375,18,255,0,0,0,1511,1463,1492,1514,961,961,961,1514,964,964,1514,1514,1514,1514,1514,1514,1998,1998,0,0,4
2492752324,2492752324,18,255,0,0,0,1488,1476,1492,1514,961,961,961,1514,964,964,1514,1514,1514,1514,1514,1514,1998,1998,0,0,4
2492932348,2492932348,18,255,0,0,0,1486,1473,1492,1514,961,961,961,1514,964,964,1514,1514,1514,1514,1514,1514,1998,1998,0,0,4
2493152292,2493152292,18,255,0,0,0,1486,1457,1493,1514,961,961,961,1514,964,964,1514,1514,1514,1514,1514,1514,1998,1998,0,0,4
2493348488,2493348488,18,255,0,0,0,1487,1454,1493,1514,961,961,961,1514,964,964,1514,1514,1514,1514,1514,1514,1998,1998,0,0,4
2493544260,2493544260,18,255,0,0,0,1496,1440,1495,1514,961,961,961,1514,964,964,1514,1514,1514,1514,1514,1514,1998,1998,0,0,4
2493752325,2493752325,18,255,0,0,0,1498,1435,1496,1514,961,961,961,1514,964,964,1514,1514,1514,1514,1514,1514,1998,1998,0,0,4
2493952300,2493952300,18,255,0,0,0,1498,1440,1497,1514,961,961,961,1514,964,964,1514,1514,1514,1514,1514,1514,1998,1998,0,0,4
2494172273,2494172273,18,255,0,0,0,1485,1448,1497,1514,961,961,961,1514,964,964,1514,1514,1514,1514,1514,1514,1998,1998,0,0,4
2494372267,2494372267,18,255,0,0,0,1481,1460,1497,1514,961,961,961,1514,964,964,1514,1514,1514,1514,1514,1514,1998,1998,0,0,4
2494560271,2494560271,18,255,0,0,0,1470,1470,1497,1514,961,961,961,1514,964,964,1514,1514,1514,1514,1514,1514,1998,1998,0,0,4
2494780264,2494780264,18,255,0,0,0,1467,1475,1497,1514,961,961,961,1514,964,964,1514,1514,1514,1514,1514,1514,1998,1998,0,0,4
2494980266,2494980266,18,255,0,0,0,1442,1486,1522,1514,961,961,961,1514,964,964,1514,1514,1514,1514,1514,1514,1998,1998,0,0,4
2495188263,2495188263,18,255,0,0,0,1485,1487,1523,1514,961,961,961,1514,964,964,1514,1514,1514,1514,1514,1514,1998,1998,0,0,4
2495384266,2495384266,18,255,0,0,0,1487,1487,1523,1514,961,961,961,1514,964,964,1514,1514,1514,1514,1514,1514,1998,1998,0,0,4
2495593161,2495593161,18,255,0,0,0,1527,1487,1518,1514,961,961,961,1514,964,964,1514,1514,1514,1514,1514,1514,1998,1998,0,0,4
2495789067,2495789067,18,255,0,0,0,1512,1487,1501,1514,961,961,961,1514,964,964,1514,1514,1514,1514,1514,1514,1998,1998,0,0,4
2495977387,2495977387,18,255,0,0,0,1487,1487,1494,1514,961,961,961,1514,964,964,1514,1514,1514,1514,1514,1514,1998,1998,0,0,4
2496201065,2496201065,18,255,0,0,0,1487,1487,1494,1514,961,961,961,1514,964,964,1514,1514,1514,1514,1514,1514,1998,1998,0,0,4
2496393068,2496393068,18,255,0,0,0,1487,1487,1493,1514,961,961,961,1514,964,964,1514,1514,1514,1514,1514,1514,1998,1998,0,0,4
2496601169,2496601169,18,255,0,0,0,1508,1487,1497,1514,961,961,961,1514,964,964,1514,1514,1514,1514,1514,1514,1998,1998,0,0,4
2496801060,2496801060,18,255,0,0,0,1495,1488,1523,1514,961,961,961,1514,964,964,1514,1514,1514,1514,1514,1514,1998,1998,0,0,4
2497001059,2497001059,18,255,0,0,0,1511,1495,1523,1514,961,961,961,1514,964,964,1514,1514,1514,1514,1514,1514,1998,1998,0,0,4
2497201374,2497201374,18,255,0,0,0,1514,1504,1523,1514,961,961,961,1514,964,964,1514,1514,1514,1514,1514,1514,1998,1998,0,0,4
2497409178,2497409178,18,255,0,0,0,1512,1501,1522,1514,961,961,961,1514,964,964,1514,1514,1514,1514,1514,1514,1998,1998,0,0,4
2497605095,2497605095,18,255,0,0,0,1509,1497,1523,1514,961,961,961,1514,964,964,1514,1514,1514,1514,1514,1514,1998,1998,0,0,4
2497805059,2497805059,18,255,0,0,0,1510,1496,1526,1514,961,961,961,1514,964,964,1514,1514,1514,1514,1514,1514,1998,1998,0,0,4
2498017067,2498017067,18,255,0,0,0,1497,1497,1555,1514,961,961,961,1514,964,964,1514,1514,1514,1514,1514,1514,1998,1998,0,0,4
2498233073,2498233073,18,255,0,0,0,1495,1497,1555,1514,961,961,961,1514,964,964,1514,1514,1514,1514,1514,1514,1998,1998,0,0,4
2498417274,2498417274,18,255,0,0,0,1487,1500,1555,1514,961,961,961,1514,964,964,1514,1514,1514,1514,1514,1514,1998,1998,0,0,4
2498621273,2498621273,18,255,0,0,0,1486,1486,1613,1514,961,961,961,1514,964,964,1514,1514,1514,1514,1514,1514,1998,1998,0,0,4
2498825131,2498825131,18,255,0,0,0,1486,1484,1890,1513,961,961,961,1514,964,964,1514,1514,1514,1514,1514,1514,1998,1998,0,0,4
2499025862,2499025862,18,255,0,0,0,1486,1484,1927,1505,961,961,961,1514,964,964,1514,1514,1514,1514,1514,1514,1998,1998,0,0,4
2499233867,2499233867,18,255,0,0,0,1485,1483,1927,1514,961,961,961,1514,964,964,1514,1514,1514,1514,1514,1514,1998,1998,0,0,4
2499445863,2499445863,18,255,0,0,0,1485,1483,1927,1441,961,961,961,1514,964,964,1514,1514,1514,1514,1514,1514,1998,1998,0,0,4
2499650170,2499650170,18,255,0,0,0,1485,1483,1927,1103,961,961,961,1514,964,964,1514,1514,1514,1514,1514,1514,1998,1998,0,0,4
2499853857,2499853857,18,255,0,0,0,1485,1483,1927,1102,961,961,961,1514,964,964,1514,1514,1514,1514,1514,1514,1998,1998,0,0,4
2500049860,2500049860,18,255,0,0,0,1485,1483,1927,1102,961,961,961,1514,964,964,1514,1514,1514,1514,1514,1514,1998,1998,0,0,4
2500262103,2500262103,18,255,0,0,0,1485,1483,1927,1102,961,961,961,1514,964,964,1514,1514,1514,1514,1514,1514,1998,1998,0,0,4
2500465857,2500465857,18,255,0,0,0,1485,1483,1927,1102,961,961,961,1514,964,964,1514,1514,1514,1514,1514,1514,1998,1998,0,0,4
2500661857,2500661857,18,255,0,0,0,1485,1483,1927,1102,961,961,961,1514,964,964,1514,1514,1514,1514,1514,1514,1998,1998,0,0,4
2500857866,2500857866,18,255,0,0,0,1485,1483,1927,1102,961,961,961,1514,964,964,1514,1514,1514,1514,1514,1514,1998,1998,0,0,4
2501065861,2501065861,18,255,0,0,0,1485,1483,1927,1102,961,961,961,1514,964,964,1514,1514,1514,1514,1514,1514,1998,1998,0,0,4
2501265868,2501265868,18,255,0,0,0,1485,1483,1927,1102,961,961,961,1514,964,964,1514,1514,1514,1514,1514,1514,1998,1998,0,0,4
2501465863,2501465863,18,255,0,0,0,1485,1483,1927,1102,961,961,2067,1514,964,964,1514,1514,1514,1514,1514,1514,1998,1998,0,0,4
2501669856,2501669856,18,255,0,0,0,1485,1483,1927,1102,961,961,2067,1514,964,964,1514,1514,1514,1514,1514,1514,1998,1998,0,0,4
