timestamp,roll_body,pitch_body,yaw_body,yaw_sp_move_rate,q_d[0],q_d[1],q_d[2],q_d[3],thrust,landing_gear,q_d_valid,roll_reset_integral,pitch_reset_integral,yaw_reset_integral,fw_control_yaw,disable_mc_yaw_control,apply_flaps
54937960,-0.0325476,-0.0238927,0.0433764,0.0,0.999565,-0.0160091,-0.0122946,0.0214877,0.0,-1.0,1,0,0,0,0,0,0
55038553,-0.0325462,-0.0238927,0.0432417,0.0,0.999567,-0.0160092,-0.0122935,0.0214204,0.0,-1.0,1,0,0,0,0,0,0
55138067,-0.0325462,-0.0238927,0.0430645,0.0,0.999569,-0.0160103,-0.0122921,0.0213319,0.0,-1.0,1,0,0,0,0,0,0
55238321,-0.0325462,-0.0238927,0.0428749,0.0,0.999571,-0.0160115,-0.0122905,0.0212371,0.0,-1.0,1,0,0,0,0,0,0
55342529,-0.0325462,-0.0238927,0.0425975,0.0,0.999574,-0.0160132,-0.0122883,0.0210985,0.0,-1.0,1,0,0,0,0,0,0
55441961,-0.0325462,-0.0238927,0.042331,0.0,0.999576,-0.0160148,-0.0122862,0.0209653,0.0,-1.0,1,0,0,0,0,0,0
55543874,-0.0325462,-0.0238927,0.0421811,0.0,0.999578,-0.0160157,-0.012285,0.0208903,0.0,-1.0,1,0,0,0,0,0,0
55647097,-0.0325462,-0.0238927,0.0421511,0.0,0.999578,-0.0160159,-0.0122847,0.0208753,0.0,-1.0,1,0,0,0,0,0,0
55746791,-0.0325462,-0.0238927,0.0421601,0.0,0.999578,-0.0160159,-0.0122848,0.0208799,0.0,-1.0,1,0,0,0,0,0,0
55847356,-0.0325462,-0.0238927,0.0421222,0.0,0.999579,-0.0160161,-0.0122845,0.0208609,0.0,-1.0,1,0,0,0,0,0,0
55951286,-0.0325462,-0.0238927,0.0419971,0.0,0.99958,-0.0160169,-0.0122835,0.0207984,0.0,-1.0,1,0,0,0,0,0,0
56050779,-0.0309553,-0.0238931,0.0417123,0.0,0.999595,-0.0152234,-0.012265,0.0206658,0.0,-1.0,1,0,0,0,0,0,0
56154880,-0.0317924,-0.0238929,0.041465,0.0,0.999591,-0.0156434,-0.0122716,0.0205371,0.0,-1.0,1,0,0,0,0,0,0
56255337,-0.0310684,-0.0238931,0.0413296,0.0,0.999598,-0.0152823,-0.0122632,0.0204738,0.0,-1.0,1,0,0,0,0,0,0
56355099,-0.032657,-0.0238927,0.0413197,0.0,0.999586,-0.0160764,-0.0122792,0.0204591,0.0,-1.0,1,0,0,0,0,0,0
56458944,-0.0313102,-0.023893,0.041328,0.0,0.999597,-0.0154032,-0.0122657,0.0204716,0.0632166,-1.0,1,0,0,0,0,0,0
56559109,-0.0318606,-0.0238929,0.0412996,-9.18118e-16,0.999593,-0.0156785,-0.012271,0.020454,0.122491,-1.0,1,0,0,0,0,0,0
56658868,-0.0325397,-0.0238927,0.0413077,1.888e-17,0.999587,-0.0160178,-0.0122779,0.0204539,0.138287,-1.0,1,0,0,0,0,0,0
56762761,-0.0325442,-0.0238927,0.0413078,5.73041e-19,0.999587,-0.0160201,-0.012278,0.0204539,0.14213,-1.0,1,0,0,0,0,0,0
56863138,-0.0325462,-0.0238927,0.0413078,1.08e-20,0.999587,-0.0160211,-0.012278,0.0204539,0.173186,-1.0,1,0,0,0,0,0,0
56962786,-0.0325462,-0.0238927,0.0413078,-1.11387e-22,0.999587,-0.0160211,-0.012278,0.0204539,0.176943,-1.0,1,0,0,0,0,0,0
57066898,-0.0325462,-0.0238927,0.0413078,-5.33107e-24,0.999587,-0.0160211,-0.012278,0.0204539,0.171199,-1.0,1,0,0,0,0,0,0
57167261,-0.0325462,-0.0238927,0.0413078,-1.45366e-25,0.999587,-0.0160211,-0.012278,0.0204539,0.171118,-1.0,1,0,0,0,0,0,0
57271281,-0.0324983,-0.0238927,0.0413072,8.0212e-29,0.999587,-0.0159971,-0.0122775,0.0204539,0.171085,-1.0,1,0,0,0,0,0,0
57370777,-0.0325434,-0.0238927,0.0413078,4.41231e-29,0.999587,-0.0160197,-0.012278,0.0204539,0.171333,-1.0,1,0,0,0,0,0,0
57471170,-0.0325461,-0.0238927,0.0413078,2.18655e-30,0.999587,-0.016021,-0.012278,0.0204539,0.172313,-1.0,1,0,0,0,0,0,0
57575190,-0.0325462,-0.0238927,0.0413078,1.18592e-32,0.999587,-0.0160211,-0.012278,0.0204539,0.171033,-1.0,1,0,0,0,0,0,0
57674930,-0.0325462,-0.0238927,0.0413078,-2.93505e-34,0.999587,-0.0160211,-0.012278,0.0204539,0.171125,-1.0,1,0,0,0,0,0,0
57775157,-0.0325462,-0.0238927,0.0413078,-2.90242e-35,0.999587,-0.0160211,-0.012278,0.0204539,0.171091,-1.0,1,0,0,0,0,0,0
57879281,-0.0325462,-0.0238927,0.0413078,-2.63271e-37,0.999587,-0.0160211,-0.012278,0.0204539,0.171084,-1.0,1,0,0,0,0,0,0
57978888,-0.0325462,-0.0238927,0.0413078,8.96942e-40,0.999587,-0.0160211,-0.012278,0.0204539,0.171084,-1.0,1,0,0,0,0,0,0
58082775,-0.0325462,-0.0238927,0.0413078,1.01209e-40,0.999587,-0.0160211,-0.012278,0.0204539,0.171084,-1.0,1,0,0,0,0,0,0
58183122,-0.0325462,-0.0238927,0.0413078,4.18288e-42,0.999587,-0.0160211,-0.012278,0.0204539,0.171084,-1.0,1,0,0,0,0,0,0
58282909,-0.0325462,-0.0238927,0.0413078,1.96182e-44,0.999587,-0.0160211,-0.012278,0.0204539,0.171084,-1.0,1,0,0,0,0,0,0
58386886,-0.0315165,-0.023893,0.0412955,-4.2039e-45,0.999595,-0.0155065,-0.0122675,0.020454,0.171084,-1.0,1,0,0,0,0,0,0
58487123,-0.0298406,-0.0238934,0.0412755,0.0,0.999608,-0.014669,-0.0122504,0.0204543,0.171582,-1.0,1,0,0,0,0,0,0
58587246,-0.031057,-0.0238931,0.04129,0.0,0.999599,-0.0152769,-0.0122628,0.0204541,0.200455,-1.0,1,0,0,0,0,0,0
58690782,-0.0310669,-0.0238931,0.0412901,0.0,0.999599,-0.0152818,-0.0122629,0.0204541,0.218743,-1.0,1,0,0,0,0,0,0
58791923,-0.0310669,-0.0238931,0.0412901,0.0,0.999599,-0.0152818,-0.0122629,0.0204541,0.219027,-1.0,1,0,0,0,0,0,0
58891726,-0.0310669,-0.0238931,0.0412901,0.0,0.999599,-0.0152818,-0.0122629,0.0204541,0.214397,-1.0,1,0,0,0,0,0,0
58995700,-0.0310669,-0.0238931,0.0412901,0.0,0.999599,-0.0152818,-0.0122629,0.0204541,0.214454,-1.0,1,0,0,0,0,0,0
59095949,-0.0310669,-0.0238931,0.0412901,0.0,0.999599,-0.0152818,-0.0122629,0.0204541,0.213162,-1.0,1,0,0,0,0,0,0
59200490,-0.0310669,-0.0238931,0.0412901,0.0,0.999599,-0.0152818,-0.0122629,0.0204541,0.215678,-1.0,1,0,0,0,0,0,0
59303981,-0.0310669,-0.0238931,0.0412901,0.0,0.999599,-0.0152818,-0.0122629,0.0204541,0.209977,-1.0,1,0,0,0,0,0,0
59403573,-0.0320966,-0.0238928,0.0413024,0.0,0.999591,-0.0157964,-0.0122734,0.0204539,0.210887,-1.0,1,0,0,0,0,0,0
59507675,-0.032535,-0.0238927,0.0413077,0.0,0.999587,-0.0160155,-0.0122779,0.0204539,0.215744,-1.0,1,0,0,0,0,0,0
59608114,-0.032547,-0.0238927,0.0413078,0.0,0.999587,-0.0160215,-0.012278,0.0204539,0.220939,-1.0,1,0,0,0,0,0,0
59707681,-0.0325462,-0.0238927,0.0413078,0.0,0.999587,-0.0160211,-0.012278,0.0204539,0.258819,-1.0,1,0,0,0,0,0,0
59811886,-0.0325462,-0.0238927,0.0413078,0.0,0.999587,-0.0160211,-0.012278,0.0204539,0.258932,-1.0,1,0,0,0,0,0,0
59911964,-0.0325462,-0.0238927,0.0413078,0.0,0.999587,-0.0160211,-0.012278,0.0204539,0.297017,-1.0,1,0,0,0,0,0,0
60011926,-0.0325462,-0.0238927,0.0413078,0.0,0.999587,-0.0160211,-0.012278,0.0204539,0.296303,-1.0,1,0,0,0,0,0,0
60115663,-0.0325462,-0.0238927,0.0413078,0.0,0.999587,-0.0160211,-0.012278,0.0204539,0.295964,-1.0,1,0,0,0,0,0,0
60216099,-0.0325462,-0.0238927,0.0413078,0.0,0.999587,-0.0160211,-0.012278,0.0204539,0.29544,-1.0,1,0,0,0,0,0,0
60320019,-0.0325462,-0.0238927,0.0413078,0.0,0.999587,-0.0160211,-0.012278,0.0204539,0.299375,-1.0,1,0,0,0,0,0,0
60419730,-0.0325462,-0.0238927,0.0413078,0.0,0.999587,-0.0160211,-0.012278,0.0204539,0.351863,-1.0,1,0,0,0,0,0,0
60520012,-0.0325466,-0.0246236,0.0413197,0.0,0.999583,-0.0160136,-0.0126434,0.0204538,0.369533,-1.0,1,0,0,0,0,0,0
60624109,-0.0335414,-0.0246248,0.041332,0.0,0.999574,-0.0165107,-0.0126543,0.0204536,0.375124,-1.0,1,0,0,0,0,0,0
60723563,-0.0340257,-0.0241596,0.04133,0.0,0.999573,-0.0167576,-0.0124267,0.0204536,0.405517,-1.0,1,0,0,0,0,0,0
60823949,-0.0325176,-0.0238516,0.0413068,0.0,0.999588,-0.0160072,-0.0122571,0.0204539,0.410724,-1.0,1,0,0,0,0,0,0
60928387,-0.0331061,-0.023892,0.0413145,0.0,0.999582,-0.0163009,-0.0122834,0.0204538,0.420379,-1.0,1,0,0,0,0,0,0
61027685,-0.0325574,-0.0238927,0.0413079,0.0,0.999587,-0.0160267,-0.0122781,0.0204539,0.481882,-1.0,1,0,0,0,0,0,0
61131664,-0.0325462,-0.0238927,0.0413078,0.0,0.999587,-0.016021,-0.012278,0.0204539,0.486917,-1.0,1,0,0,0,0,0,0
61232190,-0.0325462,-0.0238927,0.0413078,0.0,0.999587,-0.0160211,-0.012278,0.0204539,0.490167,-1.0,1,0,0,0,0,0,0
61331570,-0.0328518,-0.0238926,0.0413115,0.0,0.999585,-0.0161738,-0.0122811,0.0204538,0.525541,-1.0,1,0,0,0,0,0,0
61435695,-0.0340153,-0.0254499,0.0413518,0.0,0.999565,-0.0167388,-0.0130716,0.0204534,0.523348,-1.0,1,0,0,0,0,0,0
61536221,-0.0356182,-0.0253753,0.0413709,0.0,0.999552,-0.0175405,-0.0130509,0.0204532,0.515737,-1.0,1,0,0,0,0,0,0
61635718,-0.0355044,-0.0253852,0.0413697,0.0,0.999553,-0.0174836,-0.0130547,0.0204532,0.511654,-1.0,1,0,0,0,0,0,0
61739565,-0.037014,-0.0253847,0.0413486,-0.00350887,0.999539,-0.0182381,-0.0130697,0.0204328,0.478628,-1.0,1,0,0,0,0,0,0
61839951,-0.036986,-0.0253847,0.0356388,-0.133098,0.999594,-0.0182614,-0.0130173,0.0175793,0.481989,-1.0,1,0,0,0,0,0,0
61944201,-0.0369853,-0.0253847,0.0116031,-0.330623,0.999733,-0.0184162,-0.0127969,0.00556535,0.481921,-1.0,1,0,0,0,0,0,0
62043682,-0.0369853,-0.0253847,-0.0316614,-0.491607,0.999619,-0.0186887,-0.0123956,-0.0160607,0.483472,-1.0,1,0,0,0,0,0,0
62144004,-0.0430477,-0.0253826,-0.0859497,-0.570091,0.998753,-0.0220457,-0.0117518,-0.0432211,0.491586,-1.0,1,0,0,0,0,0,0
62243567,-0.0557205,-0.0253774,-0.146554,-0.622912,0.996823,-0.0287082,-0.0106101,-0.0735297,0.5214,-1.0,1,0,0,0,0,0,0
62348561,-0.0576778,-0.0253764,-0.205706,-0.45932,0.994184,-0.0299823,-0.00965528,-0.102985,0.517142,-1.0,1,0,0,0,0,0,0
62448839,-0.0551275,-0.0253776,-0.23944,-0.198067,0.992343,-0.0288757,-0.00930149,-0.119727,0.514442,-1.0,1,0,0,0,0,0,0
62552981,-0.0576718,-0.0253764,-0.244285,0.00499839,0.992013,-0.03016,-0.00907554,-0.122142,0.523757,-1.0,1,0,0,0,0,0,0
62652667,-0.0600721,-0.0253752,-0.24425,8.23128e-05,0.991978,-0.0313503,-0.0089289,-0.122135,0.524984,-1.0,1,0,0,0,0,0,0
62752765,-0.075858,-0.0253661,-0.244049,-1.58609e-06,0.991712,-0.0391776,-0.00796407,-0.122102,0.518765,-1.0,1,0,0,0,0,0,0
62856956,-0.0889493,-0.025357,-0.243883,-5.00181e-08,0.991445,-0.0456669,-0.00716393,-0.122069,0.515672,-1.0,1,0,0,0,0,0,0
62956376,-0.0931927,-0.0253538,-0.243829,-7.31771e-10,0.991349,-0.04777,-0.00690459,-0.122057,0.515661,-1.0,1,0,0,0,0,0,0
63056797,-0.11547,-0.0253341,-0.243547,8.80206e-12,0.990773,-0.058807,-0.00554322,-0.121986,0.502484,-1.0,1,0,0,0,0,0,0
63160900,-0.125586,-0.0278993,-0.243257,4.60056e-13,0.990454,-0.063971,-0.006206,-0.121947,0.481728,-1.0,1,0,0,0,0,0,0
63260517,-0.128919,-0.0491332,-0.241839,1.34914e-14,0.990147,-0.0668823,-0.0165664,-0.121909,0.486998,-1.0,1,0,0,0,0,0,0
63364382,-0.128807,-0.0535526,-0.241557,5.13404e-18,0.990094,-0.0670862,-0.0187715,-0.121903,0.487587,-1.0,1,0,0,0,0,0,0
63465012,-0.128799,-0.0523083,-0.241637,-1.54977e-17,0.990111,-0.0670092,-0.018153,-0.121905,0.489238,-1.0,1,0,0,0,0,0,0
63564381,-0.128768,-0.0450477,-0.242106,-1.99212e-19,0.990199,-0.0665667,-0.0145433,-0.121916,0.511319,-1.0,1,0,0,0,0,0,0
63668531,-0.124094,-0.0264405,-0.243369,7.81189e-21,0.990509,-0.0631448,-0.00557086,-0.121954,0.528316,-1.0,1,0,0,0,0,0,0
63768968,-0.0690143,-0.025343,-0.244136,1.7165e-22,0.991835,-0.0357828,-0.00836878,-0.122117,0.526889,-1.0,1,0,0,0,0,0,0
63868464,-0.0323198,-0.0253854,-0.244601,2.61419e-24,0.992296,-0.0175854,-0.0106247,-0.122174,0.525676,-1.0,1,0,0,0,0,0,0
63972383,-0.0325404,-0.025386,-0.244598,2.46482e-26,0.992294,-0.0176949,-0.0106116,-0.122173,0.522537,-1.0,1,0,0,0,0,0,0
64072778,-0.0344515,-0.0365877,-0.244381,-1.78054e-27,0.992192,-0.0193229,-0.0160546,-0.122161,0.518613,-1.0,1,0,0,0,0,0,0
64176744,-0.0355309,-0.0598838,-0.243947,-3.16036e-29,0.991904,-0.0212666,-0.0275499,-0.122125,0.515589,-1.0,1,0,0,0,0,0,0
64276376,-0.0331828,-0.0661435,-0.243913,4.4708e-31,0.991826,-0.0204804,-0.0307984,-0.122116,0.503872,-1.0,1,0,0,0,0,0,0
64376743,-0.0326643,-0.0523376,-0.244156,1.71426e-32,0.992033,-0.0193903,-0.0239795,-0.122141,0.481941,-1.0,1,0,0,0,0,0,0
64480893,-0.0325522,-0.0458583,-0.244265,3.63568e-34,0.992113,-0.0189427,-0.0207711,-0.122151,0.483218,-1.0,1,0,0,0,0,0,0
64580571,-0.0299735,-0.024438,-0.244645,-1.58067e-36,0.99232,-0.0163639,-0.0102976,-0.122177,0.484719,-1.0,1,0,0,0,0,0,0
64680759,-0.015026,-0.0238642,-0.244832,-5.06472e-37,0.992407,-0.00891313,-0.0109248,-0.122187,0.489309,-1.0,1,0,0,0,0,0,0
64785929,-0.00205527,-0.0235878,-0.244987,-5.87692e-39,0.992436,-0.0024609,-0.0115797,-0.122191,0.489998,-1.0,1,0,0,0,0,0,0
64884383,-0.0141662,-0.0223736,-0.244853,2.88033e-40,0.992419,-0.00839568,-0.0102376,-0.122189,0.522296,-1.0,1,0,0,0,0,0,0
64988462,-0.0311344,-0.0240049,-0.244638,5.79577e-42,0.992314,-0.0169134,-0.0100118,-0.122176,0.524663,-1.0,1,0,0,0,0,0,0
65088695,-0.0317998,-0.0238915,-0.244631,-3.36312e-44,0.992309,-0.0172366,-0.00991496,-0.122175,0.518576,-1.0,1,0,0,0,0,0,0
65188515,-0.0326114,-0.0238926,-0.249778,-0.124567,0.991985,-0.0176647,-0.00982054,-0.124732,0.47913,-1.0,1,0,0,0,0,0,0
65293563,-0.0325446,-0.0238927,-0.26561,-0.141738,0.990967,-0.0177088,-0.00968486,-0.132581,0.484566,-1.0,1,0,0,0,0,0,0
65393510,-0.0325461,-0.0238927,-0.278103,-0.11069,0.990119,-0.0177697,-0.00957396,-0.138768,0.486255,-1.0,1,0,0,0,0,0,0
65493316,-0.0322406,-0.0238928,-0.292529,-0.215595,0.989095,-0.0176872,-0.00946785,-0.145905,0.489183,-1.0,1,0,0,0,0,0,0
65595228,-0.0268894,-0.023894,-0.325105,-0.38447,0.986632,-0.0151994,-0.00961255,-0.16197,0.488652,-1.0,1,0,0,0,0,0,0
65697543,-0.0179418,-0.0254182,-0.375605,-0.555259,0.982277,-0.011185,-0.0108101,-0.18679,0.486765,-1.0,1,0,0,0,0,0,0
65797183,-0.0301205,-0.0253881,-0.433302,-0.592773,0.976392,-0.0174348,-0.00915857,-0.215105,0.48888,-1.0,1,0,0,0,0,0,0
65901338,-0.0296011,-0.0326294,-0.49401,-0.547203,0.969355,-0.0183372,-0.0121989,-0.244676,0.529433,-1.0,1,0,0,0,0,0,0
66002928,-0.0312431,-0.0824156,-0.543976,-0.444201,0.962131,-0.0260998,-0.0354839,-0.269006,0.555137,-1.0,1,0,0,0,0,0,0
66105606,-0.0311455,-0.0894911,-0.566452,-0.0471811,0.958887,-0.0274354,-0.0385959,-0.27981,0.550867,-1.0,1,0,0,0,0,0,0
66205648,-0.031869,-0.0889842,-0.567019,-0.000155911,0.958809,-0.0277226,-0.0382437,-0.280095,0.551277,-1.0,1,0,0,0,0,0,0
66307135,-0.0311277,-0.0793322,-0.567221,1.51074e-05,0.959007,-0.026025,-0.0337153,-0.280162,0.546723,-1.0,1,0,0,0,0,0,0
66409586,-0.0109696,-0.0532547,-0.568165,9.62908e-07,0.959524,-0.0127251,-0.02402,-0.280313,0.513146,-1.0,1,0,0,0,0,0,0
66509183,-0.000176296,-0.0238016,-0.568455,6.78881e-09,0.95981,-0.0034217,-0.0113984,-0.280397,0.495454,-1.0,1,0,0,0,0,0,0
66610974,-0.0136647,-0.0223915,-0.568304,-7.74193e-10,0.959796,-0.00969643,-0.00883104,-0.280393,0.480466,-1.0,1,0,0,0,0,0,0
66713579,-0.00251522,-0.0227624,-0.568428,-1.23183e-11,0.959815,-0.00439833,-0.0105717,-0.280399,0.483267,-1.0,1,0,0,0,0,0,0
66813252,0.000444053,-0.0238885,-0.568462,-1.26115e-13,0.95981,-0.00313622,-0.011527,-0.280397,0.483132,-1.0,1,0,0,0,0,0,0
66913573,4.30705e-07,-0.0238978,-0.568457,7.87475e-15,0.95981,-0.00335039,-0.0114693,-0.280397,0.483132,-1.0,1,0,0,0,0,0,0
67017641,-0.00275061,-0.0255031,-0.568422,1.45969e-16,0.959799,-0.00489546,-0.0118541,-0.280394,0.483133,-1.0,1,0,0,0,0,0,0
67117251,-0.0313801,-0.0253849,-0.568058,-1.65705e-18,0.959683,-0.0186158,-0.00778586,-0.28036,0.483133,-1.0,1,0,0,0,0,0,0
67221276,-0.0310788,-0.0253863,-0.568062,-7.39831e-20,0.959685,-0.0184715,-0.00782876,-0.28036,0.481455,-1.0,1,0,0,0,0,0,0
67322677,-0.0300381,-0.0253867,-0.568075,-1.88736e-21,0.959693,-0.0179722,-0.00797469,-0.280363,0.487315,-1.0,1,0,0,0,0,0,0
67421290,-0.0295988,-0.0269444,-0.568058,2.76845e-24,0.959686,-0.0179794,-0.00878398,-0.280361,0.488284,-1.0,1,0,0,0,0,0,0
67525611,-0.029589,-0.0268703,-0.568059,2.34822e-24,0.959687,-0.0179643,-0.00874976,-0.280361,0.491799,-1.0,1,0,0,0,0,0,0
67626706,-0.029589,-0.02688,-0.568059,2.89e-26,0.959687,-0.0179656,-0.00875442,-0.280361,0.517456,-1.0,1,0,0,0,0,0,0
67725581,-0.0255828,-0.0268811,-0.568113,-1.25006e-27,0.959713,-0.0160437,-0.00931611,-0.280369,0.497713,-1.0,1,0,0,0,0,0,0
67829295,-0.00457269,-0.0268356,-0.568395,-2.63885e-29,0.959789,-0.00595649,-0.0122381,-0.280391,0.491833,-1.0,1,0,0,0,0,0,0
67929626,-6.55944e-05,-0.025836,-0.568456,9.67859e-32,0.959798,-0.0036538,-0.0123902,-0.280394,0.484997,-1.0,1,0,0,0,0,0,0
68034578,8.21247e-07,-0.0238424,-0.568457,1.07926e-32,0.95981,-0.00334244,-0.0114428,-0.280397,0.490405,-1.0,1,0,0,0,0,0,0
68137578,-0.0116147,-0.0254558,-0.568309,2.77913e-34,0.959784,-0.00914202,-0.010589,-0.280389,0.486513,-1.0,1,0,0,0,0,0,0
68237187,-0.0302192,-0.0253769,-0.568073,1.75266e-36,0.959691,-0.0180577,-0.00794463,-0.280362,0.488014,-1.0,1,0,0,0,0,0,0
68341669,-0.0295994,-0.0243472,-0.568096,-7.83638e-38,0.959702,-0.0176162,-0.00753715,-0.280365,0.493096,-1.0,1,0,0,0,0,0,0
68442597,-0.0295877,-0.0239517,-0.568102,-2.7248e-39,0.959704,-0.0175552,-0.00734893,-0.280366,0.524231,-1.0,1,0,0,0,0,0,0
68541571,-0.0295875,-0.0239019,-0.568103,-4.92612e-41,0.959705,-0.0175482,-0.00732505,-0.280366,0.518052,-1.0,1,0,0,0,0,0,0
68645520,-0.0250682,-0.0238942,-0.568157,4.58365e-42,0.959734,-0.0153787,-0.00795448,-0.280375,0.514386,-1.0,1,0,0,0,0,0,0
68745597,-0.0277601,-0.0238939,-0.568125,7.84727e-44,0.959717,-0.0166702,-0.00757719,-0.28037,0.513709,-1.0,1,0,0,0,0,0,0
68846590,-0.0310966,-0.025499,-0.56806,0.0,0.959684,-0.0184958,-0.00788036,-0.28036,0.484606,-1.0,1,0,0,0,0,0,0
68950109,-0.031058,-0.0250765,-0.568067,0.0,0.959687,-0.0184181,-0.00768294,-0.280361,0.487161,-1.0,1,0,0,0,0,0,0
69050343,-0.0310669,-0.0242128,-0.568081,0.0,0.959692,-0.0183015,-0.0072671,-0.280363,0.489124,-1.0,1,0,0,0,0,0,0
69150072,-0.0295245,-0.025415,-0.575932,-0.227171,0.958588,-0.0177612,-0.00799058,-0.284129,0.487062,-1.0,1,0,0,0,0,0,0
69254298,-0.0295904,-0.0269452,-0.611145,-0.338941,0.953424,-0.0181605,-0.00839627,-0.300969,0.487844,-1.0,1,0,0,0,0,0,0
69354487,-0.0259863,-0.0265627,-0.645627,-0.360086,0.948128,-0.0165334,-0.00847246,-0.317345,0.491005,-1.0,1,0,0,0,0,0,0
69458443,-0.0280606,-0.0253581,-0.684174,-0.359941,0.941828,-0.0174686,-0.00723691,-0.335562,0.527744,-1.0,1,0,0,0,0,0,0
69558155,-0.0295659,-0.025386,-0.709572,-0.162277,0.937478,-0.0182695,-0.00676602,-0.3475,0.522985,-1.0,1,0,0,0,0,0,0
69660110,-0.0311798,-0.0253864,-0.714924,0.00669443,0.936529,-0.0190433,-0.00643484,-0.350012,0.516643,-1.0,1,0,0,0,0,0,0
69762327,-0.031069,-0.0253864,-0.714828,1.35215e-05,0.936547,-0.0189911,-0.00645516,-0.349967,0.518163,-1.0,1,0,0,0,0,0,0
69861992,-0.0310676,-0.0253864,-0.714825,-7.12281e-06,0.936548,-0.0189904,-0.00645544,-0.349966,0.518071,-1.0,1,0,0,0,0,0,0
69962374,-0.0320975,-0.0256946,-0.714807,-9.56026e-08,0.936538,-0.0195266,-0.00641973,-0.349962,0.518072,-1.0,1,0,0,0,0,0,0
70066595,-0.0325381,-0.026868,-0.714783,-6.57991e-10,0.936528,-0.0199379,-0.00689242,-0.349958,0.519906,-1.0,1,0,0,0,0,0,0
70166331,-0.0325479,-0.0268801,-0.714782,7.76948e-11,0.936527,-0.0199446,-0.00689639,-0.349958,0.526772,-1.0,1,0,0,0,0,0,0
70270138,-0.0325477,-0.0265708,-0.714787,1.22777e-12,0.936529,-0.0198905,-0.00675153,-0.349959,0.526511,-1.0,1,0,0,0,0,0,0
70370581,-0.032547,-0.025357,-0.714807,-2.7326e-14,0.936537,-0.019678,-0.00618296,-0.349962,0.524162,-1.0,1,0,0,0,0,0,0
70470153,-0.0310389,-0.0253856,-0.714826,-7.92775e-16,0.936548,-0.0189769,-0.00646009,-0.349966,0.520775,-1.0,1,0,0,0,0,0,0
70574143,0.0156901,-0.0243499,-0.715411,-1.45939e-17,0.936638,0.00308532,-0.0141502,-0.35,0.517267,-1.0,1,0,0,0,0,0,0
70674485,0.206616,-0.0237385,-0.717681,1.72048e-19,0.931677,0.0924032,-0.0472674,-0.348146,0.507091,-1.0,1,0,0,0,0,0,0
70774138,0.399964,-0.0057749,-0.71639,7.47803e-21,0.918063,0.185051,-0.0722943,-0.343059,0.480592,-1.0,1,0,0,0,0,0,0
70877973,0.47468,0.000618672,-0.71507,1.85445e-22,0.910476,0.220355,-0.0820017,-0.340224,0.476105,-1.0,1,0,0,0,0,0,0
70978353,0.470045,0.0107908,-0.712636,-3.47638e-25,0.910972,0.220065,-0.0763107,-0.340409,0.480438,-1.0,1,0,0,0,0,0,0
71082373,0.45294,0.0103439,-0.712836,-2.34635e-25,0.912805,0.212183,-0.073622,-0.341094,0.483195,-1.0,1,0,0,0,0,0,0
71181991,0.433361,0.00700108,-0.713679,-2.86197e-27,0.914827,0.202639,-0.071895,-0.341849,0.483134,-1.0,1,0,0,0,0,0,0
71282483,0.424254,0.00694184,-0.713725,1.26236e-28,0.915734,0.198459,-0.0703694,-0.342188,0.483133,-1.0,1,0,0,0,0,0,0
71386530,0.419956,-0.000330521,-0.71529,2.64436e-30,0.916161,0.195193,-0.0731193,-0.342348,0.483133,-1.0,1,0,0,0,0,0,0
71485971,0.420299,3.28962e-08,-0.71522,3.85776e-32,0.916128,0.195409,-0.0730196,-0.342335,0.483133,-1.0,1,0,0,0,0,0,0
71586516,0.416425,3.88066e-07,-0.71522,-1.09593e-33,0.916505,0.193634,-0.0723563,-0.342476,0.483133,-1.0,1,0,0,0,0,0,0
71690871,0.310459,0.0190808,-0.712234,-2.79318e-35,0.925432,0.148186,-0.0450651,-0.345812,0.496867,-1.0,1,0,0,0,0,0,0
71790772,0.18001,0.0309538,-0.712426,-1.63052e-37,0.932834,0.0896059,-0.016895,-0.348578,0.52622,-1.0,1,0,0,0,0,0,0
71891215,0.19587,0.0276617,-0.712502,4.29616e-38,0.932159,0.096431,-0.0211984,-0.348326,0.525316,-1.0,1,0,0,0,0,0,0
71995340,0.210263,0.0182942,-0.713289,6.06154e-40,0.931526,0.101506,-0.0281116,-0.348089,0.52555,-1.0,1,0,0,0,0,0,0
72094786,0.0726593,0.0266731,-0.71425,-1.88713e-41,0.936035,0.038686,-0.000209824,-0.349774,0.525234,-1.0,1,0,0,0,0,0,0
72195188,-0.129484,0.00327998,-0.715432,-4.59626e-43,0.934772,-0.0600285,0.0241857,-0.349303,0.525301,-1.0,1,0,0,0,0,0,0
72299406,-0.222132,-8.10749e-05,-0.715211,-0.0,0.930964,-0.10384,0.0387591,-0.34788,0.524254,-1.0,1,0,0,0,0,0,0
72398779,-0.311924,0.003143,-0.715714,0.0,0.925365,-0.144946,0.0558612,-0.345787,0.522778,-1.0,1,0,0,0,0,0,0
72503104,-0.34953,0.0126256,-0.717449,0.0,0.922449,-0.160623,0.0668643,-0.344698,0.522908,-1.0,1,0,0,0,0,0,0
72603333,-0.380906,0.018943,-0.718872,0.0,0.919759,-0.173927,0.0752896,-0.343692,0.522892,-1.0,1,0,0,0,0,0,0
72702772,-0.413948,0.028317,-0.721166,0.0,0.916656,-0.187376,0.0854618,-0.342533,0.522892,-1.0,1,0,0,0,0,0,0
72807155,-0.418548,0.0303158,-0.721659,0.0,0.916198,-0.189115,0.0872096,-0.342362,0.523389,-1.0,1,0,0,0,0,0,0
72907190,-0.417694,0.0300154,-0.721582,0.0,0.916283,-0.188779,0.0869187,-0.342393,0.524013,-1.0,1,0,0,0,0,0,0
73006894,-0.417747,0.0225096,-0.719991,0.0,0.916321,-0.190175,0.0833457,-0.342408,0.522838,-1.0,1,0,0,0,0,0,0
73110872,-0.41399,0.0202338,-0.719469,0.0,0.916695,-0.18887,0.0816117,-0.342547,0.521604,-1.0,1,0,0,0,0,0,0
73211147,-0.40983,0.0202299,-0.719424,0.0,0.917093,-0.186965,0.0808929,-0.342696,0.524659,-1.0,1,0,0,0,0,0,0
73315125,-0.413051,0.0205198,-0.719519,0.0,0.916784,-0.188387,0.0815864,-0.342581,0.526515,-1.0,1,0,0,0,0,0,0
73414962,-0.415807,0.0246976,-0.72043,0.0,0.916498,-0.188888,0.0840556,-0.342474,0.526507,-1.0,1,0,0,0,0,0,0
73515123,-0.414884,0.0154011,-0.718461,0.0,0.916627,-0.190156,0.0794574,-0.342522,0.526257,-1.0,1,0,0,0,0,0,0
73619387,-0.302927,-0.0248046,-0.711434,0.0,0.925942,-0.145698,0.0410511,-0.346003,0.525735,-1.0,1,0,0,0,0,0,0
73718789,-0.104149,-0.0467459,-0.712783,0.0,0.935211,-0.0569096,-0.00371723,-0.349467,0.526566,-1.0,1,0,0,0,0,0,0
73823072,-0.0758111,-0.0566912,-0.713069,0.0,0.935688,-0.045384,-0.0133187,-0.349645,0.526754,-1.0,1,0,0,0,0,0,0
73923186,-0.0818545,-0.0563893,-0.71291,0.0,0.93558,-0.0481577,-0.0121246,-0.349604,0.527734,-1.0,1,0,0,0,0,0,0
74022908,-0.0827687,-0.0536892,-0.712996,0.0,0.935597,-0.0481167,-0.0106986,-0.349611,0.527712,-1.0,1,0,0,0,0,0,0
74126770,-0.0885052,-0.05214,-0.71291,0.0,0.935502,-0.0505305,-0.00897267,-0.349575,0.535256,-1.0,1,0,0,0,0,0,0
74227757,-0.0945977,-0.0521981,-0.712748,0.0,0.935371,-0.0533895,-0.00793927,-0.349526,0.52835,-1.0,1,0,0,0,0,0,0
74326867,-0.10051,-0.0741997,-0.711486,0.0,0.934911,-0.0599582,-0.0172414,-0.349354,0.51673,-1.0,1,0,0,0,0,0,0
74430774,-0.094608,-0.119756,-0.709544,0.0,0.934015,-0.0650268,-0.0396563,-0.34902,0.518118,-1.0,1,0,0,0,0,0,0
74531348,-0.0454183,-0.133746,-0.712177,0.0,0.934403,-0.0445245,-0.0547169,-0.349164,0.518071,-1.0,1,0,0,0,0,0,0
74630787,-0.0386931,-0.134645,-0.712611,0.0,0.93444,-0.0415501,-0.056302,-0.349178,0.518072,-1.0,1,0,0,0,0,0,0
74735084,-0.0402399,-0.143132,-0.712335,0.0,0.93415,-0.0437354,-0.0600069,-0.34907,0.515338,-1.0,1,0,0,0,0,0,0
74835313,-0.0384014,-0.167834,-0.711989,0.0,0.933269,-0.0471398,-0.0718809,-0.348741,0.491883,-1.0,1,0,0,0,0,0,0
74939307,-0.0369919,-0.167695,-0.71211,0.0,0.933287,-0.0464622,-0.0720586,-0.348747,0.482998,-1.0,1,0,0,0,0,0,0
75038873,-0.0339739,-0.166217,-0.712389,0.0,0.933369,-0.0448083,-0.0718883,-0.348778,0.490795,-1.0,1,0,0,0,0,0,0
75139390,-0.0338605,-0.165765,-0.712407,0.0,0.933388,-0.0446777,-0.0716963,-0.348785,0.49035,-1.0,1,0,0,0,0,0,0
75243187,-0.0343226,-0.16606,-0.712363,0.0,0.933373,-0.0449429,-0.0717547,-0.348779,0.490361,-1.0,1,0,0,0,0,0,0
75343942,-0.0324742,-0.167238,-0.712498,0.0,0.933341,-0.044289,-0.0726242,-0.348768,0.49061,-1.0,1,0,0,0,0,0,0
75443942,-0.0313666,-0.167251,-0.71259,0.0,0.933349,-0.0437778,-0.0728216,-0.34877,0.491806,-1.0,1,0,0,0,0,0,0
75548289,-0.0313485,-0.165903,-0.712613,0.0,0.933401,-0.0435367,-0.0721946,-0.34879,0.499318,-1.0,1,0,0,0,0,0,0
75647678,-0.0343491,-0.143932,-0.712743,0.0,0.934174,-0.0411348,-0.0614,-0.349079,0.52256,-1.0,1,0,0,0,0,0,0
75748033,-0.0356844,-0.0835229,-0.713728,0.0,0.935771,-0.0312849,-0.0328856,-0.349676,0.520395,-1.0,1,0,0,0,0,0,0
75851929,-0.0344765,-0.0239419,-0.714807,0.0,0.93653,-0.0203342,-0.00518261,-0.349959,0.520481,-1.0,1,0,0,0,0,0,0
75951646,-0.0314161,-0.0238685,-0.714845,0.0,0.936554,-0.0188884,-0.00568336,-0.349968,0.525587,-1.0,1,0,0,0,0,0,0
76055668,-0.0278397,-0.0131331,-0.715037,0.0,0.936625,-0.0153367,-0.00127968,-0.349995,0.525301,-1.0,1,0,0,0,0,0,0
76156093,-0.0261292,0.000575316,-0.715227,0.0,0.936656,-0.0121371,0.00484244,-0.350006,0.519106,-1.0,1,0,0,0,0,0,0
76255577,-0.0145399,9.23118e-06,-0.71522,0.0,0.936711,-0.00680837,0.00254905,-0.350027,0.515401,-1.0,1,0,0,0,0,0,0
76359711,0.0178955,-1.9517e-07,-0.71522,0.0,0.936699,0.00838156,-0.0031321,-0.350022,0.514442,-1.0,1,0,0,0,0,0,0
76459962,0.031288,0.00153487,-0.715196,0.0,0.936621,0.0149224,-0.00475677,-0.349993,0.514457,-1.0,1,0,0,0,0,0,0
76559749,-0.00211399,0.0451015,-0.715267,0.0,0.936497,0.00690354,0.021492,-0.349947,0.518098,-1.0,1,0,0,0,0,0,0
76663713,-0.0279584,0.0549198,-0.715988,0.0,0.936292,-0.0034679,0.0306095,-0.34987,0.520539,-1.0,1,0,0,0,0,0,0
76764244,-0.0257305,0.0469098,-0.715823,0.0,0.936401,-0.0038311,0.0264703,-0.349911,0.503267,-1.0,1,0,0,0,0,0,0
76868116,-0.0174226,0.0343476,-0.715519,0.0,0.936562,-0.00214509,0.019135,-0.349971,0.498879,-1.0,1,0,0,0,0,0,0
76967718,-0.0212459,0.0334476,-0.715575,0.0,0.936552,-0.00409254,0.0193827,-0.349968,0.501347,-1.0,1,0,0,0,0,0,0
77067926,-0.0256283,0.0362015,-0.715684,0.0,0.936506,-0.00566114,0.0214392,-0.34995,0.50574,-1.0,1,0,0,0,0,0,0
77172215,-0.0282503,0.0433856,-0.715833,0.0,0.936422,-0.00562832,0.0252615,-0.349919,0.518039,-1.0,1,0,0,0,0,0,0
77271582,-0.0297034,0.0283412,-0.715641,0.0,0.936539,-0.00894678,0.018472,-0.349963,0.516843,-1.0,1,0,0,0,0,0,0
77372002,-0.0295805,0.00271613,-0.71526,0.0,0.936633,-0.0133786,0.0064492,-0.349998,0.516866,-1.0,1,0,0,0,0,0,0
77475919,-0.0311729,-0.00699397,-0.715111,0.0,0.936617,-0.0158238,0.00217937,-0.349992,0.516619,-1.0,1,0,0,0,0,0,0
77575567,-0.0320993,-0.030901,-0.714724,0.0,0.936504,-0.020437,-0.00885862,-0.349949,0.514134,-1.0,1,0,0,0,0,0,0
77679590,-0.0325399,-0.0298778,-0.714734,0.0,0.936508,-0.0204645,-0.00830221,-0.349951,0.498587,-1.0,1,0,0,0,0,0,0
77780062,-0.0306496,-0.0236476,-0.714857,0.0,0.936561,-0.0184909,-0.00571393,-0.349971,0.498819,-1.0,1,0,0,0,0,0,0
77879739,0.00399509,-0.0215876,-0.715263,0.0,0.93668,-0.00190731,-0.0108099,-0.350015,0.50128,-1.0,1,0,0,0,0,0,0
77983582,0.0391974,-0.0298787,-0.715805,0.0,0.936452,0.0131213,-0.0208539,-0.34993,0.500955,-1.0,1,0,0,0,0,0,0
78083959,0.0390336,-0.0298623,-0.715803,0.0,0.936453,0.0130476,-0.0208175,-0.349931,0.500009,-1.0,1,0,0,0,0,0,0
78183856,0.0374687,-0.0298641,-0.715779,0.0,0.936467,0.0123148,-0.0205444,-0.349936,0.499999,-1.0,1,0,0,0,0,0,0
78287674,0.034313,-0.0309047,-0.71575,0.0,0.936486,0.0106551,-0.0204793,-0.349943,0.5,-1.0,1,0,0,0,0,0,0
78387947,0.00372772,-0.0303152,-0.715276,0.0,0.936627,-0.00356017,-0.0148503,-0.349996,0.503154,-1.0,1,0,0,0,0,0,0
78492306,-0.000740614,-0.0298825,-0.715209,0.0,0.936632,-0.00557655,-0.0138659,-0.349997,0.515914,-1.0,1,0,0,0,0,0,0
78595883,-0.0114112,-0.026398,-0.715069,0.0,0.936639,-0.0099633,-0.0103672,-0.35,0.518038,-1.0,1,0,0,0,0,0,0
78695654,-0.0250781,-0.00639983,-0.71514,0.0,0.936658,-0.0128655,0.00139124,-0.350007,0.518073,-1.0,1,0,0,0,0,0,0
78796772,-0.0298208,-8.15177e-05,-0.715219,0.0,0.936632,-0.0139809,0.00518081,-0.349997,0.519301,-1.0,1,0,0,0,0,0,0
78900755,-0.0320787,-4.67149e-07,-0.71522,0.0,0.936616,-0.0150241,0.00561389,-0.349991,0.519278,-1.0,1,0,0,0,0,0,0
79000391,-0.0325297,7.10985e-08,-0.71522,0.0,0.936612,-0.0152352,0.00569306,-0.34999,0.508406,-1.0,1,0,0,0,0,0,0
79101174,-0.0325401,1.07463e-09,-0.71522,0.0,0.936612,-0.0152401,0.00569485,-0.34999,0.483839,-1.0,1,0,0,0,0,0,0
79204775,-0.0306439,-2.75338e-11,-0.71522,0.0,0.936626,-0.014352,0.00536302,-0.349995,0.487095,-1.0,1,0,0,0,0,0,0
79304801,-0.0295917,-7.39957e-13,-0.71522,0.0,0.936634,-0.0138593,0.00517889,-0.349998,0.490211,-1.0,1,0,0,0,0,0,0
79408392,-0.0311759,0.0180333,-0.715501,0.0,0.936584,-0.0114429,0.0139026,-0.34998,0.519394,-1.0,1,0,0,0,0,0,0
79508705,-0.0310647,0.0224679,-0.715569,0.0,0.936564,-0.0106137,0.0159599,-0.349972,0.517989,-1.0,1,0,0,0,0,0,0
79608475,-0.0310653,0.0206953,-0.715541,0.0,0.936573,-0.0109247,0.0151299,-0.349975,0.516775,-1.0,1,0,0,0,0,0,0
79712383,-0.0310641,0.017399,-0.71549,0.0,0.936588,-0.0115017,0.013586,-0.349981,0.516869,-1.0,1,0,0,0,0,0,0
79812752,-0.0310632,0.0148458,-0.71545,0.0,0.936597,-0.0119487,0.01239,-0.349984,0.516868,-1.0,1,0,0,0,0,0,0
79912473,-0.0310616,0.0082502,-0.715348,0.0,0.936615,-0.0131032,0.00930058,-0.349991,0.516867,-1.0,1,0,0,0,0,0,0
80016471,-0.022059,1.6727e-05,-0.71522,0.0,0.936679,-0.0103286,0.00386848,-0.350015,0.515611,-1.0,1,0,0,0,0,0,0
80117193,-0.00877413,-0.00602671,-0.715193,0.0,0.936723,-0.00516424,-0.00128714,-0.350031,0.515671,-1.0,1,0,0,0,0,0,0
80220771,-0.0276064,-0.00189036,-0.715194,0.0,0.936647,-0.0132604,0.003946,-0.350003,0.515663,-1.0,1,0,0,0,0,0,0
80320465,-0.0295401,-5.29055e-06,-0.71522,0.0,0.936634,-0.0138361,0.00516739,-0.349998,0.516919,-1.0,1,0,0,0,0,0,0
80420825,-0.029582,6.17457e-07,-0.71522,0.0,0.936634,-0.0138547,0.00517749,-0.349998,0.512821,-1.0,1,0,0,0,0,0,0
80524995,-0.0295819,3.80913e-08,-0.71522,0.0,0.936634,-0.0138547,0.0051772,-0.349998,0.504506,-1.0,1,0,0,0,0,0,0
80624531,-0.0311727,-0.0046859,-0.715147,0.0,0.93662,-0.0154198,0.00326054,-0.349993,0.504813,-1.0,1,0,0,0,0,0,0
80724734,-0.0310601,-0.00737556,-0.715105,0.0,0.936617,-0.0158377,0.00198086,-0.349992,0.504322,-1.0,1,0,0,0,0,0,0
80828679,-0.031064,-0.0176336,-0.714946,0.0,0.936587,-0.0176337,-0.00282401,-0.34998,0.490315,-1.0,1,0,0,0,0,0,0
80928450,-0.0310662,-0.0225918,-0.714869,0.0,0.936563,-0.0185014,-0.00514641,-0.349972,0.480952,-1.0,1,0,0,0,0,0,0
81032464,-0.0310639,-0.0169349,-0.714957,0.0,0.93659,-0.0175114,-0.00249667,-0.349982,0.488042,-1.0,1,0,0,0,0,0,0
81133140,-0.0326046,-0.00917443,-0.71507,0.0,0.936602,-0.0168757,0.0014084,-0.349986,0.49467,-1.0,1,0,0,0,0,0,0
81232393,-0.0322354,-0.0145212,-0.714986,0.0,0.93659,-0.0176379,-0.00116103,-0.349982,0.519584,-1.0,1,0,0,0,0,0,0
81336489,-0.0310384,-0.0248278,-0.714834,0.0,0.936551,-0.0188792,-0.00619886,-0.349967,0.519295,-1.0,1,0,0,0,0,0,0
81436729,-0.0310686,-0.0284955,-0.714777,0.0,0.936528,-0.0195342,-0.00791187,-0.349959,0.519277,-1.0,1,0,0,0,0,0,0
81536376,-0.0310695,-0.0286812,-0.714774,0.0,0.936527,-0.019567,-0.00799867,-0.349958,0.519277,-1.0,1,0,0,0,0,0,0
81640513,-0.0294791,-0.0298957,-0.714779,0.0,0.93653,-0.0190346,-0.00884573,-0.349959,0.519277,-1.0,1,0,0,0,0,0,0
81741463,-0.0311335,-0.0314731,-0.71473,0.0,0.936507,-0.0200847,-0.00929548,-0.349951,0.517351,-1.0,1,0,0,0,0,0,0
81845029,-0.0321025,-0.0354497,-0.714651,0.0,0.936468,-0.0212329,-0.0109891,-0.349936,0.515688,-1.0,1,0,0,0,0,0,0
81944374,-0.0325465,-0.0405073,-0.71456,0.0,0.93642,-0.0223236,-0.0132811,-0.349918,0.515662,-1.0,1,0,0,0,0,0,0
82045352,-0.0325571,-0.0387157,-0.714589,0.0,0.936437,-0.0220159,-0.0124398,-0.349924,0.516958,-1.0,1,0,0,0,0,0,0
82144517,-0.0295226,-0.0580098,-0.714363,0.0,0.93624,-0.0239619,-0.0220088,-0.349851,0.51564,-1.0,1,0,0,0,0,0,0
82249305,-0.0296377,-0.0747699,-0.714111,0.0,0.935979,-0.0269362,-0.0298394,-0.349753,0.514405,-1.0,1,0,0,0,0,0,0
82349569,-0.0296161,-0.0588018,-0.714349,0.0,0.936229,-0.0241438,-0.0223635,-0.349847,0.514466,-1.0,1,0,0,0,0,0,0
82453751,-0.0295894,-0.0276804,-0.71481,0.0,0.936544,-0.0186992,-0.0077886,-0.349964,0.514458,-1.0,1,0,0,0,0,0,0
82553297,-0.0295881,-0.0251386,-0.714848,0.0,0.93656,-0.0182544,-0.00659806,-0.34997,0.514458,-1.0,1,0,0,0,0,0,0
82653911,-0.0292817,-0.0235963,-0.714874,0.0,0.936571,-0.0178414,-0.00592909,-0.349974,0.516914,-1.0,1,0,0,0,0,0,0
82757681,-0.0033123,-0.0197184,-0.715187,0.0,0.936689,-0.00500217,-0.0086557,-0.350019,0.516869,-1.0,1,0,0,0,0,0,0
82857168,0.0088969,-0.00061787,-0.715222,0.0,0.936727,0.00405887,-0.00184651,-0.350033,0.516868,-1.0,1,0,0,0,0,0,0
82957585,0.136525,-2.79769e-05,-0.715222,0.0,0.934555,0.0638894,-0.0238889,-0.349221,0.515611,-1.0,1,0,0,0,0,0,0
83061971,0.196853,0.0148589,-0.713752,0.0,0.932177,0.0946566,-0.0274013,-0.348333,0.515664,-1.0,1,0,0,0,0,0,0
83161273,0.210248,0.0194476,-0.713168,0.0,0.931521,0.101701,-0.0275652,-0.348088,0.516958,-1.0,1,0,0,0,0,0,0
83265315,0.2439,0.0175337,-0.713071,0.0,0.929744,0.11703,-0.0343027,-0.347424,0.516866,-1.0,1,0,0,0,0,0,0
83366064,0.262853,0.0116966,-0.713674,0.0,0.928642,0.124816,-0.0403434,-0.347012,0.516867,-1.0,1,0,0,0,0,0,0
83465268,0.25837,0.014369,-0.713353,0.0,0.928907,0.123203,-0.0383038,-0.347111,0.516867,-1.0,1,0,0,0,0,0,0
83569272,0.252108,0.0115327,-0.713758,0.0,0.929289,0.119795,-0.0385598,-0.347253,0.516867,-1.0,1,0,0,0,0,0,0
83669753,0.252201,0.00321863,-0.714812,0.0,0.929297,0.118378,-0.0425032,-0.347256,0.516867,-1.0,1,0,0,0,0,0,0
83769561,0.250588,0.00454274,-0.714648,0.0,0.929391,0.117861,-0.0415979,-0.347291,0.516029,-1.0,1,0,0,0,0,0,0
83873302,0.247172,0.00441156,-0.714672,0.0,0.929589,0.11625,-0.0410671,-0.347366,0.514376,-1.0,1,0,0,0,0,0,0
83973925,0.247775,0.00543729,-0.714543,0.0,0.929553,0.116711,-0.0406875,-0.347352,0.514457,-1.0,1,0,0,0,0,0,0
84077878,0.247649,0.00587342,-0.714489,0.0,0.92956,0.116729,-0.0404597,-0.347355,0.514458,-1.0,1,0,0,0,0,0,0
84177316,0.247651,0.0058846,-0.714487,0.0,0.92956,0.116732,-0.0404547,-0.347355,0.514707,-1.0,1,0,0,0,0,0,0
84277726,0.247651,0.00588459,-0.714487,0.0,0.92956,0.116732,-0.0404548,-0.347355,0.516982,-1.0,1,0,0,0,0,0,0
84381768,0.247963,0.00746649,-0.714289,0.0,0.92954,0.117155,-0.0397619,-0.347347,0.516869,-1.0,1,0,0,0,0,0,0
84481192,0.249143,0.00838006,-0.71417,0.0,0.929469,0.117864,-0.0395352,-0.347321,0.516867,-1.0,1,0,0,0,0,0,0
84585357,0.207277,0.00515622,-0.714683,0.0,0.931707,0.0978148,-0.033784,-0.348157,0.516867,-1.0,1,0,0,0,0,0,0
84685606,0.103282,0.00251256,-0.71509,0.0,0.935487,0.0487929,-0.0168898,-0.349569,0.516867,-1.0,1,0,0,0,0,0,0
84785328,-0.00508691,0.00599721,-0.715235,0.0,0.936729,-0.00133289,0.00369919,-0.350034,0.516867,-1.0,1,0,0,0,0,0,0
84889283,-0.0804855,-0.00011356,-0.715215,0.0,0.935978,-0.0377065,0.0140294,-0.349753,0.516867,-1.0,1,0,0,0,0,0,0
84989801,-0.249767,-3.10928e-06,-0.715219,0.0,0.929441,-0.11668,0.0435987,-0.34731,0.516867,-1.0,1,0,0,0,0,0,0
85089315,-0.336315,-2.89918e-08,-0.71522,0.0,0.923523,-0.156778,0.0585842,-0.345099,0.516867,-1.0,1,0,0,0,0,0,0
85193252,-0.361004,0.000600802,-0.715329,0.0,0.921518,-0.168059,0.0631257,-0.34435,0.516867,-1.0,1,0,0,0,0,0,0
85293735,-0.377371,0.00325875,-0.715842,0.0,0.920109,-0.17512,0.0672092,-0.343823,0.516867,-1.0,1,0,0,0,0,0,0
85393497,-0.377167,0.00434445,-0.716049,0.0,0.920126,-0.174832,0.0676916,-0.34383,0.516867,-1.0,1,0,0,0,0,0,0
85497261,-0.373572,0.00647101,-0.716443,0.0,0.920438,-0.172798,0.0680857,-0.343946,0.516867,-1.0,1,0,0,0,0,0,0
85598371,-0.372857,0.0132114,-0.717712,0.0,0.920485,-0.17126,0.071172,-0.343964,0.516867,-1.0,1,0,0,0,0,0,0
85697980,-0.37275,0.0130718,-0.717685,0.0,0.920495,-0.171236,0.0710871,-0.343967,0.516867,-1.0,1,0,0,0,0,0,0
85802079,-0.375852,0.0130639,-0.717704,0.0,0.920225,-0.172664,0.0716184,-0.343866,0.516867,-1.0,1,0,0,0,0,0,0
85902571,-0.375696,0.00571922,-0.716307,0.0,0.920254,-0.17391,0.0680934,-0.343877,0.516867,-1.0,1,0,0,0,0,0,0
86006613,-0.374467,-0.000337467,-0.715156,0.0,0.920365,-0.174426,0.0649954,-0.343919,0.516867,-1.0,1,0,0,0,0,0,0
86106398,-0.338697,-0.0272924,-0.710553,0.0,0.923252,-0.162679,0.0460106,-0.344998,0.516867,-1.0,1,0,0,0,0,0,0
86206387,-0.287676,-0.0304564,-0.710808,0.0,0.926957,-0.139613,0.0357444,-0.346382,0.516867,-1.0,1,0,0,0,0,0,0
86310722,-0.211761,-0.0342612,-0.711578,0.0,0.931355,-0.104983,0.0208401,-0.348026,0.516867,-1.0,1,0,0,0,0,0,0
86410147,-0.101143,-0.0342829,-0.713484,0.0,0.935401,-0.0533388,0.00160982,-0.349538,0.516867,-1.0,1,0,0,0,0,0,0
86510618,-0.0897621,-0.0343055,-0.713679,0.0,0.935655,-0.0480189,-0.000385235,-0.349633,0.516867,-1.0,1,0,0,0,0,0,0
86614571,-0.0395134,-0.0327371,-0.714573,0.0,0.936428,-0.0242286,-0.00842299,-0.349921,0.516867,-1.0,1,0,0,0,0,0,0
86714084,-0.037476,-0.032852,-0.714604,0.0,0.936445,-0.0232949,-0.0088329,-0.349928,0.518163,-1.0,1,0,0,0,0,0,0
86818406,-0.0354108,-0.0312939,-0.714666,0.0,0.936475,-0.022056,-0.00846384,-0.349939,0.518073,-1.0,1,0,0,0,0,0,0
86918544,-0.0339524,-0.0313601,-0.714687,0.0,0.936486,-0.0213848,-0.00874978,-0.349943,0.519301,-1.0,1,0,0,0,0,0,0
87018152,-0.0340206,-0.0313588,-0.714686,0.0,0.936486,-0.0214164,-0.00873725,-0.349943,0.519278,-1.0,1,0,0,0,0,0,0
87122088,-0.0356216,-0.0316666,-0.714656,0.0,0.93647,-0.0222197,-0.00860158,-0.349937,0.519277,-1.0,1,0,0,0,0,0,0
87222552,-0.0407111,-0.0521126,-0.714159,0.0,0.936224,-0.0281685,-0.0172927,-0.349845,0.518439,-1.0,1,0,0,0,0,0,0
87321991,-0.0579992,-0.0984612,-0.712361,0.0,0.935209,-0.0442952,-0.0360042,-0.349466,0.516852,-1.0,1,0,0,0,0,0,0
87425990,-0.0548123,-0.116298,-0.712028,0.0,0.934803,-0.0458893,-0.0449169,-0.349314,0.516866,-1.0,1,0,0,0,0,0,0
87526288,-0.0549856,-0.118808,-0.711949,0.0,0.934732,-0.046403,-0.0460626,-0.349287,0.517116,-1.0,1,0,0,0,0,0,0
87630337,-0.0519793,-0.124412,-0.711981,0.0,0.93461,-0.045969,-0.0492091,-0.349242,0.518063,-1.0,1,0,0,0,0,0,0
87730360,-0.0575254,-0.127022,-0.71156,0.0,0.934462,-0.0490017,-0.049472,-0.349187,0.518073,-1.0,1,0,0,0,0,0,0
87830383,-0.0646425,-0.126864,-0.711112,0.0,0.934366,-0.0522886,-0.0481668,-0.349151,0.516816,-1.0,1,0,0,0,0,0,0
87934567,-0.0711592,-0.126846,-0.710699,0.0,0.934263,-0.0553199,-0.0470318,-0.349112,0.516869,-1.0,1,0,0,0,0,0,0
88033990,-0.0729662,-0.12684,-0.710584,0.0,0.934233,-0.0561604,-0.046717,-0.349101,0.516868,-1.0,1,0,0,0,0,0,0
88134618,-0.0728863,-0.130052,-0.710471,0.0,0.934138,-0.0566739,-0.048237,-0.349066,0.516867,-1.0,1,0,0,0,0,0,0
88238786,-0.0732536,-0.138978,-0.710119,0.0,0.933852,-0.0583737,-0.0523591,-0.348958,0.516029,-1.0,1,0,0,0,0,0,0
88337977,-0.0722464,-0.138774,-0.710197,0.0,0.933875,-0.0578702,-0.0524369,-0.348967,0.515672,-1.0,1,0,0,0,0,0,0
88442072,-0.0392753,-0.129226,-0.712678,0.0,0.934602,-0.0408844,-0.0536646,-0.349239,0.514367,-1.0,1,0,0,0,0,0,0
88542768,-0.0373061,-0.120394,-0.712971,0.0,0.934877,-0.038439,-0.0498711,-0.349342,0.514459,-1.0,1,0,0,0,0,0,0
88642147,-0.0355765,-0.108923,-0.71328,0.0,0.9352,-0.035645,-0.0448005,-0.349462,0.514458,-1.0,1,0,0,0,0,0,0
88746126,-0.0290029,-0.0968366,-0.713814,0.0,0.93554,-0.0304791,-0.0402842,-0.349589,0.514458,-1.0,1,0,0,0,0,0,0
88846529,0.0244746,-0.105088,-0.716507,0.0,0.935373,-0.0069699,-0.0534666,-0.349527,0.516592,-1.0,1,0,0,0,0,0,0
88946391,0.085873,-0.102287,-0.719618,0.0,0.934651,0.0221391,-0.062897,-0.349257,0.516861,-1.0,1,0,0,0,0,0,0
89050941,0.113053,-0.0690407,-0.719128,0.0,0.934685,0.0407274,-0.0521222,-0.34927,0.516867,-1.0,1,0,0,0,0,0,0
89151204,0.121449,-0.0414484,-0.71774,0.0,0.93481,0.049544,-0.0406765,-0.349316,0.518124,-1.0,1,0,0,0,0,0,0
89251097,0.118974,-0.0250653,-0.716713,0.0,0.935006,0.0512833,-0.0325658,-0.34939,0.518071,-1.0,1,0,0,0,0,0,0
89354789,0.113895,-0.0242956,-0.716605,0.0,0.935149,0.049045,-0.0313159,-0.349443,0.519617,-1.0,1,0,0,0,0,0,0
89455433,0.107003,-0.0238628,-0.716498,0.0,0.935329,0.0458997,-0.0299068,-0.349511,0.525609,-1.0,1,0,0,0,0,0,0
89554788,0.0770771,-0.0222686,-0.716078,0.0,0.935983,0.0321846,-0.0239215,-0.349755,0.525234,-1.0,1,0,0,0,0,0,0
89658862,0.0293994,-0.0203227,-0.715519,0.0,0.936587,0.01021,-0.0146638,-0.34998,0.523626,-1.0,1,0,0,0,0,0,0
89759274,0.00912601,-0.00726761,-0.715253,0.0,0.93672,0.00300226,-0.00500112,-0.35003,0.522908,-1.0,1,0,0,0,0,0,0
89863182,0.0360446,0.000184896,-0.715216,0.0,0.936584,0.0169136,-0.0062215,-0.349979,0.522892,-1.0,1,0,0,0,0,0,0
89962769,0.0497069,4.41536e-06,-0.71522,0.0,0.936447,0.0232795,-0.00869664,-0.349928,0.522892,-1.0,1,0,0,0,0,0,0
90063345,0.0651912,1.21949e-08,-0.71522,0.0,0.936239,0.0305281,-0.0114076,-0.34985,0.522892,-1.0,1,0,0,0,0,0,0
90167403,0.0818238,-1.44324e-09,-0.71522,0.0,0.935952,0.038313,-0.0143167,-0.349743,0.522892,-1.0,1,0,0,0,0,0,0
90266874,0.0770205,-8.884e-11,-0.71522,0.0,0.936042,0.036065,-0.0134767,-0.349777,0.522892,-1.0,1,0,0,0,0,0,0
90367305,0.0821297,-6.08306e-13,-0.71522,0.0,0.935946,0.0384561,-0.0143702,-0.349741,0.522892,-1.0,1,0,0,0,0,0,0
90471141,0.0644886,-0.00155677,-0.71527,0.0,0.936249,0.0299266,-0.0120142,-0.349854,0.522892,-1.0,1,0,0,0,0,0,0
90570930,0.0274392,-0.0204706,-0.715501,0.0,0.936599,0.00926619,-0.01439,-0.349985,0.522892,-1.0,1,0,0,0,0,0,0
90674792,0.0150534,-0.0283998,-0.715434,0.0,0.936615,0.00207786,-0.0159353,-0.349991,0.522892,-1.0,1,0,0,0,0,0,0
90775288,0.00801382,-0.0283789,-0.715333,0.0,0.936634,-0.00121442,-0.0146936,-0.349998,0.525483,-1.0,1,0,0,0,0,0,0
90874761,-0.0253597,-0.0283746,-0.71486,0.0,0.936567,-0.0168401,-0.00885344,-0.349973,0.514763,-1.0,1,0,0,0,0,0,0
90978779,-0.0310655,-0.0286815,-0.714774,0.0,0.936527,-0.0195652,-0.00799954,-0.349958,0.514462,-1.0,1,0,0,0,0,0,0
91079183,-0.0310678,-0.0298954,-0.714755,0.0,0.936519,-0.0197784,-0.00856784,-0.349955,0.514458,-1.0,1,0,0,0,0,0,0
91178961,-0.0310702,-0.0298678,-0.714756,0.0,0.936519,-0.0197747,-0.00855446,-0.349955,0.516971,-1.0,1,0,0,0,0,0,0
91282778,-0.0310689,-0.0277875,-0.71459,0.0123411,0.936567,-0.0194099,-0.00758202,-0.349868,0.517845,-1.0,1,0,0,0,0,0,0
91383143,-0.0326595,-0.026899,-0.702259,0.179366,0.938699,-0.0199566,-0.00701081,-0.344088,0.515581,-1.0,1,0,0,0,0,0,0
91487748,-0.0379256,-0.0123512,-0.684865,0.156744,0.941714,-0.0199337,0.000550863,-0.335823,0.515663,-1.0,1,0,0,0,0,0,0
91591177,-0.0862248,0.00441365,-0.673747,0.0762901,0.942945,-0.0399477,0.0163267,-0.33014,0.515634,-1.0,1,0,0,0,0,0,0
91690933,-0.0594187,6.34729e-05,-0.671469,-0.00235999,0.943752,-0.0280361,0.00981663,-0.329316,0.516893,-1.0,1,0,0,0,0,0,0
91794771,-0.034338,-0.00533705,-0.671394,-1.47928e-05,0.944023,-0.0170887,0.00313644,-0.329421,0.516869,-1.0,1,0,0,0,0,0,0
91895119,-0.0341105,-0.0307135,-0.670934,0.00352669,0.943922,-0.0211565,-0.0088842,-0.329371,0.516867,-1.0,1,0,0,0,0,0,0
91994845,-0.0355699,-0.0309046,-0.665483,0.111347,0.944798,-0.0218528,-0.00879364,-0.326805,0.515611,-1.0,1,0,0,0,0,0,0
92098774,-0.0355084,-0.031348,-0.650612,0.159902,0.947198,-0.0218285,-0.00917576,-0.319773,0.513513,-1.0,1,0,0,0,0,0,0
92199295,-0.0355097,-0.0313581,-0.627544,0.256318,0.950823,-0.0217234,-0.00943154,-0.308827,0.497332,-1.0,1,0,0,0,0,0,0
92298792,-0.0355099,-0.0313581,-0.608149,0.163836,0.953773,-0.021631,-0.00964173,-0.299592,0.497407,-1.0,1,0,0,0,0,0,0
92402972,-0.0355096,-0.0310497,-0.584896,0.285464,0.957195,-0.0214729,-0.00974495,-0.288481,0.487301,-1.0,1,0,0,0,0,0,0
92503362,-0.0355088,-0.0298762,-0.553539,0.300106,0.961612,-0.021157,-0.00951623,-0.273431,0.482234,-1.0,1,0,0,0,0,0,0
92607200,-0.0323744,-0.0298659,-0.533578,0.00812163,0.964325,-0.0195483,-0.0101354,-0.263804,0.489706,-1.0,1,0,0,0,0,0,0
92707679,-0.0328665,-0.0298658,-0.533765,0.00118643,0.964295,-0.0197865,-0.0100686,-0.263897,0.490368,-1.0,1,0,0,0,0,0,0
92808137,-0.0499199,-0.0298588,-0.533501,1.2166e-05,0.964126,-0.028006,-0.00781835,-0.263846,0.519271,-1.0,1,0,0,0,0,0,0
92912207,-0.0611807,-0.0298525,-0.533333,-7.57455e-07,0.963976,-0.0334326,-0.0063325,-0.263805,0.514492,-1.0,1,0,0,0,0,0,0
93011685,-0.0442888,-0.029553,-0.533592,-1.40532e-08,0.964193,-0.0252515,-0.00841262,-0.263864,0.516142,-1.0,1,0,0,0,0,0,0
93112142,-0.0470071,-0.0283785,-0.533579,-1.80088e-10,0.964171,-0.0264073,-0.00748783,-0.263858,0.516813,-1.0,1,0,0,0,0,0,0
93216014,-0.0411108,-0.0267631,-0.533696,7.1125e-12,0.964244,-0.0233525,-0.00748536,-0.263878,0.516861,-1.0,1,0,0,0,0,0,0
93315680,-0.037342,-0.0279157,-0.533725,1.55815e-13,0.964272,-0.0216873,-0.00853811,-0.263886,0.516867,-1.0,1,0,0,0,0,0,0
93416194,-0.0370071,-0.0283599,-0.533721,-2.57592e-16,0.964272,-0.0215843,-0.00879651,-0.263886,0.516867,-1.0,1,0,0,0,0,0,0
93520053,-0.0424389,-0.0283691,-0.533644,-5.97292e-17,0.96422,-0.024204,-0.00808518,-0.263872,0.516867,-1.0,1,0,0,0,0,0,0
93619761,-0.0460322,-0.0283676,-0.533593,-1.6181e-18,0.964182,-0.0259359,-0.00761102,-0.263861,0.516867,-1.0,1,0,0,0,0,0,0
93723774,-0.0367186,-0.0283712,-0.533725,-1.38367e-20,0.964275,-0.0214468,-0.00884001,-0.263887,0.516867,-1.0,1,0,0,0,0,0,0
93824086,-0.0355252,-0.0283716,-0.533742,4.10007e-22,0.964285,-0.0208715,-0.00899749,-0.263889,0.516867,-1.0,1,0,0,0,0,0,0
93923672,-0.035509,-0.0299775,-0.533714,1.55999e-23,0.964274,-0.021075,-0.00977429,-0.263886,0.516867,-1.0,1,0,0,0,0,0,0
94027867,-0.0355141,-0.0366307,-0.533596,3.2394e-25,0.96422,-0.0219527,-0.0129831,-0.263872,0.516867,-1.0,1,0,0,0,0,0,0
94127949,-0.0371123,-0.0434652,-0.533439,-1.48546e-27,0.964141,-0.0236213,-0.0160695,-0.26385,0.516867,-1.0,1,0,0,0,0,0,0
94227718,-0.0370164,-0.057265,-0.533186,-4.59009e-28,0.963974,-0.0253868,-0.0227389,-0.263804,0.516867,-1.0,1,0,0,0,0,0,0
94331578,-0.0370383,-0.0703023,-0.532944,-5.307e-30,0.963773,-0.0271063,-0.0290244,-0.263749,0.516867,-1.0,1,0,0,0,0,0,0
94431916,-0.0360094,-0.0716239,-0.532956,-1.82115e-32,0.96376,-0.0267841,-0.029797,-0.263746,0.516867,-1.0,1,0,0,0,0,0,0
94535962,-0.0340183,-0.0674862,-0.533098,5.2594e-33,0.963846,-0.0252835,-0.0280631,-0.263769,0.516867,-1.0,1,0,0,0,0,0,0
94635882,-0.0340639,-0.0618209,-0.533193,7.35724e-35,0.963934,-0.0245625,-0.0253247,-0.263793,0.516867,-1.0,1,0,0,0,0,0,0
94736155,-0.034057,-0.0576068,-0.533265,-2.34275e-36,0.963995,-0.0240062,-0.0232931,-0.26381,0.516867,-1.0,1,0,0,0,0,0,0
94840111,-0.0350863,-0.056762,-0.53325,-5.64872e-38,0.963998,-0.0243912,-0.0227502,-0.263811,0.516867,-1.0,1,0,0,0,0,0,0
94939577,-0.0355305,-0.060574,-0.53317,-1.8203e-40,0.96394,-0.0251052,-0.0245304,-0.263795,0.516867,-1.0,1,0,0,0,0,0,0
95040482,-0.035588,-0.0869604,-0.532698,1.81426e-41,0.96347,-0.0285885,-0.0372483,-0.263667,0.516867,-1.0,1,0,0,0,0,0,0
95143979,-0.0356299,-0.105239,-0.532369,1.14906e-42,0.963047,-0.0309959,-0.0460553,-0.263551,0.516867,-1.0,1,0,0,0,0,0,0
95243566,-0.0330747,-0.116115,-0.532324,9.80909e-45,0.962778,-0.0311877,-0.0516318,-0.263477,0.516867,-1.0,1,0,0,0,0,0,0
95347901,-0.0326992,-0.116467,-0.53234,0.0,0.962771,-0.0310534,-0.0518507,-0.263475,0.516867,-1.0,1,0,0,0,0,0,0
95448114,-0.0326866,-0.11586,-0.53235,0.0,0.962788,-0.0309681,-0.0515596,-0.26348,0.516867,-1.0,1,0,0,0,0,0,0
95547972,-0.0311442,-0.103824,-0.532628,0.0,0.963118,-0.0286566,-0.0459611,-0.26357,0.516867,-1.0,1,0,0,0,0,0,0
95651586,-0.0295952,-0.0659458,-0.53327,0.0,0.963905,-0.0229518,-0.0279018,-0.263785,0.516867,-1.0,1,0,0,0,0,0,0
95751947,-0.0296155,-0.0595391,-0.533364,0.0,0.964001,-0.0221207,-0.0248094,-0.263812,0.516619,-1.0,1,0,0,0,0,0,0
95851673,-0.0296174,-0.0600385,-0.533357,0.0,0.963994,-0.0221872,-0.02505,-0.26381,0.51631,-1.0,1,0,0,0,0,0,0
95955676,-0.0311664,-0.0633792,-0.533258,0.0,0.963933,-0.0233716,-0.0264574,-0.263793,0.515854,-1.0,1,0,0,0,0,0,0
96055939,-0.0361785,-0.0571254,-0.533212,0.0,0.963983,-0.0249649,-0.0227818,-0.263807,0.516297,-1.0,1,0,0,0,0,0,0
96160259,-0.105377,-0.0258763,-0.532881,0.0,0.963115,-0.0542031,0.00140127,-0.263569,0.515635,-1.0,1,0,0,0,0,0,0
96264748,-0.154974,-0.0253262,-0.53228,0.0,0.961563,-0.0779987,0.00817753,-0.263145,0.516893,-1.0,1,0,0,0,0,0,0
96364790,-0.172086,-0.0252663,-0.532067,0.0,0.96089,-0.0862161,0.0104483,-0.26296,0.516619,-1.0,1,0,0,0,0,0,0
96464932,-0.185908,-0.0252445,-0.531893,0.0,0.960294,-0.092853,0.0122677,-0.262797,0.516935,-1.0,1,0,0,0,0,0,0
96568730,-0.198679,-0.0252238,-0.531732,0.0,0.959703,-0.0989815,0.0139475,-0.262636,0.516411,-1.0,1,0,0,0,0,0,0
96668512,-0.214319,-0.0251966,-0.531536,0.0,0.958926,-0.106481,0.0160034,-0.262423,0.516859,-1.0,1,0,0,0,0,0,0
96768724,-0.233566,-0.0251603,-0.531294,0.0,0.95789,-0.115702,0.0185315,-0.262139,0.516029,-1.0,1,0,0,0,0,0,0
96872729,-0.253851,-0.0251187,-0.531041,0.0,0.956701,-0.125408,0.0211932,-0.261814,0.515672,-1.0,1,0,0,0,0,0,0
96972385,-0.257561,-0.0251107,-0.530994,0.0,0.956473,-0.127182,0.0216798,-0.261752,0.515662,-1.0,1,0,0,0,0,0,0
97076470,-0.254541,-0.0251172,-0.531032,0.0,0.956659,-0.125738,0.0212838,-0.261802,0.514824,-1.0,1,0,0,0,0,0,0
97176930,-0.251187,-0.0251244,-0.531074,0.0,0.956863,-0.124134,0.0208439,-0.261858,0.514466,-1.0,1,0,0,0,0,0,0
97276392,-0.246549,-0.0251341,-0.531132,0.0,0.95714,-0.121916,0.0202355,-0.261934,0.50261,-1.0,1,0,0,0,0,0,0
97380383,-0.243778,-0.0251398,-0.531166,0.0,0.957304,-0.12059,0.0198719,-0.261979,0.499414,-1.0,1,0,0,0,0,0,0
97480797,-0.239458,-0.0251486,-0.531221,0.0,0.957555,-0.118522,0.019305,-0.262048,0.483262,-1.0,1,0,0,0,0,0,0
97580684,-0.239275,-0.0251489,-0.531223,0.0,0.957565,-0.118435,0.0192809,-0.26205,0.483151,-1.0,1,0,0,0,0,0,0
97684487,-0.234533,-0.0251584,-0.531282,0.0,0.957835,-0.116165,0.0186585,-0.262124,0.483972,-1.0,1,0,0,0,0,0,0
97785062,-0.229339,-0.0251685,-0.531347,0.0,0.958125,-0.113678,0.0179765,-0.262204,0.488176,-1.0,1,0,0,0,0,0,0
97888942,-0.22785,-0.0251714,-0.531366,0.0,0.958207,-0.112964,0.017781,-0.262226,0.490087,-1.0,1,0,0,0,0,0,0
97988389,-0.226493,-0.025174,-0.531383,0.0,0.958281,-0.112314,0.0176027,-0.262246,0.490849,-1.0,1,0,0,0,0,0,0
98088712,-0.213364,-0.0251983,-0.531548,0.0,0.958975,-0.106023,0.015878,-0.262436,0.521142,-1.0,1,0,0,0,0,0,0
98192969,-0.13883,-0.025309,-0.532486,0.0,0.962135,-0.0702313,0.00606862,-0.263301,0.520465,-1.0,1,0,0,0,0,0,0
98292491,-0.0268182,-0.0253874,-0.533906,0.0,0.96437,-0.0162808,-0.00870583,-0.263913,0.520481,-1.0,1,0,0,0,0,0,0
98392810,0.00368347,-0.0238678,-0.53429,0.0,0.964464,-0.00137394,-0.0119965,-0.263938,0.519186,-1.0,1,0,0,0,0,0,0
98496937,0.0732453,-0.0238748,-0.535121,0.0,0.963819,0.0321554,-0.0211841,-0.263762,0.519276,-1.0,1,0,0,0,0,0,0
98596493,0.108014,-0.0238505,-0.535536,0.0,0.96306,0.048903,-0.0257644,-0.263554,0.519277,-1.0,1,0,0,0,0,0,0
98700467,0.127846,-0.0227951,-0.535705,0.0,0.962502,0.0585872,-0.0278737,-0.263402,0.519277,-1.0,1,0,0,0,0,0,0
98800916,0.135272,-0.022345,-0.53576,0.0,0.962269,0.0622197,-0.0286368,-0.263338,0.519277,-1.0,1,0,0,0,0,0,0
98900391,0.138007,-0.0223323,-0.53579,0.0,0.962179,0.0635369,-0.0289918,-0.263313,0.519277,-1.0,1,0,0,0,0,0,0
99004541,0.14704,-0.0223227,-0.53589,0.0,0.961869,0.0678812,-0.0301795,-0.263228,0.519277,-1.0,1,0,0,0,0,0,0
99105088,0.151744,-0.0223175,-0.535943,0.0,0.9617,0.0701435,-0.0307979,-0.263182,0.519277,-1.0,1,0,0,0,0,0,0
99204739,0.151619,-0.0223176,-0.535941,0.0,0.961704,0.0700831,-0.0307814,-0.263183,0.520573,-1.0,1,0,0,0,0,0,0
99308500,0.151619,-0.0235622,-0.536036,0.0,0.961698,0.0699169,-0.0313829,-0.263181,0.520481,-1.0,1,0,0,0,0,0,0
99409735,0.154747,-0.0223239,-0.535977,0.0,0.961589,0.0715861,-0.0311974,-0.263152,0.520482,-1.0,1,0,0,0,0,0,0
99509344,0.157209,-0.0223103,-0.536004,0.0,0.961497,0.072771,-0.0315156,-0.263126,0.520482,-1.0,1,0,0,0,0,0,0
99613180,0.157613,-0.0239103,-0.536134,0.0,0.961472,0.0727511,-0.0323423,-0.26312,0.525452,-1.0,1,0,0,0,0,0,0
99713765,0.155049,-0.0238027,-0.536095,0.0,0.96157,0.0715332,-0.0319519,-0.263146,0.526139,-1.0,1,0,0,0,0,0,0
99813272,0.153066,-0.0238037,-0.536072,0.0,0.961643,0.0705802,-0.0316906,-0.263166,0.540632,-1.0,1,0,0,0,0,0,0
99917334,0.149926,-0.0238075,-0.536034,0.0,0.961758,0.0690707,-0.031278,-0.263198,0.561588,-1.0,1,0,0,0,0,0,0
100017574,0.134606,-0.0238248,-0.535852,0.0,0.962283,0.0617018,-0.0292637,-0.263341,0.56143,-1.0,1,0,0,0,0,0,0
100121740,0.13301,-0.0253447,-0.535934,0.0,0.962325,0.0607311,-0.0297869,-0.263353,0.56095,-1.0,1,0,0,0,0,0,0
100221192,0.127319,-0.0253234,-0.535861,0.0,0.962504,0.0579965,-0.0290251,-0.263402,0.558989,-1.0,1,0,0,0,0,0,0
100321525,0.114961,-0.0263719,-0.535764,0.0,0.962858,0.0519108,-0.0278991,-0.263499,0.558196,-1.0,1,0,0,0,0,0,0
100425874,0.0789673,-0.0499974,-0.536222,0.0,0.963482,0.0314347,-0.0345379,-0.26367,0.550398,-1.0,1,0,0,0,0,0,0
100525565,0.0823947,-0.0881196,-0.537881,0.0,0.962782,0.0279732,-0.053359,-0.263478,0.515607,-1.0,1,0,0,0,0,0,0
100625720,0.0844486,-0.109726,-0.538887,0.0,0.962227,0.0260436,-0.0640293,-0.263326,0.516863,-1.0,1,0,0,0,0,0,0
100729767,0.0895772,-0.111814,-0.539263,0.0,0.962065,0.0282189,-0.0657129,-0.263282,0.516868,-1.0,1,0,0,0,0,0,0
100829289,0.106563,-0.107867,-0.540005,0.0,0.961769,0.0368937,-0.0660653,-0.263201,0.516867,-1.0,1,0,0,0,0,0,0
100933188,0.122052,-0.0879853,-0.539626,0.0,0.961811,0.047024,-0.0585492,-0.263212,0.518124,-1.0,1,0,0,0,0,0,0
101033697,0.12916,-0.0655869,-0.538489,0.0,0.962008,0.0534731,-0.0486977,-0.263266,0.518064,-1.0,1,0,0,0,0,0,0
101133183,0.122139,-0.0441572,-0.536947,0.0,0.962503,0.0529855,-0.0374315,-0.263402,0.522343,-1.0,1,0,0,0,0,0,0
101237571,0.115624,-0.0244841,-0.535663,0.0,0.962851,0.0524812,-0.0270753,-0.263497,0.525313,-1.0,1,0,0,0,0,0,0
101337672,0.117078,-0.0234991,-0.535623,0.0,0.962816,0.0533124,-0.0267919,-0.263487,0.526598,-1.0,1,0,0,0,0,0,0
101437314,0.117073,-0.007164,-0.534666,0.0,0.962876,0.05548,-0.0189029,-0.263504,0.526505,-1.0,1,0,0,0,0,0,0
101541710,0.0996721,-9.52544e-05,-0.534251,0.0,0.963337,0.0480361,-0.0131952,-0.26363,0.525249,-1.0,1,0,0,0,0,0,0
101641569,0.0899253,3.45386e-06,-0.534246,0.0,0.963559,0.0433539,-0.0118626,-0.263691,0.525309,-1.0,1,0,0,0,0,0,0
101745593,0.0498325,7.85754e-08,-0.534246,0.0,0.964235,0.0240301,-0.00657611,-0.263876,0.525301,-1.0,1,0,0,0,0,0,0
101845592,0.000897615,2.15833e-11,-0.534246,0.0,0.964534,0.00043289,-0.000118466,-0.263958,0.525301,-1.0,1,0,0,0,0,0,0
101945730,-0.0313659,-2.81987e-11,-0.534246,0.0,0.964416,-0.0151261,0.00413947,-0.263925,0.525301,-1.0,1,0,0,0,0,0,0
102049527,-0.0308834,-0.00290551,-0.534201,0.0,0.964418,-0.0152769,0.00267438,-0.263926,0.525301,-1.0,1,0,0,0,0,0,0
102149283,-0.0295512,-0.00895103,-0.534114,0.0,0.964419,-0.0154321,-0.000417369,-0.263926,0.525301,-1.0,1,0,0,0,0,0,0
102253546,-0.0295866,-0.0239566,-0.533892,0.0,0.96436,-0.0174271,-0.00765066,-0.26391,0.52169,-1.0,1,0,0,0,0,0,0
102353608,-0.0295888,-0.0264885,-0.533854,0.0,0.964344,-0.0177616,-0.00887166,-0.263906,0.515244,-1.0,1,0,0,0,0,0,0
102453377,-0.0295898,-0.0283934,-0.533826,0.0,0.964332,-0.018013,-0.00979032,-0.263902,0.49821,-1.0,1,0,0,0,0,0,0
102557296,-0.0295907,-0.0299801,-0.533803,0.0,0.96432,-0.0182223,-0.0105556,-0.263899,0.485958,-1.0,1,0,0,0,0,0,0
102657577,-0.0295897,-0.028209,-0.533829,0.0,0.964333,-0.0179886,-0.0097014,-0.263903,0.483196,-1.0,1,0,0,0,0,0,0
102757265,-0.0283598,-0.00377682,-0.534193,0.0,0.964436,-0.014175,0.00192114,-0.263931,0.484966,-1.0,1,0,0,0,0,0,0
102861175,0.00161267,-0.000556735,-0.534247,0.0,0.964534,0.000704262,-0.000481334,-0.263958,0.489241,-1.0,1,0,0,0,0,0,0
102961529,0.00261881,-0.00448491,-0.534252,0.0,0.964531,0.000671041,-0.00250855,-0.263957,0.489159,-1.0,1,0,0,0,0,0,0
103062045,0.00193435,0.000189921,-0.534246,0.0,0.964534,0.000957938,-0.0001637,-0.263958,0.489157,-1.0,1,0,0,0,0,0,0
103166392,-0.00124165,0.0138408,-0.534255,0.0,0.964511,0.00122791,0.00683876,-0.263951,0.493623,-1.0,1,0,0,0,0,0,0
103266706,-0.0149231,0.0255989,-0.534437,0.0,0.964428,-0.00381656,0.0143145,-0.263929,0.519322,-1.0,1,0,0,0,0,0,0
103366384,-0.016636,0.0191289,-0.534405,0.0,0.964457,-0.00549714,0.0114207,-0.263936,0.517241,-1.0,1,0,0,0,0,0,0
103470104,-0.0296527,0.00870095,-0.534375,0.0,0.964419,-0.0131511,0.00810991,-0.263926,0.516875,-1.0,1,0,0,0,0,0,0
103570425,-0.0298759,0.00738382,-0.534357,0.0,0.96442,-0.0134327,0.00750412,-0.263926,0.515572,-1.0,1,0,0,0,0,0,0
103674911,-0.03105,0.00695655,-0.534354,0.0,0.964412,-0.0140553,0.00745302,-0.263924,0.515662,-1.0,1,0,0,0,0,0,0
103778378,-0.0326544,-0.0134723,-0.534026,0.0,0.964384,-0.0175246,-0.00218889,-0.263916,0.515663,-1.0,1,0,0,0,0,0,0
103878066,-0.0340934,-0.0284314,-0.533761,0.0,0.964297,-0.0201891,-0.00921505,-0.263893,0.515663,-1.0,1,0,0,0,0,0,0
103981969,-0.0340269,-0.0283745,-0.533763,0.0,0.964298,-0.0201495,-0.00919637,-0.263893,0.515663,-1.0,1,0,0,0,0,0,0
104082429,-0.054477,-0.0302774,-0.533421,0.0,0.964066,-0.0302575,-0.00742022,-0.26383,0.516501,-1.0,1,0,0,0,0,0,0
104181977,-0.141046,-0.0468653,-0.530935,0.0,0.961874,-0.0741096,-0.00407146,-0.26323,0.516859,-1.0,1,0,0,0,0,0,0
104286382,-0.147175,-0.0893275,-0.527657,0.0,0.96097,-0.0825182,-0.0238338,-0.262982,0.516867,-1.0,1,0,0,0,0,0,0
104386569,-0.143861,-0.10938,-0.526357,0.0,0.960609,-0.0834738,-0.0339752,-0.262884,0.516867,-1.0,1,0,0,0,0,0,0
104486414,-0.138017,-0.108671,-0.526728,0.0,0.960825,-0.0805823,-0.0343871,-0.262943,0.516619,-1.0,1,0,0,0,0,0,0
104590106,-0.115176,-0.12426,-0.527073,0.0,0.961084,-0.0716091,-0.0448826,-0.263013,0.514375,-1.0,1,0,0,0,0,0,0
104690618,-0.0993957,-0.137656,-0.527389,0.0,0.961068,-0.0657504,-0.0533969,-0.263009,0.514459,-1.0,1,0,0,0,0,0,0
104794764,-0.0758248,-0.132195,-0.529225,0.0,0.961739,-0.053766,-0.0538135,-0.263193,0.514209,-1.0,1,0,0,0,0,0,0
104898516,-0.0349565,-0.0863506,-0.532736,0.0,0.963488,-0.028205,-0.0370371,-0.263671,0.513262,-1.0,1,0,0,0,0,0,0
104997974,-0.0324919,-0.0470943,-0.533481,0.0,0.96414,-0.0218717,-0.0184284,-0.26385,0.513253,-1.0,1,0,0,0,0,0,0
105102085,-0.0309549,-0.028331,-0.533808,0.0,0.964322,-0.0186628,-0.00958032,-0.2639,0.509401,-1.0,1,0,0,0,0,0,0
105202341,-0.014649,-0.0235346,-0.534074,0.0,0.964442,-0.0101693,-0.00941705,-0.263932,0.493883,-1.0,1,0,0,0,0,0,0
105301973,0.000473753,-0.0142867,-0.53425,0.0,0.96451,-0.00165707,-0.00695246,-0.263951,0.493402,-1.0,1,0,0,0,0,0,0
105406330,5.76728e-05,-3.93256e-05,-0.534246,0.0,0.964534,2.26235e-05,-2.6577e-05,-0.263958,0.493975,-1.0,1,0,0,0,0,0,0
105506316,8.39977e-06,0.00341976,-0.534246,0.0,0.964533,0.000455387,0.00164813,-0.263957,0.494815,-1.0,1,0,0,0,0,0,0
105606414,8.60762e-08,0.0135084,-0.534246,0.0,0.964512,0.00178284,0.00651457,-0.263952,0.499808,-1.0,1,0,0,0,0,0,0
105710076,-0.000305572,0.0178337,-0.534249,0.0,0.964496,0.00220629,0.00864081,-0.263947,0.518123,-1.0,1,0,0,0,0,0,0
105810353,-0.0262908,0.0385064,-0.534752,0.0,0.964272,-0.00758962,0.0220386,-0.263886,0.516848,-1.0,1,0,0,0,0,0,0
105914536,-0.0314245,0.0479638,-0.535,0.0,0.964138,-0.00881095,0.0272756,-0.263849,0.516838,-1.0,1,0,0,0,0,0,0
106014057,-0.0344585,0.0611487,-0.5353,0.0,0.963941,-0.0085238,0.034031,-0.263795,0.516877,-1.0,1,0,0,0,0,0,0
106115351,-0.0556632,0.0719537,-0.53625,0.0,0.963537,-0.017291,0.042038,-0.263685,0.516868,-1.0,1,0,0,0,0,0,0
106215125,-0.110261,0.0860723,-0.538999,0.0,0.96218,-0.041627,0.0560643,-0.263313,0.518124,-1.0,1,0,0,0,0,0,0
106318881,-0.103812,0.0528394,-0.536992,0.0,0.9629,-0.0430077,0.0391945,-0.26351,0.516769,-1.0,1,0,0,0,0,0,0
106419294,-0.0317994,-0.00864279,-0.534109,0.0,0.964403,-0.0164755,2.79032e-05,-0.263922,0.516866,-1.0,1,0,0,0,0,0,0
106523182,-0.0315551,-0.0293386,-0.533783,0.0,0.96431,-0.0190849,-0.0099872,-0.263896,0.516868,-1.0,1,0,0,0,0,0,0
106622951,-0.0307751,-0.0299081,-0.533786,0.0,0.964312,-0.0187838,-0.0103647,-0.263897,0.515639,-1.0,1,0,0,0,0,0,0
106723327,-0.029602,-0.0298677,-0.533804,0.0,0.964321,-0.018213,-0.0104998,-0.263899,0.515662,-1.0,1,0,0,0,0,0,0
106827181,-0.0295899,-0.0298668,-0.533804,0.0,0.964321,-0.018207,-0.010501,-0.263899,0.515663,-1.0,1,0,0,0,0,0,0
106927061,-0.0310989,-0.0298663,-0.533782,0.0,0.96431,-0.0189344,-0.0103019,-0.263896,0.515663,-1.0,1,0,0,0,0,0,0
107027200,-0.0310716,-0.0298664,-0.533782,0.0,0.96431,-0.0189212,-0.0103055,-0.263896,0.515663,-1.0,1,0,0,0,0,0,0
107131235,-0.0310712,-0.031424,-0.533758,0.0,0.964299,-0.0191261,-0.0110569,-0.263893,0.513659,-1.0,1,0,0,0,0,0,0
107230777,-0.0307677,-0.0345703,-0.533714,0.0,0.964276,-0.0193939,-0.0126145,-0.263887,0.481109,-1.0,1,0,0,0,0,0,0
107334872,-0.0295637,-0.0327378,-0.533762,0.0,0.9643,-0.0185723,-0.0118893,-0.263893,0.487249,-1.0,1,0,0,0,0,0,0
107435098,-0.0292851,-0.0312944,-0.533788,0.0,0.964313,-0.018248,-0.0112298,-0.263897,0.489124,-1.0,1,0,0,0,0,0,0
107534769,-0.0280832,-0.0313705,-0.533806,0.0,0.964321,-0.0176786,-0.0114249,-0.263899,0.496021,-1.0,1,0,0,0,0,0,0
107638777,-0.0281112,-0.0313607,-0.533805,0.0,0.96432,-0.0176908,-0.0114165,-0.263899,0.521248,-1.0,1,0,0,0,0,0,0
107739156,-0.028112,-0.0313606,-0.533805,0.0,0.96432,-0.0176912,-0.0114164,-0.263899,0.520222,-1.0,1,0,0,0,0,0,0
107838931,-0.0248297,-0.0313615,-0.533857,0.0,0.964341,-0.016109,-0.0118495,-0.263905,0.517151,-1.0,1,0,0,0,0,0,0
107942778,-0.00197537,-0.0313647,-0.534215,0.0,0.964415,-0.00509161,-0.0148649,-0.263925,0.517123,-1.0,1,0,0,0,0,0,0
108043314,-3.11082e-05,-0.0297585,-0.534246,0.0,0.964428,-0.00394235,-0.0143469,-0.263928,0.518096,-1.0,1,0,0,0,0,0,0
108147220,3.26571e-06,-0.0298726,-0.534246,0.0,0.964427,-0.00394083,-0.0144065,-0.263928,0.516778,-1.0,1,0,0,0,0,0,0
108246785,-0.00122247,-0.0298712,-0.534228,0.0,0.964427,-0.00453158,-0.0142441,-0.263928,0.517705,-1.0,1,0,0,0,0,0,0
108347400,-0.0295199,-0.0298668,-0.533805,0.0,0.964322,-0.0181733,-0.0105103,-0.2639,0.518063,-1.0,1,0,0,0,0,0,0
108451156,-0.031074,-0.0298664,-0.533782,0.0,0.96431,-0.0189224,-0.0103052,-0.263896,0.518072,-1.0,1,0,0,0,0,0,0
108550936,-0.0326135,-0.0298659,-0.533759,0.0,0.964298,-0.0196645,-0.010102,-0.263893,0.518911,-1.0,1,0,0,0,0,0,0
108651130,-0.0328456,-0.0298658,-0.533756,0.0,0.964297,-0.0197764,-0.0100714,-0.263893,0.519268,-1.0,1,0,0,0,0,0,0
108755202,-0.0356008,-0.0292479,-0.533726,0.0,0.964278,-0.0210233,-0.00941024,-0.263888,0.521204,-1.0,1,0,0,0,0,0,0
108854764,-0.0370901,-0.0123761,-0.534017,0.0,0.96435,-0.019519,-0.00107501,-0.263907,0.523954,-1.0,1,0,0,0,0,0,0
108958873,-0.0354334,-0.00585931,-0.534142,0.0,0.964379,-0.0178607,0.00184996,-0.263915,0.526155,-1.0,1,0,0,0,0,0,0
109059121,-0.0351948,-0.00817951,-0.534102,0.0,0.964377,-0.0180517,0.000699307,-0.263915,0.525411,-1.0,1,0,0,0,0,0,0
109158870,-0.0324432,-0.0179323,-0.533955,0.0,0.964369,-0.0180107,-0.00436808,-0.263912,0.526315,-1.0,1,0,0,0,0,0,0
109262772,-0.0325419,-0.0108861,-0.534069,0.0,0.964392,-0.0171294,-0.000956227,-0.263919,0.526493,-1.0,1,0,0,0,0,0,0
109363423,-0.0325407,-0.00747034,-0.534125,0.0,0.9644,-0.0166783,0.000691235,-0.263921,0.559093,-1.0,1,0,0,0,0,0,0
109462949,-0.0325408,-0.00850393,-0.534108,0.0,0.964398,-0.0168147,0.000192699,-0.26392,0.560754,-1.0,1,0,0,0,0,0,0
109566976,-0.0325418,-0.0126951,-0.53404,0.0,0.964387,-0.0173679,-0.00182881,-0.263917,0.557796,-1.0,1,0,0,0,0,0,0
109667392,-0.032546,-0.0233686,-0.533866,0.0,0.964341,-0.0187764,-0.00697684,-0.263905,0.543879,-1.0,1,0,0,0,0,0,0
109767587,-0.0325488,-0.0284413,-0.533783,0.0,0.964309,-0.0194458,-0.00942342,-0.263896,0.498446,-1.0,1,0,0,0,0,0,0
109871585,-0.0325488,-0.0283725,-0.533784,0.0,0.96431,-0.0194367,-0.00939021,-0.263896,0.500486,-1.0,1,0,0,0,0,0,0
109972145,-0.0325488,-0.0283725,-0.533784,0.0,0.96431,-0.0194367,-0.00939022,-0.263896,0.517226,-1.0,1,0,0,0,0,0,0
110075974,-0.0341411,-0.0302029,-0.533731,0.0,0.964284,-0.0204453,-0.0100633,-0.263889,0.518036,-1.0,1,0,0,0,0,0,0
110175575,-0.0340317,-0.0313481,-0.533713,0.0,0.964276,-0.0205432,-0.0106302,-0.263887,0.516776,-1.0,1,0,0,0,0,0,0
110276140,-0.0340302,-0.0313595,-0.533713,0.0,0.964276,-0.020544,-0.0106358,-0.263887,0.517118,-1.0,1,0,0,0,0,0,0
110379963,-0.035624,-0.0345719,-0.53363,0.0,0.964237,-0.0217349,-0.0119755,-0.263876,0.519359,-1.0,1,0,0,0,0,0,0
110479676,-0.0389588,-0.0421354,-0.533425,0.0,0.964137,-0.0243365,-0.0151849,-0.263849,0.519277,-1.0,1,0,0,0,0,0,0
110580214,-0.03964,-0.0402057,-0.533449,0.0,0.96415,-0.0244112,-0.0141643,-0.263853,0.519277,-1.0,1,0,0,0,0,0,0
110683963,-0.0381437,-0.0406259,-0.533471,0.0,0.96416,-0.0237453,-0.014564,-0.263855,0.519277,-1.0,1,0,0,0,0,0,0
110783588,-0.0359898,-0.0513046,-0.533323,0.0,0.964061,-0.0241101,-0.0199989,-0.263828,0.519028,-1.0,1,0,0,0,0,0,0
110887686,-0.0355395,-0.0515506,-0.53333,0.0,0.964062,-0.0239254,-0.0201768,-0.263828,0.516853,-1.0,1,0,0,0,0,0,0
110987928,-0.0355206,-0.0433027,-0.533477,0.0,0.964156,-0.022833,-0.0162007,-0.263854,0.516618,-1.0,1,0,0,0,0,0,0
111087582,-0.059859,-0.0318098,-0.533294,0.0,0.96398,-0.0330527,-0.00745111,-0.263806,0.515639,-1.0,1,0,0,0,0,0,0
111191699,-0.190203,-0.0252923,-0.531833,0.0,0.9601,-0.0949218,0.0128063,-0.262744,0.515662,-1.0,1,0,0,0,0,0,0
111291992,-0.300111,-0.0234737,-0.530697,0.0,0.953631,-0.147294,0.0280026,-0.260974,0.515663,-1.0,1,0,0,0,0,0,0
111391736,-0.412789,-0.0247865,-0.529056,0.0,0.943994,-0.20096,0.0418682,-0.258336,0.515663,-1.0,1,0,0,0,0,0,0
111495593,-0.457838,-0.0241671,-0.528615,0.0,0.939307,-0.222103,0.0479183,-0.257054,0.516919,-1.0,1,0,0,0,0,0,0
111596025,-0.446437,-0.0242934,-0.528731,0.0,0.940538,-0.216758,0.0464054,-0.257391,0.516866,-1.0,1,0,0,0,0,0,0
111700160,-0.435665,-0.0231599,-0.52912,0.0,0.94168,-0.211537,0.045594,-0.257703,0.516867,-1.0,1,0,0,0,0,0,0
111799682,-0.422619,-0.0231912,-0.529271,0.0,0.94302,-0.205391,0.0439128,-0.25807,0.516867,-1.0,1,0,0,0,0,0,0
111899976,-0.409641,-0.0232343,-0.529419,0.0,0.944312,-0.19927,0.0422317,-0.258424,0.516867,-1.0,1,0,0,0,0,0,0
112004165,-0.402657,-0.0232565,-0.5295,0.0,0.944991,-0.195972,0.0413263,-0.258609,0.516867,-1.0,1,0,0,0,0,0,0
112103576,-0.397877,-0.0232715,-0.529554,0.0,0.945449,-0.193714,0.0407063,-0.258735,0.516867,-1.0,1,0,0,0,0,0,0
112203940,-0.382202,-0.0233194,-0.529735,0.0,0.946914,-0.1863,0.0386713,-0.259136,0.516867,-1.0,1,0,0,0,0,0,0
112308164,-0.328588,-0.0234693,-0.530355,0.0,0.951482,-0.160862,0.0316901,-0.260386,0.516867,-1.0,1,0,0,0,0,0,0
112407582,-0.205525,-0.0237291,-0.531799,0.0,0.959379,-0.102071,0.0155673,-0.262547,0.516867,-1.0,1,0,0,0,0,0,0
112511666,-0.0284683,-0.0238937,-0.533906,0.0,0.964368,-0.0168796,-0.00776776,-0.263912,0.516867,-1.0,1,0,0,0,0,0,0
112612179,0.0190074,-0.0238955,-0.534473,0.0,0.964422,0.00601079,-0.0140323,-0.263927,0.516867,-1.0,1,0,0,0,0,0,0
112711642,0.0967584,-0.0238597,-0.535401,0.0,0.963337,0.0434826,-0.0242823,-0.26363,0.516867,-1.0,1,0,0,0,0,0,0
112815739,0.17848,-0.0237703,-0.536373,0.0,0.960629,0.082793,-0.0350285,-0.262889,0.516867,-1.0,1,0,0,0,0,0,0
112916051,0.244268,-0.0233546,-0.537113,0.0,0.957285,0.11438,-0.0434989,-0.261974,0.516867,-1.0,1,0,0,0,0,0,0
113015678,0.246944,-0.00966238,-0.535445,0.0,0.95718,0.117502,-0.0372031,-0.261945,0.516867,-1.0,1,0,0,0,0,0,0
113119718,0.285126,-0.00595839,-0.535101,0.0,0.954745,0.136245,-0.0404057,-0.261279,0.516867,-1.0,1,0,0,0,0,0,0
113220035,0.309508,-0.0042976,-0.534917,0.0,0.953005,0.148096,-0.0427831,-0.260803,0.516867,-1.0,1,0,0,0,0,0,0
113324027,0.303909,-0.0044106,-0.534922,0.0,0.953418,0.145412,-0.042107,-0.260915,0.516867,-1.0,1,0,0,0,0,0,0
113423586,0.29729,-0.00441496,-0.534907,0.0,0.953896,0.142256,-0.0412443,-0.261046,0.516449,-1.0,1,0,0,0,0,0,0
113523928,0.2891,-0.00441852,-0.534889,0.0,0.954473,0.138348,-0.0401754,-0.261204,0.516861,-1.0,1,0,0,0,0,0,0
113624496,0.284489,-0.00339485,-0.534732,0.0,0.954791,0.136284,-0.0390737,-0.261291,0.516868,-1.0,1,0,0,0,0,0,0
113728513,0.283082,-0.00295856,-0.534668,0.0,0.954888,0.135671,-0.0386773,-0.261318,0.516867,-1.0,1,0,0,0,0,0,0
113828743,0.218674,-0.0131903,-0.535694,0.0,0.958754,0.103491,-0.0352004,-0.262376,0.516867,-1.0,1,0,0,0,0,0,0
113932919,-0.000466776,-0.0304989,-0.534239,0.0,0.964422,-0.00425009,-0.0146465,-0.263927,0.516867,-1.0,1,0,0,0,0,0,0
114032467,-0.047522,-0.0346049,-0.533424,0.0,0.964118,-0.027474,-0.0104242,-0.263844,0.517116,-1.0,1,0,0,0,0,0,0
114132728,-0.037228,-0.032428,-0.533642,0.0,0.96424,-0.0222261,-0.0107299,-0.263877,0.518345,-1.0,1,0,0,0,0,0,0
114236794,-0.0330342,-0.0313688,-0.533728,0.0,0.964284,-0.0200651,-0.0107716,-0.263889,0.534048,-1.0,1,0,0,0,0,0,0
114336510,-0.0325618,-0.0313584,-0.533736,0.0,0.964288,-0.019836,-0.0108288,-0.26389,0.561389,-1.0,1,0,0,0,0,0,0
114436772,-0.0325507,-0.0313592,-0.533736,0.0,0.964288,-0.0198308,-0.0108307,-0.26389,0.560256,-1.0,1,0,0,0,0,0,0
114540957,-0.0325507,-0.0313592,-0.533736,0.0,0.964288,-0.0198308,-0.0108307,-0.26389,0.560241,-1.0,1,0,0,0,0,0,0
114640469,-0.0325507,-0.0313592,-0.533736,0.0,0.964288,-0.0198308,-0.0108307,-0.26389,0.558735,-1.0,1,0,0,0,0,0,0
114744495,-0.0335806,-0.0313588,-0.53372,0.0,0.96428,-0.0203272,-0.0106948,-0.263888,0.557567,-1.0,1,0,0,0,0,0,0
114844695,-0.0340205,-0.0313587,-0.533713,0.0,0.964276,-0.0205392,-0.0106367,-0.263887,0.513929,-1.0,1,0,0,0,0,0,0
114944508,-0.0340303,-0.0313587,-0.533713,0.0,0.964276,-0.020544,-0.0106354,-0.263887,0.517009,-1.0,1,0,0,0,0,0,0
115048521,-0.0340303,-0.0313587,-0.533713,0.0,0.964276,-0.020544,-0.0106354,-0.263887,0.518164,-1.0,1,0,0,0,0,0,0
115148752,-0.0324391,-0.0313592,-0.533737,0.0,0.964289,-0.019777,-0.0108454,-0.263891,0.518073,-1.0,1,0,0,0,0,0,0
115248549,-0.0315279,-0.0389257,-0.533632,0.0,0.964232,-0.0203333,-0.0146152,-0.263875,0.518072,-1.0,1,0,0,0,0,0,0
115352393,-0.0300964,-0.0741301,-0.53313,0.0,0.963763,-0.0242665,-0.0317826,-0.263747,0.516816,-1.0,1,0,0,0,0,0,0
115452858,-0.0192667,-0.0688667,-0.533583,0.0,0.963918,-0.0183626,-0.0306689,-0.263789,0.516875,-1.0,1,0,0,0,0,0,0
115556783,0.00718894,-0.0521161,-0.534434,0.0,0.964201,-0.00341404,-0.026079,-0.263866,0.516868,-1.0,1,0,0,0,0,0,0
115656564,0.00760124,-0.0383713,-0.534392,0.0,0.96435,-0.00140013,-0.0195069,-0.263907,0.516867,-1.0,1,0,0,0,0,0,0
115757051,0.000306011,-0.0300567,-0.534251,0.0,0.964425,-0.00381918,-0.0145352,-0.263928,0.515572,-1.0,1,0,0,0,0,0,0
115860753,7.04885e-06,-0.0246728,-0.534246,0.0,0.964461,-0.00325281,-0.0118995,-0.263938,0.507921,-1.0,1,0,0,0,0,0,0
115960541,6.78199e-09,-0.0238217,-0.534246,0.0,0.964466,-0.00314389,-0.0114882,-0.263939,0.496807,-1.0,1,0,0,0,0,0,0
116060962,-2.46727e-09,-0.0238963,-0.534246,0.0,0.964465,-0.00315373,-0.0115241,-0.263939,0.496396,-1.0,1,0,0,0,0,0,0
116164868,0.024402,-0.0238946,-0.534538,0.0,0.964394,0.00861173,-0.014744,-0.263919,0.498938,-1.0,1,0,0,0,0,0,0
116264494,0.0284975,-0.0238937,-0.534587,0.0,0.964368,0.0105863,-0.0152842,-0.263912,0.507517,-1.0,1,0,0,0,0,0,0
116368549,0.0300529,-0.0238933,-0.534605,0.0,0.964357,0.0113362,-0.0154893,-0.263909,0.516926,-1.0,1,0,0,0,0,0,0
116468745,0.0286701,-0.0238937,-0.534589,0.0,0.964366,0.0106695,-0.0153069,-0.263912,0.518137,-1.0,1,0,0,0,0,0,0
116569285,0.0216257,-0.0238951,-0.534505,0.0,0.964409,0.00727317,-0.0143777,-0.263923,0.516845,-1.0,1,0,0,0,0,0,0
116669762,-0.000943004,-0.0238969,-0.534235,0.0,0.964465,-0.0036085,-0.0114,-0.263939,0.516866,-1.0,1,0,0,0,0,0,0
116773798,7.71789e-05,-0.0228573,-0.534247,0.0,0.964471,-0.00297941,-0.0110333,-0.26394,0.516868,-1.0,1,0,0,0,0,0,0
116873174,-0.00194514,-0.0224132,-0.534224,0.0,0.964473,-0.00389591,-0.0105523,-0.263941,0.518163,-1.0,1,0,0,0,0,0,0
116977295,-0.0235638,-0.0224013,-0.533982,0.0,0.964407,-0.0143183,-0.00769466,-0.263923,0.518071,-1.0,1,0,0,0,0,0,0
117077724,-0.0296279,-0.0224001,-0.533914,0.0,0.964368,-0.017242,-0.00689441,-0.263912,0.518072,-1.0,1,0,0,0,0,0,0
117177299,-0.0295875,-0.0224001,-0.533915,0.0,0.964368,-0.0172225,-0.00689974,-0.263912,0.516777,-1.0,1,0,0,0,0,0,0
117281328,-0.0266106,-0.0224007,-0.533948,0.0,0.964388,-0.0157873,-0.00729259,-0.263918,0.51603,-1.0,1,0,0,0,0,0,0
117381745,0.000626677,-0.023926,-0.534254,0.0,0.964465,-0.00285549,-0.0116211,-0.263939,0.514414,-1.0,1,0,0,0,0,0,0
117481328,0.000535771,-0.0238983,-0.534253,0.0,0.964465,-0.00289567,-0.0115958,-0.263939,0.514217,-1.0,1,0,0,0,0,0,0
117585692,8.4484e-06,-0.0269774,-0.534246,0.0,0.964446,-0.00355626,-0.013011,-0.263934,0.499109,-1.0,1,0,0,0,0,0,0
117685523,0.00333056,-0.02854,-0.534294,0.0,0.964435,-0.00216082,-0.0142029,-0.26393,0.493998,-1.0,1,0,0,0,0,0,0
117789553,0.046179,-0.0453277,-0.535293,0.0,0.96403,0.0162681,-0.0279534,-0.26382,0.492788,-1.0,1,0,0,0,0,0,0
117889368,0.0667616,-0.044737,-0.53574,0.0,0.963756,0.0262596,-0.0303883,-0.263745,0.493858,-1.0,1,0,0,0,0,0,0
117989827,0.0641993,-0.0415654,-0.535581,0.0,0.963829,0.0254476,-0.0285205,-0.263765,0.510689,-1.0,1,0,0,0,0,0,0
118093527,0.0646589,-0.04474,-0.535693,0.0,0.963789,0.0252467,-0.0301118,-0.263754,0.517988,-1.0,1,0,0,0,0,0,0
118193311,0.062387,-0.0462867,-0.535691,0.0,0.963807,0.0239468,-0.0305572,-0.263759,0.518075,-1.0,1,0,0,0,0,0,0
118293953,0.0315297,-0.0315069,-0.534743,0.0,0.964295,0.0110408,-0.0193555,-0.263892,0.518072,-1.0,1,0,0,0,0,0,0
118397576,-0.00286996,-0.0253117,-0.53421,0.0,0.964456,-0.00472428,-0.011828,-0.263936,0.518072,-1.0,1,0,0,0,0,0,0
118497298,-0.0305932,-0.0253839,-0.533858,0.0,0.964344,-0.0181004,-0.0082064,-0.263906,0.518072,-1.0,1,0,0,0,0,0,0
118601180,-0.0311932,-0.0253863,-0.53385,0.0,0.964339,-0.01839,-0.00812847,-0.263904,0.519578,-1.0,1,0,0,0,0,0,0
118701611,-0.0329224,-0.0369955,-0.533637,0.0,0.964239,-0.0207515,-0.0135005,-0.263877,0.525602,-1.0,1,0,0,0,0,0,0
118801175,-0.0356201,-0.0575776,-0.53322,0.0,0.963982,-0.0247553,-0.0230734,-0.263806,0.525284,-1.0,1,0,0,0,0,0,0
118905503,-0.0724206,-0.0612715,-0.532026,0.0,0.96345,-0.0429598,-0.0200215,-0.263661,0.525301,-1.0,1,0,0,0,0,0,0
119005964,-0.102405,-0.0608131,-0.531129,0.0,0.962826,-0.057332,-0.0158714,-0.26349,0.525052,-1.0,1,0,0,0,0,0,0
119105548,-0.0982468,-0.0566172,-0.531462,0.0,0.962986,-0.0547855,-0.0143882,-0.263534,0.516391,-1.0,1,0,0,0,0,0,0
119209302,-0.0894601,-0.0577142,-0.531662,0.0,0.963169,-0.050699,-0.0160695,-0.263584,0.513062,-1.0,1,0,0,0,0,0,0
119309495,-0.0796552,-0.061871,-0.53178,0.0,0.963309,-0.0465206,-0.0193623,-0.263622,0.49121,-1.0,1,0,0,0,0,0,0
119413783,-0.0348121,-0.0631472,-0.533147,0.0,0.963908,-0.0250967,-0.025866,-0.263786,0.48385,-1.0,1,0,0,0,0,0,0
119513190,-0.0329644,-0.0638186,-0.533194,0.0,0.963912,-0.0242951,-0.0264328,-0.263788,0.483108,-1.0,1,0,0,0,0,0,0
119613686,-0.0326041,-0.0696062,-0.533111,0.0,0.963822,-0.0248805,-0.0292714,-0.263763,0.483132,-1.0,1,0,0,0,0,0,0
119717772,-0.031056,-0.101384,-0.53267,0.0,0.963179,-0.0282954,-0.0447963,-0.263587,0.484389,-1.0,1,0,0,0,0,0,0
119817284,-0.0311903,-0.112101,-0.532496,0.0,0.962903,-0.0297595,-0.0499439,-0.263511,0.488298,-1.0,1,0,0,0,0,0,0
119917603,-0.0311915,-0.111983,-0.532498,0.0,0.962906,-0.0297447,-0.0498869,-0.263512,0.489174,-1.0,1,0,0,0,0,0,0
120021758,-0.0295854,-0.108007,-0.532647,0.0,0.963023,-0.0284544,-0.0481812,-0.263544,0.489406,-1.0,1,0,0,0,0,0,0
120121181,-0.0219207,-0.0757866,-0.533415,0.0,0.963784,-0.0205491,-0.033656,-0.263752,0.507259,-1.0,1,0,0,0,0,0,0
120225575,-0.00684656,-0.0399697,-0.534109,0.0,0.964336,-0.00857472,-0.0183718,-0.263903,0.520755,-1.0,1,0,0,0,0,0,0
120325930,-0.00374141,-0.0238369,-0.534202,0.0,0.964464,-0.00494987,-0.0110018,-0.263938,0.517555,-1.0,1,0,0,0,0,0,0
120425559,0.000198923,-0.0238974,-0.534249,0.0,0.964465,-0.00305796,-0.0115509,-0.263939,0.516894,-1.0,1,0,0,0,0,0,0
120530106,-0.00261792,-0.0238969,-0.534215,0.0,0.964465,-0.00441608,-0.011179,-0.263939,0.516868,-1.0,1,0,0,0,0,0,0
120630730,-0.00863792,-0.0238966,-0.534143,0.0,0.964456,-0.00731869,-0.0103846,-0.263936,0.516867,-1.0,1,0,0,0,0,0,0
120730118,-0.0317114,-0.0238929,-0.533867,0.0,0.964344,-0.0184431,-0.00733979,-0.263906,0.517325,-1.0,1,0,0,0,0,0,0
120833964,-0.0342009,-0.0249317,-0.53382,0.0,0.964318,-0.0197802,-0.00751264,-0.263899,0.516877,-1.0,1,0,0,0,0,0,0
120934410,-0.0356045,-0.0237679,-0.533823,0.0,0.964313,-0.0203036,-0.00676624,-0.263897,0.516029,-1.0,1,0,0,0,0,0,0
121033965,-0.0355053,-0.0222846,-0.533851,0.0,0.964322,-0.0200604,-0.0060638,-0.2639,0.51592,-1.0,1,0,0,0,0,0,0
121138146,-0.0358097,-0.0224001,-0.533845,0.0,0.964319,-0.0202224,-0.00607935,-0.263899,0.516891,-1.0,1,0,0,0,0,0,0
121238364,-0.0482149,-0.0252644,-0.533637,0.0,0.964177,-0.0265799,-0.00582617,-0.26386,0.516868,-1.0,1,0,0,0,0,0,0
121342612,-0.0663223,-0.0499525,-0.532589,0.0,0.963704,-0.0385449,-0.0153578,-0.26373,0.516867,-1.0,1,0,0,0,0,0,0
121442346,-0.0564258,-0.0756728,-0.53211,0.0,0.963461,-0.037139,-0.0290703,-0.263664,0.516867,-1.0,1,0,0,0,0,0,0
121542643,-0.058322,-0.0823284,-0.531843,0.0,0.963308,-0.0389185,-0.0320333,-0.263622,0.516867,-1.0,1,0,0,0,0,0,0
121646610,-0.0605094,-0.0606541,-0.53241,0.0,0.96365,-0.0371445,-0.0212866,-0.263716,0.516867,-1.0,1,0,0,0,0,0,0
121746055,-0.0484507,-0.0239223,-0.533667,0.0,0.964182,-0.026517,-0.00514758,-0.263861,0.515611,-1.0,1,0,0,0,0,0,0
121846435,-0.0338633,-0.0238258,-0.533843,0.0,0.964328,-0.0194718,-0.00702371,-0.263901,0.514407,-1.0,1,0,0,0,0,0,0
121950605,-0.0325281,-0.0239042,-0.533857,0.0,0.964338,-0.0188384,-0.00723753,-0.263904,0.514466,-1.0,1,0,0,0,0,0,0
122050142,-0.0325455,-0.0238929,-0.533857,0.0,0.964338,-0.0188453,-0.00722979,-0.263904,0.514458,-1.0,1,0,0,0,0,0,0
122153963,-0.0325462,-0.0238927,-0.533857,0.0,0.964338,-0.0188456,-0.00722962,-0.263904,0.514458,-1.0,1,0,0,0,0,0,0
122254596,-0.0325462,-0.0238927,-0.533857,0.0,0.964338,-0.0188456,-0.00722962,-0.263904,0.514458,-1.0,1,0,0,0,0,0,0
122353991,-0.0325462,-0.0238927,-0.533857,0.0,0.964338,-0.0188456,-0.00722962,-0.263904,0.514458,-1.0,1,0,0,0,0,0,0
122458084,-0.0325462,-0.0238927,-0.533857,0.0,0.964338,-0.0188456,-0.00722962,-0.263904,0.513213,-1.0,1,0,0,0,0,0,0
122558563,-0.0325462,-0.0238927,-0.533857,0.0,0.964338,-0.0188456,-0.00722962,-0.263904,0.484959,-1.0,1,0,0,0,0,0,0
122657990,-0.0325462,-0.0238927,-0.533857,0.0,0.964338,-0.0188456,-0.00722962,-0.263904,0.48319,-1.0,1,0,0,0,0,0,0
122762080,-0.0325462,-0.0238927,-0.533857,0.0,0.964338,-0.0188456,-0.00722962,-0.263904,0.483134,-1.0,1,0,0,0,0,0,0
122862495,-0.0315165,-0.023893,-0.53387,0.0,0.964346,-0.0183492,-0.0073655,-0.263906,0.483132,-1.0,1,0,0,0,0,0,0
122966439,-0.0310731,-0.0152118,-0.53401,0.0,0.96439,-0.0169915,-0.0032365,-0.263918,0.489714,-1.0,1,0,0,0,0,0,0
123065961,-0.0310611,0.000221182,-0.53425,0.0,0.964418,-0.0149499,0.00420592,-0.263926,0.518895,-1.0,1,0,0,0,0,0,0
123166566,-0.0295182,9.16508e-06,-0.534246,0.0,0.964429,-0.0142339,0.00390005,-0.263929,0.518025,-1.0,1,0,0,0,0,0,0
123270419,-0.0295833,3.65794e-08,-0.534246,0.0,0.964429,-0.0142665,0.00390424,-0.263929,0.516843,-1.0,1,0,0,0,0,0,0
123370255,-0.029582,-8.81783e-09,-0.534246,0.0,0.964429,-0.0142659,0.00390405,-0.263929,0.515361,-1.0,1,0,0,0,0,0,0
123470489,-0.0295819,-1.25541e-10,-0.534246,0.0,0.964429,-0.0142658,0.00390404,-0.263929,0.495332,-1.0,1,0,0,0,0,0,0
123575136,-0.0295819,-1.01822e-12,-0.534246,0.0,0.964429,-0.0142658,0.00390404,-0.263929,0.484203,-1.0,1,0,0,0,0,0,0
123674770,-0.0295819,9.40576e-14,-0.534246,0.0,0.964429,-0.0142658,0.00390404,-0.263929,0.484328,-1.0,1,0,0,0,0,0,0
123775153,-0.0254189,4.03979e-16,-0.534246,0.0,0.964456,-0.0122584,0.00335467,-0.263936,0.487102,-1.0,1,0,0,0,0,0,0
123879194,-0.0282878,-2.89315e-17,-0.534246,0.0,0.964438,-0.0136418,0.00373327,-0.263931,0.489962,-1.0,1,0,0,0,0,0,0
123978777,-0.0296824,-1.96713e-18,-0.534246,0.0,0.964428,-0.0143143,0.00391731,-0.263929,0.515518,-1.0,1,0,0,0,0,0,0
124079243,-0.029583,-1.45688e-20,-0.534246,0.0,0.964429,-0.0142664,0.00390419,-0.263929,0.516706,-1.0,1,0,0,0,0,0,0
124183362,-0.0295818,1.54543e-21,-0.534246,0.0,0.964429,-0.0142658,0.00390403,-0.263929,0.514773,-1.0,1,0,0,0,0,0,0
124283083,-0.0311725,2.49576e-23,-0.534246,0.0,0.964417,-0.0150329,0.00411394,-0.263926,0.494587,-1.0,1,0,0,0,0,0,0
124386778,-0.0310595,-5.15814e-25,-0.534246,0.0,0.964418,-0.0149784,0.00409904,-0.263926,0.480509,-1.0,1,0,0,0,0,0,0
124487433,-0.0227982,-0.00474151,-0.534192,0.0,0.964469,-0.0116203,0.000721965,-0.26394,0.479739,-1.0,1,0,0,0,0,0,0
124586784,0.00242185,-0.0352509,-0.534289,0.0,0.964384,-0.0034847,-0.017319,-0.263916,0.481584,-1.0,1,0,0,0,0,0,0
124690977,0.0155628,-0.0601888,-0.534715,0.0,0.964068,-0.000447551,-0.0310747,-0.26383,0.48192,-1.0,1,0,0,0,0,0,0
124791311,0.0266265,-0.092877,-0.535484,0.0,0.963409,0.000544696,-0.048282,-0.26365,0.481928,-1.0,1,0,0,0,0,0,0
124890937,0.0148624,-0.0968366,-0.534966,0.0,0.963377,-0.00563335,-0.0486387,-0.263641,0.483184,-1.0,1,0,0,0,0,0,0
124994777,0.000542021,-0.0848725,-0.534269,0.0,0.963666,-0.0109373,-0.0409903,-0.26372,0.483125,-1.0,1,0,0,0,0,0,0
125095293,1.98519e-05,-0.077285,-0.534247,0.0,0.963814,-0.0101879,-0.0372653,-0.263761,0.483132,-1.0,1,0,0,0,0,0,0
125199365,4.06398e-07,-0.0740436,-0.534246,0.0,0.963873,-0.00976976,-0.0357007,-0.263777,0.483133,-1.0,1,0,0,0,0,0,0
125298943,5.79564e-09,-0.057812,-0.534246,0.0,0.964131,-0.00762889,-0.0278769,-0.263847,0.48037,-1.0,1,0,0,0,0,0,0
125399325,-0.0015921,-0.0521625,-0.534205,0.0,0.964206,-0.0076506,-0.0249435,-0.263868,0.479511,-1.0,1,0,0,0,0,0,0
125503134,-0.00148185,-0.0525824,-0.534207,0.0,0.964201,-0.00765287,-0.0251605,-0.263866,0.479518,-1.0,1,0,0,0,0,0,0
125602967,-0.00148041,-0.0527576,-0.534207,0.0,0.964198,-0.00767529,-0.0252451,-0.263866,0.479518,-1.0,1,0,0,0,0,0,0
125703366,-0.00281666,-0.0516701,-0.534173,0.0,0.964211,-0.00817564,-0.0245447,-0.263869,0.465291,-1.0,1,0,0,0,0,0,0
125807274,-0.0232479,-0.0377001,-0.533808,0.0,0.964298,-0.0161811,-0.0151151,-0.263893,0.35397,-1.0,1,0,0,0,0,0,0
125906766,-0.030635,-0.0239736,-0.533879,0.0,0.964352,-0.0179348,-0.00752059,-0.263908,0.25841,-1.0,1,0,0,0,0,0,0
126010858,-0.0326027,-0.0238945,-0.533857,0.0,0.964337,-0.018873,-0.00722304,-0.263904,0.08,-1.0,1,0,0,0,0,0,0
126111151,-0.0325366,-0.0238927,-0.533857,0.0,0.964338,-0.0188409,-0.00723089,-0.263904,0.08,-1.0,1,0,0,0,0,0,0
126210770,-0.0325463,-0.0238927,-0.533857,0.0,0.964338,-0.0188456,-0.00722961,-0.263904,0.08,-1.0,1,0,0,0,0,0,0
126314776,-0.0310032,-0.0238931,-0.533876,0.0,0.96435,-0.0181017,-0.00743324,-0.263907,0.08,-1.0,1,0,0,0,0,0,0
126415077,-0.0310683,-0.0238931,-0.533875,0.0,0.964349,-0.0181331,-0.00742465,-0.263907,0.08,-1.0,1,0,0,0,0,0,0
126514951,-0.031067,-0.0238931,-0.533875,0.0,0.964349,-0.0181325,-0.00742482,-0.263907,0.08,-1.0,1,0,0,0,0,0,0
126618962,-0.0310669,-0.0238931,-0.533875,0.0,0.964349,-0.0181324,-0.00742484,-0.263907,0.08,-1.0,1,0,0,0,0,0,0
126719483,-0.0310669,-0.0238931,-0.533875,0.0,0.964349,-0.0181324,-0.00742484,-0.263907,0.08,-1.0,1,0,0,0,0,0,0
126823120,-0.032575,-0.0238927,-0.533857,0.0,0.964338,-0.0188595,-0.00722582,-0.263904,0.08,-1.0,1,0,0,0,0,0,0
126922872,-0.0325476,-0.0238927,-0.533857,0.0,0.964338,-0.0188463,-0.00722943,-0.263904,0.08,-1.0,1,0,0,0,0,0,0
127023300,-0.0325812,-0.0238927,-0.509877,0.0,0.967432,-0.0187745,-0.00745064,-0.252323,2.52213e-18,-1.0,1,0,0,0,0,0,0
127127146,-0.0322295,-0.0238928,-0.508909,0.0,0.967558,-0.0186007,-0.00750406,-0.251853,1.48453e-19,-1.0,1,0,0,0,0,0,0
127226755,-0.0326689,-0.0238927,-0.50764,0.0,0.967713,-0.0188086,-0.0074606,-0.251241,9.76726e-22,-1.0,1,0,0,0,0,0,0
127327410,-0.032544,-0.0238927,-0.506904,0.0,0.967807,-0.0187454,-0.00748321,-0.250884,0.0,-1.0,1,0,0,0,0,0,0
127432248,-0.0325462,-0.0238927,-0.505637,0.0,0.967965,-0.0187417,-0.00749481,-0.250271,0.0,-1.0,1,0,0,0,0,0,0
127531671,-0.0325462,-0.0238927,-0.5047,0.0,0.968083,-0.0187382,-0.00750358,-0.249817,4.44621e-26,-1.0,1,0,0,0,0,0,0
127632450,-0.0325462,-0.0238927,-0.503467,0.0,0.968236,-0.0187336,-0.00751514,-0.249221,1.26171e-27,-1.0,1,0,0,0,0,0,0
127736299,-0.0325462,-0.0238927,-0.502513,0.0,0.968355,-0.01873,-0.00752406,-0.248759,2.29464e-29,-1.0,1,0,0,0,0,0,0
127835592,-0.0325462,-0.0238927,-0.501512,0.0,0.96848,-0.0187262,-0.00753344,-0.248274,0.0,-1.0,1,0,0,0,0,0,0
127939589,-0.0325462,-0.0238927,-0.500563,0.0,0.968597,-0.0187226,-0.00754233,-0.247815,0.0,-1.0,1,0,0,0,0,0,0
128040065,-0.0325462,-0.0238927,-0.4995,0.0,0.968729,-0.0187186,-0.00755227,-0.2473,0.0,-1.0,1,0,0,0,0,0,0
128139584,-0.0325462,-0.0238927,-0.498479,0.0,0.968855,-0.0187148,-0.00756183,-0.246805,7.44054e-37,-1.0,1,0,0,0,0,0,0
128243663,-0.0325462,-0.0238927,-0.497429,0.0,0.968984,-0.0187108,-0.00757165,-0.246296,3.68531e-37,-1.0,1,0,0,0,0,0,0
128343990,-0.0322406,-0.0238928,-0.496313,0.0,0.969124,-0.0185585,-0.00761969,-0.245754,4.42343e-39,-1.0,1,0,0,0,0,0,0
128443696,-0.031857,-0.0238929,-0.495353,0.0,0.969246,-0.018369,-0.00767569,-0.245288,0.0,-1.0,1,0,0,0,0,0,0
128547993,-0.0325426,-0.0238927,-0.494077,0.0,0.969396,-0.0186963,-0.00760345,-0.244672,0.0,-1.0,1,0,0,0,0,0,0
128648101,-0.0325463,-0.0238927,-0.49306,0.0,0.96952,-0.0186943,-0.0076125,-0.244179,0.0,-1.0,1,0,0,0,0,0,0
