timestamp,lat,lon,alt,delta_alt,vel_n,vel_e,vel_d,yaw,eph,epv,terrain_alt,lat_lon_reset_counter,alt_reset_counter,terrain_alt_valid,dead_reckoning
1973950357,40.8102406293,-77.8706477207,342.515,-0.0,-0.0229962,0.0756809,0.0305102,-0.449169,3.97415,5.05096,0.0,2,0,0,0
1974150620,40.8102393642,-77.8706475067,342.547,-0.0,-0.0658856,0.0820111,0.0250917,-0.449194,3.97693,5.04498,0.0,2,0,0,0
1974355198,40.8102379285,-77.8706473283,342.588,-0.0,-0.11281,0.0872941,0.0157651,-0.449172,3.98077,5.04934,0.0,2,0,0,0
1974559173,40.8102364375,-77.8706471919,342.617,-0.0,-0.158511,0.0900592,0.00837862,-0.44918,3.98399,5.0538,0.0,2,0,0,0
1974759989,40.8102348423,-77.8706470933,342.634,-0.0,-0.205863,0.0932995,0.00424422,-0.449221,3.98847,5.04771,0.0,2,0,0,0
1974959944,40.810233311,-77.8706470134,342.646,-0.0,-0.249011,0.0963249,0.000513973,-0.449327,3.99284,5.05208,0.0,2,0,0,0
1975163958,40.8102318039,-77.8706469863,342.658,-0.0,-0.288511,0.0981189,-0.00159713,-0.449301,3.99832,5.04594,0.0,2,0,0,0
1975367966,40.81023035,-77.8706470116,342.67,-0.0,-0.323729,0.0982602,-0.00362524,-0.449238,4.00576,5.05054,0.0,2,0,0,0
1975568869,40.810228974,-77.8706470273,342.676,-0.0,-0.354262,0.098573,-0.00515226,-0.44927,4.01324,5.05528,0.0,2,0,0,0
1975768789,40.8102276647,-77.8706469902,342.69,-0.0,-0.382318,0.101109,-0.00740784,-0.449369,4.02179,5.04885,0.0,2,0,0,0
1975972774,40.810226347,-77.8706470503,342.704,-0.0,-0.409367,0.100267,-0.0103492,-0.449398,4.03076,5.0535,0.0,2,0,0,0
1976174385,40.8102250711,-77.8706472702,342.711,-0.0,-0.433987,0.0953226,-0.0111273,-0.449457,4.04093,5.04724,0.0,2,0,0,0
1976374389,40.8102239354,-77.8706475324,342.716,-0.0,-0.454437,0.0896112,-0.0104869,-0.449495,4.04881,5.05164,0.0,2,0,0,0
1976579172,40.8102227686,-77.8706477355,342.714,-0.0,-0.47467,0.0862076,-0.00681673,-0.449588,4.05846,5.05645,0.0,2,0,0,0
1976783171,40.8102218921,-77.8706478804,342.673,-0.0,-0.484139,0.0842149,0.00291434,-0.449682,4.06366,5.04966,0.0,2,0,0,0
1976983205,40.8102213761,-77.8706481194,342.626,-0.0,-0.483158,0.0796132,0.0130014,-0.449839,4.07128,5.05422,0.0,2,0,0,0
1977187208,40.8102206231,-77.8706483306,342.597,-0.0,-0.489316,0.0766431,0.0197207,-0.450002,4.08338,5.04767,0.0,2,0,0,0
1977391491,40.8102199949,-77.8706484483,342.553,-0.0,-0.491661,0.0756781,0.0289052,-0.450139,4.09207,5.05229,0.0,2,0,0,0
1977595197,40.8102197314,-77.8706488777,342.527,-0.0,-0.485753,0.0708895,0.0334242,-0.449918,4.0912,5.0567,0.0,2,0,0,0
1977795161,40.8102193903,-77.8706493306,342.514,-0.0,-0.471944,0.0569503,0.0354703,-0.450139,4.10005,5.04979,0.0,2,0,0,0
1977999457,40.8102192164,-77.8706499764,342.502,-0.0,-0.467117,0.0418377,0.0409051,-0.450617,4.10198,5.0543,0.0,2,0,0,0
1978203155,40.8102191162,-77.8706503255,342.486,-0.0,-0.454472,0.0410275,0.0454718,-0.450854,4.11347,5.04767,0.0,2,0,0,0
1978407174,40.8102192008,-77.8706503279,342.47,-0.0,-0.436826,0.0434936,0.0481787,-0.451145,4.12746,5.05242,0.0,2,0,0,0
1978607170,40.8102195307,-77.870650019,342.45,-0.0,-0.414736,0.053284,0.0514553,-0.451362,4.14104,5.05732,0.0,2,0,0,0
1978811266,40.8102200203,-77.8706494773,342.452,-0.0,-0.388912,0.0665573,0.0511752,-0.451608,4.15502,5.05039,0.0,2,0,0,0
1979015162,40.8102207309,-77.8706487189,342.457,-0.0,-0.360646,0.0845187,0.0501172,-0.451879,4.17113,5.05537,0.0,2,0,0,0
1979219180,40.8102214811,-77.8706479087,342.45,-0.0,-0.327826,0.101131,0.0521837,-0.45214,4.18611,5.04854,0.0,2,0,0,0
1979419205,40.8102222738,-77.8706471183,342.465,-0.0,-0.299423,0.121727,0.0490745,-0.452802,4.20195,5.05319,0.0,2,0,0,0
1979623193,40.8102231358,-77.8706465239,342.465,-0.0,-0.2636,0.138321,0.0512365,-0.453721,4.22007,5.0584,0.0,2,0,0,0
1979827204,40.8102240305,-77.8706460216,342.521,-0.0,-0.227073,0.141386,0.0352247,-0.454968,4.23599,5.05122,0.0,2,0,0,0
1980031475,40.8102248802,-77.8706458654,342.572,-0.0,-0.227716,0.137181,0.0388471,-0.455779,4.24779,5.05615,0.0,2,0,0,0
1980231496,40.8102251948,-77.8706460591,342.622,-0.0,-0.196614,0.132823,0.03883,-0.457113,4.25816,5.04909,0.0,2,0,0,0
1980435431,40.8102252781,-77.8706468537,342.845,-0.0,-0.193078,0.098476,-0.0500683,-0.458204,4.26676,5.05362,0.0,2,0,0,0
1980639170,40.8102260433,-77.8706476646,342.987,-0.0,-0.190773,0.0997926,-0.326446,-0.460427,4.27967,5.05874,0.0,2,0,0,0
1980843166,40.81022719,-77.8706483509,343.444,-0.0,-0.182185,0.102039,-0.780258,-0.465405,4.29507,5.0515,0.0,2,0,0,0
1981043161,40.810228308,-77.8706485959,343.928,-0.0,-0.15702,0.118803,-0.938546,-0.467484,4.30999,5.05632,0.0,2,0,0,0
1981247164,40.8102290671,-77.8706486679,344.234,-0.0,-0.144596,0.124072,-0.876294,-0.466544,4.32253,5.04939,0.0,2,0,0,0
1981451396,40.8102293693,-77.8706486574,344.335,-0.0,-0.15327,0.119561,-0.842673,-0.461999,4.33793,5.05407,0.0,2,0,0,0
1981651537,40.8102293372,-77.8706485345,344.459,-0.0,-0.171779,0.114301,-0.896468,-0.457382,4.35576,5.05911,0.0,2,0,0,0
1981851428,40.8102290438,-77.8706483631,344.48,-0.0,-0.17088,0.116865,-0.942688,-0.452922,4.37474,5.05181,0.0,2,0,0,0
1982055167,40.8102287578,-77.8706482948,344.508,-0.0,-0.157803,0.090805,-0.861791,-0.448646,4.37727,5.0569,0.0,2,0,0,0
1982259179,40.8102285959,-77.8706482318,344.601,-0.0,-0.151883,0.0845872,-0.765552,-0.445469,4.42218,5.04982,0.0,2,0,0,0
1982463161,40.8102284599,-77.8706481601,344.748,-0.0,-0.176393,0.0769384,-0.663867,-0.444522,4.42352,5.05479,0.0,2,0,0,0
1982663171,40.8102281114,-77.8706477448,344.869,-0.0,-0.198255,0.0917913,-0.571919,-0.443376,4.42205,5.05963,0.0,2,0,0,0
1982863186,40.8102281368,-77.8706460089,344.938,-0.0,-0.169456,0.125649,-0.493486,-0.443655,4.43309,5.05216,0.0,2,0,0,0
1983067192,40.8102291181,-77.870644382,344.993,-0.0,-0.103961,0.142963,-0.388705,-0.445681,4.44633,5.05704,0.0,2,0,0,0
1983271396,40.8102307537,-77.8706433868,345.042,-0.0,-0.0091935,0.13929,-0.290019,-0.448745,4.46421,5.05006,0.0,2,0,0,0
1983475195,40.8102326489,-77.870642995,345.086,-0.0,0.0701876,0.122663,-0.206613,-0.450581,4.47728,5.0548,0.0,2,0,0,0
1983675161,40.8102348702,-77.8706428677,345.113,-0.0,0.136931,0.113705,-0.12334,-0.452528,4.49249,5.0599,0.0,2,0,0,0
1983879166,40.8102374287,-77.870642993,345.09,-0.0,0.170237,0.0929611,-0.0630391,-0.452634,4.50781,5.05256,0.0,2,0,0,0
1984083179,40.8102402472,-77.8706433032,345.059,-0.0,0.213588,0.116727,-0.00797659,-0.452003,4.5192,5.05747,0.0,2,0,0,0
1984287248,40.8102434571,-77.8706439512,345.022,-0.0,0.269921,0.132495,0.0515095,-0.450178,4.52889,5.05034,0.0,2,0,0,0
1984487210,40.8102465388,-77.8706448002,344.936,-0.0,0.323118,0.139131,0.102317,-0.44653,4.53942,5.0551,0.0,2,0,0,0
1984691207,40.8102497161,-77.8706454885,344.874,-0.0,0.372175,0.140409,0.138686,-0.443459,4.54921,5.0602,0.0,2,0,0,0
1984895164,40.8102527049,-77.8706458297,344.817,-0.0,0.396041,0.133502,0.148484,-0.441507,4.55829,5.05277,0.0,2,0,0,0
1985095198,40.810255335,-77.8706459749,344.774,-0.0,0.424514,0.119766,0.0704349,-0.441803,4.56465,5.05767,0.0,2,0,0,0
1985295230,40.8102576017,-77.8706463091,344.765,-0.0,0.433378,0.112073,-0.0852456,-0.443228,4.5462,5.05005,0.0,2,0,0,0
1985499210,40.8102593884,-77.8706469668,344.723,-0.0,0.459971,0.0969013,-0.0408296,-0.445131,4.55293,5.05475,0.0,2,0,0,0
1985703179,40.8102612034,-77.8706477209,344.7,-0.0,0.46787,0.0857295,0.030241,-0.44497,4.55186,5.05987,0.0,2,0,0,0
1985907159,40.8102627787,-77.8706488311,344.658,-0.0,0.472921,0.0640188,0.0668404,-0.444824,4.55038,5.05227,0.0,2,0,0,0
1986107189,40.8102643723,-77.8706501117,344.625,-0.0,0.458737,0.0512781,0.126799,-0.446496,4.54273,5.05694,0.0,2,0,0,0
1986311169,40.8102659175,-77.8706513748,344.594,-0.0,0.450395,0.0294848,0.181037,-0.465873,4.55165,5.04993,0.0,2,0,0,0
1986515266,40.810266926,-77.8706523908,344.558,-0.0,0.417047,0.0196845,0.21549,-0.51119,4.54502,5.05446,0.0,2,0,0,0
1986719214,40.810268093,-77.8706540291,344.518,-0.0,0.385203,-0.0132999,0.220476,-1.04407,4.54441,5.05955,0.0,2,0,0,0
1986919217,40.8102700191,-77.8706557759,344.463,-0.0,0.394813,-0.0404932,0.213398,-1.1291,4.55345,5.0521,0.0,2,0,0,0
1987119207,40.8102721497,-77.8706565469,344.409,-0.0,0.444403,-0.0391559,0.205274,-1.22543,4.56044,5.05696,0.0,2,0,0,0
1987323220,40.8102745101,-77.8706572589,344.358,-0.0,0.477825,-0.0404479,0.225727,-1.32958,4.55813,5.04964,0.0,2,0,0,0
1987527492,40.8102764789,-77.870658184,344.297,-0.0,0.493837,-0.0464741,0.243345,-1.43705,4.55602,5.05439,0.0,2,0,0,0
1987731468,40.8102775283,-77.8706588765,344.237,-0.0,0.488978,-0.0539603,0.26613,-1.54519,4.55738,5.05933,0.0,2,0,0,0
1987931427,40.810278025,-77.8706592951,344.166,-0.0,0.477674,-0.0763356,0.27155,-1.64555,4.55992,5.05189,0.0,2,0,0,0
1988135168,40.810278285,-77.8706591936,344.097,-0.0,0.470617,-0.0742364,0.246453,-1.71765,4.56281,5.05689,0.0,2,0,0,0
1988335322,40.810278417,-77.8706583714,344.051,-0.0,0.46071,-0.0542009,0.113929,-1.76171,4.56235,5.04964,0.0,2,0,0,0
1988539429,40.8102784809,-77.8706571258,344.006,-0.0,0.449282,-0.0209857,-0.0117903,-1.77857,4.56346,5.0543,0.0,2,0,0,0
1988739173,40.8102783329,-77.8706556199,344.008,-0.0,0.431839,0.0171803,-0.15754,-1.76276,4.56231,5.05926,0.0,2,0,0,0
1988943167,40.8102780991,-77.8706536254,344.054,-0.0,0.418986,0.0603854,-0.255944,-1.72039,4.55809,5.05189,0.0,2,0,0,0
1989147173,40.8102781192,-77.8706514505,344.105,-0.0,0.424725,0.0923209,-0.195697,-1.65414,4.54911,5.05655,0.0,2,0,0,0
1989351434,40.8102781468,-77.8706488296,344.134,-0.0,0.407987,0.0925474,-0.101266,-1.57546,4.53695,5.04939,0.0,2,0,0,0
1989551351,40.8102781294,-77.8706464585,344.13,-0.0,0.396137,0.0908368,-0.00546962,-1.49219,4.52479,5.05383,0.0,2,0,0,0
1989755225,40.8102780339,-77.8706445368,344.122,-0.0,0.37906,0.0908854,0.0824677,-1.4046,4.51569,5.05861,0.0,2,0,0,0
1989959225,40.810277761,-77.8706425614,344.127,-0.0,0.3519,0.0943542,0.142213,-1.31797,4.5077,5.05134,0.0,2,0,0,0
1990163187,40.810277263,-77.8706408065,344.127,-0.0,0.325809,0.0930905,0.202276,-1.23334,4.5001,5.056,0.0,2,0,0,0
1990363209,40.8102765489,-77.8706394259,344.114,-0.0,0.298577,0.097608,0.244368,-1.15293,4.49332,5.04892,0.0,2,0,0,0
1990567204,40.810275582,-77.8706383357,344.144,-0.0,0.295464,0.0446605,0.146393,-1.0925,4.48777,5.05366,0.0,2,0,0,0
1990771520,40.8102744902,-77.8706374428,344.173,-0.0,0.305626,-0.0294284,-0.0145682,-1.05466,4.48028,5.05851,0.0,2,0,0,0
1990975205,40.8102731109,-77.8706369069,344.219,-0.0,0.299543,-0.133634,-0.124481,-1.03572,4.47284,5.05138,0.0,2,0,0,0
1991175971,40.810271592,-77.8706367348,344.261,-0.0,0.284192,-0.207024,-0.0864843,-1.03107,4.46243,5.05603,0.0,2,0,0,0
1991379958,40.810270277,-77.8706365055,344.291,-0.0,0.275531,-0.254582,-0.00258866,-1.03424,4.45075,5.04886,0.0,2,0,0,0
1991583970,40.8102690361,-77.870635649,344.321,-0.0,0.296421,-0.268542,0.0627678,-1.0421,4.44199,5.05352,0.0,2,0,0,0
1991787951,40.8102677234,-77.8706349995,344.327,-0.0,0.286985,-0.272316,0.103308,-1.04998,4.43273,5.05832,0.0,2,0,0,0
1991988063,40.8102662589,-77.8706349583,344.336,-0.0,0.270223,-0.265724,0.151438,-1.05561,4.42101,5.05096,0.0,2,0,0,0
1992192215,40.8102647366,-77.8706349241,344.333,-0.0,0.217725,-0.235773,0.203882,-1.04925,4.41197,5.05575,0.0,2,0,0,0
1992396337,40.8102631171,-77.8706348459,344.307,-0.0,0.177951,-0.166419,0.267558,-1.02389,4.40276,5.04872,0.0,2,0,0,0
1992596001,40.8102618486,-77.8706343194,344.276,-0.0,0.120187,-0.085702,0.229808,-1.00272,4.39368,5.05318,0.0,2,0,0,0
1992800061,40.8102607779,-77.8706334938,344.262,-0.0,0.0894709,-0.00384289,0.114157,-0.98577,4.38492,5.05811,0.0,2,0,0,0
1993003997,40.8102599829,-77.8706327391,344.259,-0.0,0.0452116,0.0204075,0.149507,-0.973887,4.37384,5.05078,0.0,2,0,0,0
1993207992,40.8102591685,-77.8706321439,344.242,-0.0,0.0221095,0.033272,0.23196,-0.966184,4.3633,5.05547,0.0,2,0,0,0
1993407958,40.8102585425,-77.8706314279,344.21,-0.0,0.00683023,0.0409681,0.283982,-0.962342,4.35363,5.04846,0.0,2,0,0,0
1993612244,40.8102579419,-77.8706306116,344.166,-0.0,0.0167552,0.0480751,0.224099,-0.959921,4.34397,5.05283,0.0,2,0,0,0
1993815956,40.8102572829,-77.8706298189,344.157,-0.0,0.0207181,0.0484964,0.104271,-0.958854,4.33564,5.05768,0.0,2,0,0,0
1994015958,40.810256636,-77.8706292025,344.176,-0.0,0.0164627,0.0642183,0.105772,-0.958734,4.32627,5.05047,0.0,2,0,0,0
1994219959,40.8102560333,-77.8706286677,344.188,-0.0,0.0321127,0.0675717,0.0485672,-0.959962,4.31817,5.05499,0.0,2,0,0,0
1994420009,40.8102553638,-77.8706280808,344.223,-0.0,0.0255635,0.0863849,-0.168255,-0.959571,4.31062,5.04807,0.0,2,0,0,0
1994623977,40.810254702,-77.8706274451,344.28,-0.0,0.000550672,0.123665,-0.418048,-0.958609,4.30609,5.05268,0.0,2,0,0,0
1994824217,40.8102541125,-77.8706268928,344.37,-0.0,-0.0276576,0.153978,-0.521805,-0.955987,4.3024,5.05747,0.0,2,0,0,0
1995027956,40.8102535865,-77.8706263024,344.523,-0.0,-0.0368132,0.160077,-0.63428,-0.955274,4.29933,5.05044,0.0,2,0,0,0
1995227978,40.8102528967,-77.8706256451,344.683,-0.0,-0.0397379,0.158611,-0.606163,-0.954924,4.29649,5.0551,0.0,2,0,0,0
1995428010,40.810252113,-77.870624768,344.8,-0.0,-0.0437949,0.149928,-0.462157,-0.955523,4.29243,5.04822,0.0,2,0,0,0
1995631976,40.8102513864,-77.87062379,344.892,-0.0,-0.0529059,0.149936,-0.317385,-0.957432,4.29037,5.0529,0.0,2,0,0,0
1995835989,40.8102506551,-77.8706227682,344.948,-0.0,-0.0536882,0.156865,-0.205784,-0.958837,4.28789,5.05771,0.0,2,0,0,0
1996040001,40.8102499317,-77.8706217849,344.973,-0.0,-0.0626323,0.173656,-0.119342,-0.959428,4.28725,5.05079,0.0,2,0,0,0
1996239955,40.8102491772,-77.8706213128,344.982,-0.0,-0.0772968,0.172472,-0.0520079,-0.959121,4.28254,5.05537,0.0,2,0,0,0
1996443955,40.8102484576,-77.870621076,344.981,-0.0,-0.0778336,0.167346,0.00603109,-0.951983,4.27931,5.04842,0.0,2,0,0,0
1996647959,40.810247764,-77.8706209121,344.94,-0.0,-0.0773213,0.165879,0.0670041,-0.938174,4.27833,5.05312,0.0,2,0,0,0
1996847963,40.810247027,-77.870620579,344.905,-0.0,-0.0843684,0.172068,0.113871,-0.918571,4.27791,5.05798,0.0,2,0,0,0
1997051981,40.8102463874,-77.8706212634,344.814,-0.0,-0.0824215,0.135647,0.165164,-0.888635,4.26717,5.05055,0.0,2,0,0,0
1997252015,40.8102452573,-77.8706217167,344.73,-0.0,-0.106403,0.116137,0.0862741,-0.856227,4.26596,5.05519,0.0,2,0,0,0
1997455976,40.8102436963,-77.8706221093,344.7,-0.0,-0.129513,0.0933335,-0.0455364,-0.82178,4.26588,5.04847,0.0,2,0,0,0
1997660002,40.810241823,-77.8706224849,344.695,-0.0,-0.161443,0.0697418,-0.0998729,-0.786357,4.26466,5.05297,0.0,2,0,0,0
1997863990,40.8102396081,-77.8706219692,344.716,-0.0,-0.204257,0.0685265,-0.0708295,-0.748887,4.23225,5.05757,0.0,2,0,0,0
1998063972,40.8102375574,-77.8706214979,344.722,-0.0,-0.235718,0.0715249,0.00638123,-0.708207,4.2273,5.05035,0.0,2,0,0,0
1998267965,40.8102357332,-77.8706211774,344.717,-0.0,-0.255098,0.0677062,0.0733948,-0.66168,4.2229,5.05483,0.0,2,0,0,0
1998471947,40.8102340445,-77.8706210358,344.71,-0.0,-0.27034,0.0534277,0.124337,-0.60852,4.2204,5.04813,0.0,2,0,0,0
1998672305,40.8102325955,-77.8706207147,344.718,-0.0,-0.28111,0.0458158,0.166421,-0.551114,4.21728,5.05253,0.0,2,0,0,0
1998871978,40.8102310861,-77.8706201479,344.708,-0.0,-0.285426,0.035537,0.216271,-0.489335,4.21414,5.05719,0.0,2,0,0,0
1999075980,40.8102295446,-77.8706193946,344.689,-0.0,-0.293258,0.0264184,0.264871,-0.442467,4.21078,5.05007,0.0,2,0,0,0
1999279995,40.8102282718,-77.8706183036,344.658,-0.0,-0.289707,0.0359371,0.292698,-0.413337,4.20918,5.05478,0.0,2,0,0,0
1999483990,40.8102269335,-77.870617465,344.616,-0.0,-0.30931,0.0402748,0.326091,-0.39836,4.20663,5.04792,0.0,2,0,0,0
1999683958,40.8102251902,-77.8706169292,344.587,-0.0,-0.341616,0.0381064,0.367755,-0.394084,4.20613,5.05237,0.0,2,0,0,0
1999888193,40.8102224557,-77.8706157562,344.53,-0.0,-0.402347,0.0406077,0.445582,-0.398447,4.20642,5.05731,0.0,2,0,0,0
2000087950,40.8102191729,-77.8706142377,344.475,-0.0,-0.477489,0.0573533,0.515434,-0.418839,4.20613,5.05029,0.0,2,0,0,0
2000291960,40.8102163614,-77.8706134991,344.403,-0.0,-0.543624,0.0740204,0.574885,-0.455667,4.20233,5.05476,0.0,2,0,0,0
2000492007,40.8102143761,-77.8706138578,344.33,-0.0,-0.575863,0.0643448,0.495507,-0.511353,4.19857,5.05949,0.0,2,0,0,0
2000692229,40.8102129648,-77.8706144038,344.291,-0.0,-0.564857,0.0402942,0.38014,-0.582005,4.19469,5.05209,0.0,2,0,0,0
2000895955,40.8102116656,-77.8706148932,344.274,-0.0,-0.537322,-0.00930587,0.231995,-0.665597,4.19337,5.05691,0.0,2,0,0,0
2001099956,40.8102101168,-77.8706151858,344.238,-0.0,-0.543729,-0.016067,0.151328,-0.75963,4.19131,5.04984,0.0,2,0,0,0
2001303951,40.8102084441,-77.8706151719,344.205,-0.0,-0.563907,-0.0100989,0.0467469,-0.858382,4.19114,5.05456,0.0,2,0,0,0
2001503958,40.810206793,-77.8706149655,344.204,-0.0,-0.577589,0.0135398,-0.06258,-0.957757,4.18722,5.04765,0.0,2,0,0,0
2001708005,40.8102055473,-77.8706152035,344.188,-0.0,-0.581737,0.0151175,-0.181342,-1.06153,4.18346,5.05191,0.0,2,0,0,0
2001911963,40.8102043198,-77.8706152746,344.211,-0.0,-0.600028,0.0286862,-0.276216,-1.16966,4.18411,5.0568,0.0,2,0,0,0
2002111991,40.8102027562,-77.8706149803,344.262,-0.0,-0.61281,0.048081,-0.341876,-1.28114,4.18401,5.04981,0.0,2,0,0,0
2002311977,40.8102010435,-77.8706146756,344.332,-0.0,-0.646364,0.0644407,-0.411431,-1.40394,4.18293,5.05432,0.0,2,0,0,0
2002516192,40.8101993543,-77.8706143278,344.422,-0.0,-0.673349,0.0686938,-0.489793,-1.53904,4.18092,5.05907,0.0,2,0,0,0
2002719947,40.8101979907,-77.8706141062,344.489,-0.0,-0.683723,0.065086,-0.559734,-1.68249,4.18082,5.05205,0.0,2,0,0,0
2002919948,40.810196846,-77.8706139913,344.596,-0.0,-0.685436,0.0478349,-0.622766,-1.83039,4.1795,5.05668,0.0,2,0,0,0
2003123977,40.8101951784,-77.8706134439,344.715,-0.0,-0.692872,0.0483718,-0.571611,-1.96934,4.17953,5.04973,0.0,2,0,0,0
2003324187,40.8101928954,-77.8706129486,344.815,-0.0,-0.721721,0.0333721,-0.454686,-2.0708,4.17936,5.05427,0.0,2,0,0,0
2003528241,40.8101903642,-77.8706128633,344.894,-0.0,-0.748986,0.0131046,-0.338081,-2.13692,4.17917,5.05927,0.0,2,0,0,0
2003728058,40.8101882959,-77.8706131972,344.931,-0.0,-0.759539,-0.0178298,-0.287353,-2.16773,4.17967,5.05206,0.0,2,0,0,0
2003932317,40.8101867376,-77.8706135006,344.975,-0.0,-0.762494,-0.0561801,-0.261544,-2.15784,4.17984,5.05677,0.0,2,0,0,0
2004132260,40.8101855798,-77.8706135037,345.03,-0.0,-0.752276,-0.0801638,-0.233116,-2.11349,4.18028,5.04978,0.0,2,0,0,0
2004335998,40.8101847937,-77.870612794,345.082,-0.0,-0.729358,-0.082618,-0.18084,-2.04434,4.17701,5.05435,0.0,2,0,0,0
2004540061,40.8101843677,-77.8706115606,345.117,-0.0,-0.69761,-0.0625183,-0.0956267,-1.95998,4.1763,5.05916,0.0,2,0,0,0
2004743963,40.8101841366,-77.8706105312,345.07,-0.0,-0.665273,-0.0648419,0.00397695,-1.86878,4.17832,5.05216,0.0,2,0,0,0
2004944005,40.8101839179,-77.8706096381,345.035,-0.0,-0.635664,-0.0431165,0.0917633,-1.7774,4.17981,5.05692,0.0,2,0,0,0
2005144767,40.810183744,-77.8706088002,345.008,-0.0,-0.609063,-0.0306263,0.165334,-1.6887,4.18249,5.04993,0.0,2,0,0,0
2005348756,40.810183481,-77.8706082833,344.979,-0.0,-0.589183,-0.0350196,0.24002,-1.60106,4.18421,5.05456,0.0,2,0,0,0
2005553132,40.8101828758,-77.870608132,344.926,-0.0,-0.58444,-0.0509417,0.319997,-1.51118,4.1882,5.05975,0.0,2,0,0,0
2005752768,40.8101820995,-77.8706085405,344.829,-0.0,-0.588614,-0.0688466,0.386851,-1.41618,4.18857,5.05238,0.0,2,0,0,0
2005956784,40.8101811184,-77.8706092026,344.738,-0.0,-0.59829,-0.0873501,0.382967,-1.31207,4.19262,5.05723,0.0,2,0,0,0
2006160759,40.8101797183,-77.8706096299,344.676,-0.0,-0.612416,-0.0957428,0.257197,-1.20578,4.19836,5.0504,0.0,2,0,0,0
2006360776,40.8101784005,-77.8706102257,344.65,-0.0,-0.637531,-0.106247,0.11827,-1.09654,4.19823,5.05497,0.0,2,0,0,0
2006565089,40.8101773897,-77.8706108335,344.645,-0.0,-0.636843,-0.120505,0.0132839,-0.977509,4.20213,5.05997,0.0,2,0,0,0
2006764762,40.8101768212,-77.8706110032,344.664,-0.0,-0.629222,-0.115485,-0.094321,-0.850531,4.20609,5.05259,0.0,2,0,0,0
2006968753,40.810176681,-77.8706104202,344.692,-0.0,-0.604409,-0.102123,-0.17498,-0.711254,4.20757,5.05752,0.0,2,0,0,0
2007172842,40.8101767119,-77.8706090707,344.716,-0.0,-0.579947,-0.0603057,-0.176495,-0.559122,4.20721,5.05023,0.0,2,0,0,0
2007376808,40.8101768733,-77.8706075554,344.73,-0.0,-0.556504,-0.035297,-0.151332,-0.397688,4.20954,5.05502,0.0,2,0,0,0
2007576801,40.8101765637,-77.8706060028,344.739,-0.0,-0.56747,0.00391543,-0.131699,-0.244827,4.20909,5.05986,0.0,2,0,0,0
2007780824,40.8101757649,-77.8706044756,344.715,-0.0,-0.600809,0.0360265,-0.122662,-0.112635,4.21022,5.05247,0.0,2,0,0,0
2007985063,40.8101747515,-77.8706033134,344.714,-0.0,-0.624824,0.0500005,-0.178535,-0.0117123,4.2138,5.05746,0.0,2,0,0,0
2008184787,40.8101737793,-77.8706031743,344.73,-0.0,-0.65817,0.0284213,-0.30452,0.0485756,4.21193,5.05019,0.0,2,0,0,0
2008385065,40.8101730206,-77.8706039011,344.771,-0.0,-0.704041,-0.014124,-0.438673,0.0751059,4.20901,5.05463,0.0,2,0,0,0
2008588745,40.8101717251,-77.8706044311,344.857,-0.0,-0.759405,-0.0284288,-0.589495,0.0658432,4.21202,5.05958,0.0,2,0,0,0
2008792862,40.8101697573,-77.8706045588,344.965,-0.0,-0.82656,-0.0196205,-0.715106,0.0220519,4.2161,5.05248,0.0,2,0,0,0
2008996814,40.8101679946,-77.8706042068,345.098,-0.0,-0.804161,0.0559641,-0.657054,-0.0413124,4.21688,5.05722,0.0,2,0,0,0
2009196807,40.810166509,-77.8706030994,345.252,-0.0,-0.732617,0.159641,-0.540847,-0.106435,4.21683,5.05006,0.0,2,0,0,0
2009400791,40.8101653506,-77.870601791,345.416,-0.0,-0.635081,0.272998,-0.42353,-0.180436,4.21919,5.05485,0.0,2,0,0,0
2009601111,40.810164379,-77.8706004607,345.554,-0.0,-0.54701,0.349066,-0.343568,-0.264232,4.22013,5.05976,0.0,2,0,0,0
2009804784,40.8101638335,-77.870600323,345.694,-0.0,-0.479842,0.375051,-0.25531,-0.353912,4.21993,5.05234,0.0,2,0,0,0
2010008795,40.8101637308,-77.8706010481,345.823,-0.0,-0.440663,0.357688,-0.172334,-0.450963,4.2212,5.05725,0.0,2,0,0,0
2010208744,40.8101638891,-77.8706022552,345.928,-0.0,-0.408851,0.332139,-0.122818,-0.555712,4.22125,5.05009,0.0,2,0,0,0
2010412860,40.8101641509,-77.8706025275,346.009,-0.0,-0.363428,0.318345,-0.074543,-0.675978,4.2237,5.05472,0.0,2,0,0,0
2010617153,40.8101646678,-77.8706014813,346.08,-0.0,-0.312916,0.30478,-0.0493856,-0.813161,4.22651,5.05985,0.0,2,0,0,0
2010816808,40.8101653562,-77.8705997357,346.083,-0.0,-0.241656,0.241118,-0.0243285,-0.965992,4.22813,5.05251,0.0,2,0,0,0
2011017390,40.8101660075,-77.8705979201,346.103,-0.0,-0.187465,0.117016,-0.00162607,-1.13654,4.22974,5.05729,0.0,2,0,0,0
2011220789,40.8101661931,-77.8705963749,346.119,-0.0,-0.167042,-0.018454,0.0265064,-1.32902,4.23075,5.05013,0.0,2,0,0,0
2011424775,40.8101660593,-77.8705949838,346.125,-0.0,-0.182252,-0.100337,0.0585828,-1.54025,4.23294,5.05494,0.0,2,0,0,0
2011629157,40.8101658243,-77.8705939968,346.144,-0.0,-0.209114,-0.145675,0.0831764,-1.75818,4.23437,5.05989,0.0,2,0,0,0
2011828869,40.8101655614,-77.8705934789,346.065,-0.0,-0.235837,-0.186777,0.0993331,-1.94737,4.23547,5.0525,0.0,2,0,0,0
2012032745,40.8101652274,-77.8705929754,346.032,-0.0,-0.262867,-0.226773,0.0937957,-2.07845,4.23765,5.05748,0.0,2,0,0,0
2012233110,40.8101652582,-77.8705923917,345.976,-0.0,-0.269229,-0.289533,0.0325703,-2.14106,4.23887,5.05032,0.0,2,0,0,0
2012437089,40.8101658329,-77.8705920295,345.924,-0.0,-0.242442,-0.336049,-0.0720463,-2.1475,4.23917,5.05494,0.0,2,0,0,0
2012640755,40.8101660452,-77.8705915639,345.946,-0.0,-0.190484,-0.38165,-0.151809,-2.10323,4.24113,5.0601,0.0,2,0,0,0
2012841134,40.8101658518,-77.8705913428,345.989,-0.0,-0.103253,-0.384473,-0.159245,-2.02341,4.24247,5.05269,0.0,2,0,0,0
2013044787,40.8101652374,-77.8705910206,346.049,-0.0,-0.0460162,-0.343405,-0.11848,-1.91747,4.24411,5.05752,0.0,2,0,0,0
2013248785,40.8101642084,-77.8705904247,346.072,-0.0,-0.0298943,-0.288605,-0.0314656,-1.79312,4.24722,5.05055,0.0,2,0,0,0
2013449126,40.8101628275,-77.8705901596,346.063,-0.0,-0.0558221,-0.212433,0.0655539,-1.65844,4.24946,5.05526,0.0,2,0,0,0
2013648774,40.810161393,-77.8705898564,346.069,-0.0,-0.095189,-0.10583,0.146829,-1.51728,4.25084,5.06027,0.0,2,0,0,0
2013849121,40.8101597474,-77.8705892165,345.952,-0.0,-0.159621,-0.00502678,0.216032,-1.3708,4.25276,5.05285,0.0,2,0,0,0
2014052777,40.8101577492,-77.8705876689,345.89,-0.0,-0.227325,0.0865727,0.154002,-1.218,4.25421,5.05771,0.0,2,0,0,0
2014256854,40.8101553175,-77.8705856283,345.841,-0.0,-0.294686,0.15856,0.0372361,-1.06661,4.25891,5.05068,0.0,2,0,0,0
2014460801,40.8101529084,-77.8705837162,345.79,-0.0,-0.34582,0.216726,-0.0527685,-0.912007,4.26349,5.05548,0.0,2,0,0,0
2014660756,40.8101506316,-77.8705819788,345.793,-0.0,-0.387417,0.287127,-0.0653381,-0.755846,4.26803,5.06061,0.0,2,0,0,0
2014864813,40.8101482192,-77.8705803274,345.707,-0.0,-0.425324,0.363619,0.00413698,-0.588474,4.24819,5.05321,0.0,2,0,0,0
2015064747,40.8101460008,-77.870578702,345.663,-0.0,-0.45457,0.424576,0.0632438,-0.416597,4.25222,5.05816,0.0,2,0,0,0
2015268758,40.8101441158,-77.8705772017,345.588,-0.0,-0.494723,0.474925,0.125083,-0.23178,4.25586,5.05089,0.0,2,0,0,0
2015468807,40.810142397,-77.8705756995,345.489,-0.0,-0.530087,0.525942,0.179483,-0.0480776,4.26001,5.05568,0.0,2,0,0,0
2015673110,40.810140455,-77.8705740354,345.454,-0.0,-0.58177,0.582284,0.0583013,0.110971,4.26594,5.06104,0.0,2,0,0,0
2015876819,40.8101380142,-77.8705722289,345.352,-0.0,-0.659666,0.651459,-0.141558,0.212774,4.27133,5.05348,0.0,2,0,0,0
2016080804,40.8101352228,-77.8705705548,345.358,-0.0,-0.704324,0.695156,-0.388931,0.259237,4.27728,5.05869,0.0,2,0,0,0
2016280764,40.8101326314,-77.8705688083,345.349,-0.0,-0.609718,0.736635,-0.542321,0.260423,4.28061,5.05129,0.0,2,0,0,0
2016481569,40.8101299355,-77.8705672276,345.336,-0.0,-0.417165,0.754682,-0.650684,0.228204,4.28179,5.05607,0.0,2,0,0,0
2016685638,40.810127683,-77.8705657515,345.443,-0.0,-0.225445,0.728811,-0.74532,0.160194,4.28323,5.06116,0.0,2,0,0,0
2016890069,40.8101257139,-77.8705643634,345.471,-0.0,-0.0976959,0.662005,-0.79027,0.0649767,4.28558,5.05368,0.0,2,0,0,0
2017089590,40.8101242448,-77.870563118,345.585,-0.0,-0.0548627,0.5953,-0.783882,-0.0451537,4.28646,5.0586,0.0,2,0,0,0
2017293584,40.8101231395,-77.8705621985,345.707,-0.0,-0.109951,0.527272,-0.737297,-0.170785,4.28787,5.05115,0.0,2,0,0,0
2017497577,40.8101219487,-77.8705613861,345.814,-0.0,-0.186375,0.474395,-0.692182,-0.308964,4.29097,5.05612,0.0,2,0,0,0
2017701607,40.8101204771,-77.8705606394,345.964,-0.0,-0.282538,0.432579,-0.652705,-0.462121,4.29284,5.06122,0.0,2,0,0,0
2017901570,40.8101188172,-77.8705599304,346.001,-0.0,-0.361178,0.405417,-0.597495,-0.628735,4.293,5.05347,0.0,2,0,0,0
2018105559,40.8101172271,-77.8705589203,346.089,-0.0,-0.440737,0.388268,-0.559962,-0.811502,4.29396,5.05855,0.0,2,0,0,0
2018309643,40.8101157692,-77.8705577678,346.161,-0.0,-0.497099,0.375983,-0.522817,-1.00113,4.29388,5.05111,0.0,2,0,0,0
2018513577,40.8101142086,-77.8705568071,346.212,-0.0,-0.548273,0.359789,-0.471935,-1.1895,4.29562,5.05604,0.0,2,0,0,0
2018713575,40.8101126212,-77.8705560356,346.301,-0.0,-0.59493,0.337609,-0.377216,-1.3526,4.29511,5.06106,0.0,2,0,0,0
2018917561,40.8101112451,-77.8705552843,346.324,-0.0,-0.620373,0.292426,-0.307876,-1.478,4.29432,5.05332,0.0,2,0,0,0
2019121568,40.810109969,-77.8705540866,346.38,-0.0,-0.667511,0.264219,-0.304028,-1.55454,4.29423,5.05834,0.0,2,0,0,0
2019325566,40.8101089543,-77.8705521657,346.4,-0.0,-0.719986,0.244065,-0.379159,-1.57573,4.29344,5.05093,0.0,2,0,0,0
2019525584,40.8101090052,-77.8705503011,346.39,-0.0,-0.74694,0.245553,-0.476732,-1.53115,4.29607,5.05569,0.0,2,0,0,0
2019729809,40.8101098888,-77.8705493396,346.443,-0.0,-0.744609,0.193977,-0.523471,-1.43236,4.29758,5.06093,0.0,2,0,0,0
2019929660,40.8101111672,-77.8705494598,346.428,-0.0,-0.70355,0.150606,-0.445225,-1.29835,4.29602,5.05327,0.0,2,0,0,0
2020133828,40.8101126848,-77.8705501537,346.453,-0.0,-0.637996,0.124126,-0.260969,-1.13272,4.29447,5.05808,0.0,2,0,0,0
2020333796,40.8101144096,-77.8705513455,346.416,-0.0,-0.557235,0.111296,-0.0135361,-0.948726,4.29355,5.05071,0.0,2,0,0,0
2020537658,40.8101164327,-77.8705530114,346.301,-0.0,-0.483317,0.115346,0.249107,-0.747157,4.29414,5.05558,0.0,2,0,0,0
2020741568,40.8101186011,-77.8705547109,346.206,-0.0,-0.42671,0.133259,0.489784,-0.539449,4.29276,5.06055,0.0,2,0,0,0
2020945658,40.8101206621,-77.8705562503,346.024,-0.0,-0.378736,0.154472,0.738171,-0.330274,4.29226,5.05315,0.0,2,0,0,0
2021149552,40.8101223081,-77.8705573744,345.854,-0.0,-0.337006,0.198395,0.769577,-0.156373,4.29041,5.05795,0.0,2,0,0,0
2021349621,40.8101237251,-77.8705582673,345.714,-0.0,-0.218161,0.271691,0.501663,-0.0446418,4.28784,5.0506,0.0,2,0,0,0
2021553600,40.8101249997,-77.8705589821,345.625,-0.0,-0.0293354,0.310958,0.167979,0.0271431,4.28708,5.05543,0.0,2,0,0,0
2021753557,40.810125857,-77.8705599508,345.627,-0.0,0.128178,0.342872,-0.100093,0.058471,4.28478,5.06036,0.0,2,0,0,0
2021957570,40.8101262921,-77.870560833,345.567,-0.0,0.220364,0.35632,-0.356811,0.045882,4.2855,5.05283,0.0,2,0,0,0
2022157558,40.8101264152,-77.8705615544,345.601,-0.0,0.182115,0.356344,-0.603743,-0.0129384,4.28527,5.05765,0.0,2,0,0,0
2022361580,40.8101266229,-77.8705623019,345.669,-0.0,0.119673,0.330653,-0.696562,-0.109439,4.28433,5.05051,0.0,2,0,0,0
2022561593,40.8101273475,-77.8705628091,345.715,-0.0,0.0416882,0.311896,-0.635119,-0.224868,4.28108,5.05508,0.0,2,0,0,0
2022765595,40.8101285878,-77.8705627642,345.79,-0.0,0.0251959,0.302881,-0.581007,-0.353549,4.27752,5.05992,0.0,2,0,0,0
2022965575,40.8101296591,-77.8705626529,345.836,-0.0,0.0125712,0.291471,-0.633791,-0.492064,4.27628,5.05244,0.0,2,0,0,0
2023169646,40.8101304902,-77.8705629086,345.944,-0.0,0.0294957,0.261639,-0.634193,-0.640507,4.27615,5.0574,0.0,2,0,0,0
2023373631,40.8101312197,-77.8705638471,346.039,-0.0,0.0402002,0.208139,-0.547823,-0.791188,4.27526,5.05015,0.0,2,0,0,0
2023577625,40.8101320037,-77.8705653278,346.078,-0.0,0.0595446,0.136581,-0.419959,-0.941128,4.27587,5.05498,0.0,2,0,0,0
2023777663,40.8101326821,-77.8705665962,346.155,-0.0,0.0549723,0.0639037,-0.307696,-1.08562,4.27455,5.0599,0.0,2,0,0,0
2023977584,40.8101330703,-77.8705677892,346.128,-0.0,0.050156,0.014666,-0.19566,-1.22468,4.27345,5.05244,0.0,2,0,0,0
2024181586,40.8101330513,-77.8705689076,346.129,-0.0,0.0238046,-0.0310905,-0.127274,-1.33487,4.2726,5.05722,0.0,2,0,0,0
2024385602,40.8101327962,-77.8705700291,346.098,-0.0,-0.00763506,-0.067672,-0.0658064,-1.40135,4.27281,5.05022,0.0,2,0,0,0
2024589827,40.8101322973,-77.8705711457,346.029,-0.0,-0.0262949,-0.0830853,-0.0147009,-1.41661,4.27199,5.05485,0.0,2,0,0,0
2024789665,40.8101317163,-77.8705722072,345.991,-0.0,-0.0427911,-0.107762,0.0436087,-1.36968,4.26971,5.05975,0.0,2,0,0,0
2024993557,40.8101312755,-77.8705732955,345.847,-0.0,-0.0419777,-0.113278,0.108865,-1.26273,4.2691,5.05245,0.0,2,0,0,0
2025197545,40.8101313034,-77.8705745883,345.728,-0.0,-0.044401,-0.103433,0.176681,-1.10597,4.2679,5.05723,0.0,2,0,0,0
2025401556,40.8101318011,-77.8705760505,345.614,-0.0,-0.0298732,-0.104233,0.323586,-0.913796,4.26805,5.0502,0.0,2,0,0,0
2025601563,40.8101325685,-77.870577553,345.474,-0.0,-0.0120974,-0.0833261,0.541866,-0.706281,4.26656,5.05482,0.0,2,0,0,0
2025805558,40.8101333655,-77.8705790584,345.316,-0.0,-0.00967447,-0.0505058,0.789664,-0.489588,4.26605,5.05978,0.0,2,0,0,0
2026009547,40.8101346265,-77.8705805394,345.11,-0.0,0.0455045,-0.00920752,0.947396,-0.280396,4.26697,5.05256,0.0,2,0,0,0
2026213659,40.8101365525,-77.8705821712,344.905,-0.0,0.169145,0.0415913,0.948852,-0.0861191,4.26606,5.05737,0.0,2,0,0,0
2026413601,40.8101389992,-77.8705842758,344.723,-0.0,0.322123,0.0794504,0.772939,0.0824279,4.26427,5.0501,0.0,2,0,0,0
2026617589,40.8101410981,-77.8705865978,344.569,-0.0,0.457947,0.0910546,0.404431,0.220279,4.26337,5.05491,0.0,2,0,0,0
2026821594,40.8101427492,-77.8705886469,344.517,-0.0,0.54076,0.116391,-0.00789138,0.318799,4.26249,5.05986,0.0,2,0,0,0
2027025820,40.8101441698,-77.8705903972,344.574,-0.0,0.565625,0.0928442,-0.263821,0.371655,4.26337,5.05263,0.0,2,0,0,0
2027225556,40.8101452914,-77.870591754,344.647,-0.0,0.580049,0.0942169,-0.304097,0.388457,4.26109,5.05739,0.0,2,0,0,0
2027429555,40.8101463817,-77.8705930657,344.75,-0.0,0.602971,0.0827056,-0.451023,0.367792,4.26071,5.05019,0.0,2,0,0,0
2027634621,40.8101471834,-77.8705946673,344.919,-0.0,0.595804,0.0540134,-0.67675,0.304236,4.25978,5.055,0.0,2,0,0,0
2027834450,40.8101482497,-77.870597776,345.096,-0.0,0.607918,-0.0183974,-0.856858,0.204216,4.25049,5.0596,0.0,2,0,0,0
2028038387,40.810149222,-77.8705999211,345.244,-0.0,0.619823,-0.073768,-0.931456,0.0771013,4.24617,5.05225,0.0,2,0,0,0
2028242352,40.8101499061,-77.8706009569,345.396,-0.0,0.639241,-0.117104,-0.886581,-0.0611262,4.24287,5.05693,0.0,2,0,0,0
2028446392,40.8101504211,-77.870601808,345.502,-0.0,0.603005,-0.153336,-0.722502,-0.197993,4.24015,5.04988,0.0,2,0,0,0
2028646422,40.810151193,-77.8706029563,345.542,-0.0,0.559461,-0.198815,-0.534787,-0.326941,4.23753,5.05443,0.0,2,0,0,0
2028850383,40.8101521428,-77.8706044144,345.577,-0.0,0.517117,-0.244296,-0.35801,-0.456918,4.23608,5.05932,0.0,2,0,0,0
2029054415,40.8101527834,-77.8706052888,345.524,-0.0,0.47377,-0.266242,-0.209826,-0.593889,4.23112,5.05204,0.0,2,0,0,0
2029258598,40.8101536831,-77.8706063604,345.49,-0.0,0.440003,-0.283966,-0.0922383,-0.734603,4.22887,5.05673,0.0,2,0,0,0
2029458530,40.8101546289,-77.8706076041,345.45,-0.0,0.401071,-0.31157,0.0173199,-0.87517,4.19741,5.04928,0.0,2,0,0,0
2029662349,40.8101558302,-77.8706085849,345.387,-0.0,0.371735,-0.332175,0.112796,-1.01863,4.19593,5.05396,0.0,2,0,0,0
2029866373,40.8101570695,-77.8706102524,345.327,-0.0,0.309219,-0.353229,0.199568,-1.15231,4.22117,5.05909,0.0,2,0,0,0
2030070349,40.8101581445,-77.8706116933,345.194,-0.0,0.226804,-0.380417,0.226431,-1.2427,4.19103,5.05165,0.0,2,0,0,0
2030270394,40.8101589482,-77.8706121105,345.112,-0.0,0.122608,-0.421017,0.183662,-1.27519,4.1874,5.05622,0.0,2,0,0,0
2030470410,40.810159745,-77.8706113785,345.077,-0.0,0.0272073,-0.421984,0.0791935,-1.25299,4.18354,5.04916,0.0,2,0,0,0
2030674650,40.8101605697,-77.8706097221,345.07,-0.0,-0.0347821,-0.384442,-0.00835862,-1.1847,4.17909,5.05352,0.0,2,0,0,0
2030878394,40.8101611771,-77.8706070713,345.07,-0.0,-0.0579725,-0.286724,-0.0371402,-1.07923,4.17668,5.0584,0.0,2,0,0,0
2031082635,40.810161416,-77.8706051291,345.08,-0.0,-0.054572,-0.222005,-0.0195411,-0.946981,4.17474,5.0512,0.0,2,0,0,0
2031282362,40.8101615675,-77.8706043827,345.068,-0.0,-0.0405534,-0.148218,0.0690116,-0.801156,4.1733,5.05582,0.0,2,0,0,0
2031486379,40.8101620548,-77.8706044888,345.04,-0.0,-0.0169456,-0.105679,0.171904,-0.647793,4.1732,5.04909,0.0,2,0,0,0
2031690362,40.8101629547,-77.870605481,344.999,-0.0,-0.00195101,-0.0831948,0.293372,-0.49455,4.17218,5.0536,0.0,2,0,0,0
2031890599,40.8101641117,-77.8706070653,344.921,-0.0,0.00960629,-0.0817248,0.416632,-0.350141,4.171,5.0584,0.0,2,0,0,0
2032090415,40.8101655755,-77.8706086355,344.876,-0.0,0.0379225,-0.0739431,0.461768,-0.235985,4.16939,5.05125,0.0,2,0,0,0
2032294382,40.8101674846,-77.870609873,344.817,-0.0,0.0554851,-0.0641302,0.434842,-0.167737,4.16881,5.05608,0.0,2,0,0,0
2032498429,40.8101690441,-77.8706106046,344.747,-0.0,0.0595138,-0.0576047,0.33097,-0.152515,4.16691,5.04907,0.0,2,0,0,0
2032702396,40.8101703886,-77.8706113553,344.684,-0.0,0.0417076,-0.0355969,0.188162,-0.187609,4.16576,5.05373,0.0,2,0,0,0
2032902622,40.8101714207,-77.8706118036,344.668,-0.0,0.1119,0.0165844,0.0314317,-0.270928,4.16199,5.05839,0.0,2,0,0,0
2033102446,40.8101723876,-77.8706115961,344.71,-0.0,0.243123,0.0909025,-0.0447755,-0.389738,4.15879,5.05112,0.0,2,0,0,0
2033306371,40.8101735031,-77.8706110039,344.742,-0.0,0.371011,0.144023,0.0224996,-0.531568,4.15536,5.05562,0.0,2,0,0,0
2033510551,40.8101746417,-77.8706106333,344.755,-0.0,0.474752,0.151836,0.134192,-0.693625,4.15568,5.04895,0.0,2,0,0,0
2033710389,40.810175738,-77.8706110588,344.746,-0.0,0.554575,0.128028,0.263595,-0.863001,4.15423,5.0534,0.0,2,0,0,0
2033910390,40.8101770379,-77.8706116613,344.698,-0.0,0.627043,0.104181,0.362793,-1.03914,4.15368,5.05819,0.0,2,0,0,0
2034110358,40.810178206,-77.870612257,344.622,-0.0,0.6645,0.0750347,0.391097,-1.21902,4.15316,5.05108,0.0,2,0,0,0
2034314411,40.810179561,-77.8706126391,344.542,-0.0,0.657744,0.0614166,0.386078,-1.37707,4.15293,5.05574,0.0,2,0,0,0
2034518409,40.8101809388,-77.8706130185,344.449,-0.0,0.62954,0.0559674,0.377457,-1.47007,4.15335,5.04903,0.0,2,0,0,0
2034718406,40.810182148,-77.8706133927,344.359,-0.0,0.598508,0.0437182,0.247698,-1.48604,4.15225,5.05352,0.0,2,0,0,0
2034919208,40.8101834165,-77.8706134106,344.319,-0.0,0.638559,0.0258799,0.0572752,-1.43644,4.15022,5.05824,0.0,2,0,0,0
2035123159,40.8101848575,-77.8706130796,344.298,-0.0,0.704885,0.0329079,-0.0833316,-1.3301,4.14898,5.05111,0.0,2,0,0,0
2035327157,40.8101862248,-77.8706127018,344.308,-0.0,0.750387,0.0731763,-0.113106,-1.17503,4.14923,5.05595,0.0,2,0,0,0
2035527171,40.8101874706,-77.8706124218,344.327,-0.0,0.74351,0.117931,-0.0359592,-0.99207,4.14815,5.04898,0.0,2,0,0,0
2035727238,40.8101887261,-77.8706120654,344.335,-0.0,0.720609,0.162828,0.141044,-0.789169,4.14745,5.05348,0.0,2,0,0,0
2035931203,40.8101899916,-77.8706116083,344.304,-0.0,0.731699,0.240583,0.364265,-0.577856,4.1467,5.05827,0.0,2,0,0,0
2036135534,40.8101911639,-77.8706108346,344.248,-0.0,0.744035,0.347613,0.401948,-0.416303,4.14613,5.05126,0.0,2,0,0,0
2036339360,40.8101921103,-77.8706094986,344.222,-0.0,0.741765,0.500271,0.0969739,-0.343187,4.1451,5.05588,0.0,2,0,0,0
2036539479,40.8101926921,-77.8706076522,344.277,-0.0,0.735951,0.631621,-0.323803,-0.350775,4.14299,5.04888,0.0,2,0,0,0
2036743175,40.8101931658,-77.8706053425,344.425,-0.0,0.710347,0.780019,-0.739688,-0.428881,4.14317,5.05354,0.0,2,0,0,0
2036943262,40.810193761,-77.8706027406,344.618,-0.0,0.723574,0.899408,-0.933918,-0.558128,4.14248,5.05831,0.0,2,0,0,0
2037147159,40.8101946564,-77.8705998674,344.85,-0.0,0.731238,0.961589,-0.878947,-0.721282,4.14199,5.05112,0.0,2,0,0,0
2037347450,40.8101958106,-77.8705972163,345.028,-0.0,0.745406,0.974616,-0.583282,-0.894012,4.14224,5.05577,0.0,2,0,0,0
2037547155,40.810197214,-77.8705953247,345.125,-0.0,0.741372,0.969109,-0.21681,-1.0608,4.14248,5.04885,0.0,2,0,0,0
2037751437,40.8101988122,-77.8705937904,345.133,-0.0,0.734747,0.930387,0.198146,-1.16715,4.14375,5.05355,0.0,2,0,0,0
2037951262,40.8102003296,-77.8705923797,345.077,-0.0,0.733809,0.884838,0.529664,-1.18848,4.14391,5.05837,0.0,2,0,0,0
2038155159,40.810201715,-77.8705910333,345.001,-0.0,0.730542,0.837731,0.618614,-1.13912,4.14466,5.05123,0.0,2,0,0,0
2038355256,40.8102029473,-77.8705897844,344.927,-0.0,0.754737,0.795952,0.602425,-1.03039,4.14558,5.05594,0.0,2,0,0,0
2038555156,40.8102040726,-77.8705885,344.852,-0.0,0.770856,0.804072,0.633201,-0.875381,4.14635,5.04898,0.0,2,0,0,0
2038759178,40.8102050111,-77.8705870744,344.745,-0.0,0.769358,0.822678,0.770588,-0.686636,4.1489,5.05376,0.0,2,0,0,0
2038959159,40.8102057153,-77.8705857953,344.609,-0.0,0.75324,0.832761,0.978449,-0.491875,4.15052,5.05867,0.0,2,0,0,0
2039163170,40.8102063018,-77.870584751,344.453,-0.0,0.733877,0.81802,1.07295,-0.336698,4.15168,5.05145,0.0,2,0,0,0
2039363466,40.8102067183,-77.8705836766,344.303,-0.0,0.702352,0.802052,0.952482,-0.25922,4.1524,5.05617,0.0,2,0,0,0
2039563169,40.8102070546,-77.8705823177,344.202,-0.0,0.621267,0.797753,0.496634,-0.263406,4.15314,5.04919,0.0,2,0,0,0
2039767159,40.8102071391,-77.8705803505,344.202,-0.0,0.489507,0.819165,-0.0579953,-0.344702,4.15471,5.05395,0.0,2,0,0,0
2039971497,40.810207056,-77.870577908,344.283,-0.0,0.34747,0.84155,-0.385749,-0.485759,4.15464,5.05879,0.0,2,0,0,0
2040175168,40.8102069404,-77.8705751627,344.396,-0.0,0.233237,0.828267,-0.451321,-0.661546,4.15567,5.05169,0.0,2,0,0,0
2040375191,40.8102070514,-77.8705727587,344.49,-0.0,0.136121,0.709806,-0.279224,-0.827202,4.15616,5.05641,0.0,2,0,0,0
2040579172,40.8102073234,-77.8705708618,344.541,-0.0,0.0767118,0.590764,-0.0970179,-0.968186,4.15627,5.04934,0.0,2,0,0,0
2040783179,40.8102076685,-77.8705692435,344.567,-0.0,0.0758303,0.494746,-0.107793,-1.03005,4.158,5.05411,0.0,2,0,0,0
2040987172,40.8102080054,-77.8705678444,344.63,-0.0,0.125457,0.502829,-0.283815,-1.00303,4.15941,5.05902,0.0,2,0,0,0
2041187361,40.8102083449,-77.870566608,344.732,-0.0,0.188223,0.501178,-0.683196,-0.906903,4.16112,5.05176,0.0,2,0,0,0
2041391565,40.8102085987,-77.8705649729,344.936,-0.0,0.302957,0.549871,-1.14573,-0.740101,4.16415,5.05674,0.0,2,0,0,0
2041595190,40.8102088943,-77.8705630099,345.208,-0.0,0.396971,0.588539,-1.30535,-0.529071,4.16546,5.04961,0.0,2,0,0,0
2041799260,40.81020947,-77.8705611488,345.429,-0.0,0.448445,0.63548,-0.951582,-0.359306,4.16759,5.0544,0.0,2,0,0,0
2041999162,40.8102107629,-77.8705599728,345.588,-0.0,0.520772,0.642913,-0.652367,-0.259461,4.1688,5.0593,0.0,2,0,0,0
2042203172,40.8102122783,-77.8705590404,345.701,-0.0,0.58589,0.630752,-0.545213,-0.243351,4.17019,5.05194,0.0,2,0,0,0
2042407172,40.8102134703,-77.8705578621,345.828,-0.0,0.60188,0.606428,-0.638107,-0.30784,4.17226,5.05688,0.0,2,0,0,0
2042607167,40.8102143031,-77.8705564606,345.978,-0.0,0.568547,0.600848,-0.833899,-0.43902,4.17314,5.04972,0.0,2,0,0,0
2042807257,40.81021499,-77.8705551399,346.142,-0.0,0.519068,0.606254,-0.932048,-0.624499,4.17365,5.05429,0.0,2,0,0,0
2043011472,40.8102155566,-77.8705536512,346.309,-0.0,0.446248,0.635261,-0.587101,-0.834001,4.17466,5.05917,0.0,2,0,0,0
2043215186,40.8102162991,-77.870552494,346.3,-0.0,0.426973,0.636919,0.194372,-0.999917,4.17685,5.05195,0.0,2,0,0,0
2043415166,40.8102173509,-77.8705518774,346.154,-0.0,0.426161,0.618122,0.900141,-1.08127,4.17792,5.05668,0.0,2,0,0,0
2043619177,40.8102184101,-77.8705513789,345.94,-0.0,0.443674,0.577697,0.971634,-1.08006,4.17772,5.04951,0.0,2,0,0,0
2043819958,40.8102190168,-77.8705502253,345.723,-0.0,0.438397,0.627775,0.686928,-1.00913,4.17858,5.05407,0.0,2,0,0,0
2044023960,40.810219676,-77.8705487615,345.634,-0.0,0.436619,0.695173,0.269026,-0.872349,4.18081,5.05917,0.0,2,0,0,0
2044223998,40.8102205418,-77.8705471112,345.579,-0.0,0.470093,0.825453,-0.0403212,-0.683923,4.18274,5.05184,0.0,2,0,0,0
2044427993,40.8102215496,-77.8705451643,345.597,-0.0,0.508318,0.936391,-0.169974,-0.444184,4.18502,5.0566,0.0,2,0,0,0
2044628325,40.8102229316,-77.8705434797,345.577,-0.0,0.530633,0.962729,0.221942,-0.245345,4.18812,5.04949,0.0,2,0,0,0
2044832066,40.8102249717,-77.8705424874,345.417,-0.0,0.571729,0.959115,0.56606,-0.131503,4.19093,5.05427,0.0,2,0,0,0
2045032222,40.8102265807,-77.8705419341,345.281,-0.0,0.564478,0.931499,0.415119,-0.115513,4.19166,5.05915,0.0,2,0,0,0
2045235949,40.8102266503,-77.870541392,345.204,-0.0,0.463062,0.906652,-0.220452,-0.183503,4.19273,5.05178,0.0,2,0,0,0
2045436014,40.810225354,-77.8705406625,345.286,-0.0,0.318108,0.875723,-0.770687,-0.311048,4.19344,5.05649,0.0,2,0,0,0
2045639977,40.8102238563,-77.8705398889,345.414,-0.0,0.170551,0.863069,-0.804226,-0.478397,4.19452,5.04954,0.0,2,0,0,0
2045843987,40.810223315,-77.8705398465,345.469,-0.0,0.112449,0.81541,-0.547469,-0.681692,4.19312,5.05403,0.0,2,0,0,0
2046047989,40.8102229942,-77.8705402727,345.488,-0.0,0.0630981,0.777663,0.0279813,-0.85437,4.19302,5.05902,0.0,2,0,0,0
2046247953,40.8102227006,-77.870540653,345.397,-0.0,0.0459272,0.730905,0.533933,-0.926068,4.19386,5.05165,0.0,2,0,0,0
2046452286,40.810222171,-77.8705408752,345.284,-0.0,0.0213243,0.696997,0.505109,-0.91434,4.19537,5.05639,0.0,2,0,0,0
2046655947,40.8102211805,-77.8705405602,345.222,-0.0,0.00430796,0.701139,0.0932029,-0.823742,4.1757,5.04935,0.0,2,0,0,0
2046855954,40.8102199437,-77.8705397483,345.239,-0.0,0.0341368,0.745988,-0.482508,-0.658806,4.17868,5.05399,0.0,2,0,0,0
2047056003,40.810218531,-77.8705383027,345.33,-0.0,0.0361821,0.833773,-0.30779,-0.467677,4.18111,5.05891,0.0,2,0,0,0
2047255957,40.8102177064,-77.8705373924,345.3,-0.0,0.0388758,0.854836,0.322284,-0.322167,4.20794,5.05181,0.0,2,0,0,0
2047459952,40.8102170082,-77.8705371363,345.168,-0.0,0.0510529,0.84745,0.737916,-0.266418,4.18828,5.05648,0.0,2,0,0,0
2047663964,40.8102160714,-77.8705369826,345.006,-0.0,0.0126735,0.811744,0.744145,-0.29092,4.19138,5.04955,0.0,2,0,0,0
2047867956,40.8102150024,-77.8705364762,344.863,-0.0,-0.0387727,0.784109,0.402563,-0.383555,4.19385,5.05419,0.0,2,0,0,0
2048067947,40.8102137634,-77.8705358589,344.806,-0.0,-0.118889,0.7851,0.286327,-0.508116,4.19295,5.05901,0.0,2,0,0,0
2048271949,40.8102130025,-77.8705352314,344.722,-0.0,-0.163684,0.788233,0.728013,-0.627963,4.19285,5.05174,0.0,2,0,0,0
2048475958,40.8102131006,-77.870536387,344.566,-0.0,-0.152938,0.717099,0.93861,-0.728468,4.18913,5.05628,0.0,2,0,0,0
2048679947,40.8102133613,-77.8705389791,344.433,-0.0,-0.147464,0.616239,0.545633,-0.806219,4.18943,5.04933,0.0,2,0,0,0
2048879975,40.8102137165,-77.870540373,344.372,-0.0,-0.147523,0.563226,0.0337475,-0.86315,4.19017,5.05388,0.0,2,0,0,0
2049084321,40.8102141547,-77.8705403125,344.424,-0.0,-0.126098,0.554121,-0.467985,-0.905266,4.19202,5.05878,0.0,2,0,0,0
2049287976,40.8102150613,-77.8705393393,344.469,-0.0,-0.0989957,0.566515,-0.701624,-0.927507,4.19575,5.05169,0.0,2,0,0,0
2049487953,40.8102158703,-77.8705386509,344.541,-0.0,-0.0709921,0.570695,-0.702153,-0.933589,4.19733,5.05644,0.0,2,0,0,0
2049687955,40.8102166443,-77.870538133,344.621,-0.0,-0.0893655,0.595063,-0.650782,-0.927713,4.19871,5.04933,0.0,2,0,0,0
2049892053,40.8102173522,-77.8705373496,344.662,-0.0,-0.157214,0.66265,-0.705602,-0.916162,4.19887,5.05387,0.0,2,0,0,0
2050095973,40.8102178447,-77.8705364158,344.753,-0.0,-0.237346,0.763305,-0.650566,-0.901212,4.19924,5.05889,0.0,2,0,0,0
2050299958,40.8102177368,-77.8705358218,344.784,-0.0,-0.355185,0.824728,-0.5513,-0.88686,4.20059,5.05158,0.0,2,0,0,0
2050499989,40.8102175877,-77.870534898,344.825,-0.0,-0.461767,0.905213,-0.545739,-0.871015,4.20018,5.05625,0.0,2,0,0,0
2050704013,40.8102181917,-77.8705328632,344.875,-0.0,-0.521633,0.984075,-0.515194,-0.856227,4.20224,5.04935,0.0,2,0,0,0
2050907987,40.8102188466,-77.8705313407,344.911,-0.0,-0.543962,0.986007,-0.519928,-0.840376,4.20425,5.05396,0.0,2,0,0,0
2051112058,40.8102199052,-77.8705297336,344.985,-0.0,-0.513577,0.999277,-0.538574,-0.824536,4.20681,5.0591,0.0,2,0,0,0
2051311945,40.8102211194,-77.8705283862,345.064,-0.0,-0.461967,0.985625,-0.571415,-0.810877,4.20804,5.05175,0.0,2,0,0,0
2051515972,40.8102224065,-77.87052726,345.153,-0.0,-0.387761,0.982022,-0.459353,-0.800315,4.20545,5.05638,0.0,2,0,0,0
2051719945,40.8102236896,-77.8705266687,345.204,-0.0,-0.320158,0.95357,-0.346237,-0.793879,4.20761,5.04949,0.0,2,0,0,0
2051923963,40.8102249286,-77.8705260921,345.179,-0.0,-0.272317,0.930053,-0.308759,-0.791509,4.2082,5.0541,0.0,2,0,0,0
2052123977,40.8102261635,-77.8705256522,345.195,-0.0,-0.244725,0.899293,-0.223216,-0.793457,4.21035,5.05908,0.0,2,0,0,0
2052328558,40.8102275408,-77.8705255516,345.166,-0.0,-0.208738,0.847872,-0.108631,-0.795626,4.21184,5.05186,0.0,2,0,0,0
2052532750,40.8102288307,-77.8705256295,345.141,-0.0,-0.178845,0.801812,-0.0283858,-0.797937,4.2099,5.05656,0.0,2,0,0,0
2052733059,40.8102298953,-77.8705259763,345.129,-0.0,-0.172185,0.753615,0.0487616,-0.80202,4.20769,5.04932,0.0,2,0,0,0
2052932866,40.8102305695,-77.870526343,345.079,-0.0,-0.165948,0.70556,0.13073,-0.80743,4.20586,5.05384,0.0,2,0,0,0
2053136799,40.8102308846,-77.8705267647,345.05,-0.0,-0.166679,0.653616,0.199527,-0.812187,4.20522,5.05885,0.0,2,0,0,0
2053340753,40.8102309487,-77.8705270424,344.973,-0.0,-0.181117,0.620482,0.255109,-0.815721,4.20318,5.05143,0.0,2,0,0,0
2053544757,40.8102309653,-77.8705274181,344.909,-0.0,-0.195746,0.598215,0.150178,-0.819264,4.20194,5.05625,0.0,2,0,0,0
2053744809,40.8102307185,-77.8705278476,344.901,-0.0,-0.228479,0.59099,0.00152863,-0.822538,4.20165,5.04911,0.0,2,0,0,0
2053948749,40.8102300207,-77.8705281946,344.891,-0.0,-0.26422,0.584729,0.0161188,-0.825501,4.20123,5.05364,0.0,2,0,0,0
2054152749,40.8102293302,-77.8705280913,344.881,-0.0,-0.276888,0.583328,0.13134,-0.827182,4.19468,5.05838,0.0,2,0,0,0
2054357074,40.8102291338,-77.8705272421,344.88,-0.0,-0.287651,0.572287,0.109946,-0.82727,4.19055,5.05098,0.0,2,0,0,0
2054556845,40.8102294069,-77.8705261373,344.896,-0.0,-0.286553,0.557861,0.00832837,-0.82522,4.18914,5.05557,0.0,2,0,0,0
2054760787,40.8102300757,-77.8705251949,344.924,-0.0,-0.278528,0.520436,-0.20443,-0.822957,4.19106,5.04883,0.0,2,0,0,0
2054964798,40.8102307515,-77.8705247595,344.971,-0.0,-0.272067,0.467401,-0.543513,-0.821996,4.19119,5.05333,0.0,2,0,0,0
2055168787,40.8102314459,-77.8705248061,345.104,-0.0,-0.268587,0.452419,-0.868895,-0.824687,4.19141,5.05831,0.0,2,0,0,0
2055369105,40.8102318385,-77.8705254226,345.274,-0.0,-0.28488,0.439247,-1.10893,-0.830176,4.19155,5.05104,0.0,2,0,0,0
2055568760,40.8102319325,-77.8705257949,345.471,-0.0,-0.303462,0.422819,-1.12455,-0.83412,4.19018,5.05563,0.0,2,0,0,0
2055772787,40.8102318794,-77.8705258168,345.684,-0.0,-0.315152,0.413836,-1.11622,-0.83627,4.18954,5.04861,0.0,2,0,0,0
2055976791,40.8102316184,-77.8705258243,345.836,-0.0,-0.323092,0.407814,-0.842999,-0.838977,4.19101,5.0533,0.0,2,0,0,0
2056177110,40.8102314097,-77.8705260817,345.949,-0.0,-0.325202,0.392274,-0.500673,-0.841065,4.18971,5.05805,0.0,2,0,0,0
2056376812,40.810231404,-77.8705265966,345.975,-0.0,-0.328896,0.364874,-0.311822,-0.842136,4.18847,5.05083,0.0,2,0,0,0
2056580765,40.8102314717,-77.8705270122,345.989,-0.0,-0.335074,0.334878,-0.208461,-0.843162,4.18815,5.05546,0.0,2,0,0,0
2056784775,40.8102315535,-77.8705275409,346.003,-0.0,-0.319296,0.275668,-0.11045,-0.844066,4.18863,5.04866,0.0,2,0,0,0
2056988759,40.810231677,-77.8705283907,345.969,-0.0,-0.284209,0.180422,-0.0395731,-0.843286,4.18722,5.05311,0.0,2,0,0,0
2057188764,40.8102317612,-77.8705293138,345.957,-0.0,-0.232247,0.0773957,0.0422585,-0.841784,4.18756,5.05792,0.0,2,0,0,0
2057392757,40.8102319327,-77.8705311299,345.883,-0.0,-0.164248,-0.0579144,0.140868,-0.839245,4.18727,5.0509,0.0,2,0,0,0
2057596808,40.8102321296,-77.870533061,345.81,-0.0,-0.0966175,-0.198928,0.208972,-0.835926,4.18738,5.05555,0.0,2,0,0,0
2057800759,40.8102323135,-77.87053471,345.749,-0.0,-0.0605084,-0.280837,0.209705,-0.833725,4.1883,5.04878,0.0,2,0,0,0
2058000784,40.8102327549,-77.870535867,345.668,-0.0,-0.04912,-0.322562,0.145642,-0.833226,4.1862,5.0532,0.0,2,0,0,0
2058204779,40.8102334966,-77.8705365687,345.635,-0.0,-0.0722091,-0.309673,0.0831342,-0.832476,4.18604,5.05798,0.0,2,0,0,0
2058408793,40.8102342738,-77.870536827,345.585,-0.0,-0.0918318,-0.280543,-0.0336987,-0.830866,4.18596,5.05093,0.0,2,0,0,0
2058612782,40.8102348218,-77.8705370196,345.577,-0.0,-0.118153,-0.251506,-0.141038,-0.828643,4.18513,5.05553,0.0,2,0,0,0
2058812862,40.8102350633,-77.8705370109,345.607,-0.0,-0.149564,-0.226888,-0.21792,-0.825344,4.18478,5.04855,0.0,2,0,0,0
2059012757,40.8102351393,-77.8705369864,345.604,-0.0,-0.18388,-0.206135,-0.280966,-0.822217,4.18478,5.05302,0.0,2,0,0,0
2059217778,40.8102349518,-77.8705367989,345.659,-0.0,-0.238555,-0.188265,-0.334408,-0.807105,4.18591,5.058,0.0,2,0,0,0
2059421574,40.8102345025,-77.8705364468,345.704,-0.0,-0.272499,-0.178569,-0.373922,-0.765203,4.1864,5.05082,0.0,2,0,0,0
2059621577,40.8102338279,-77.8705359563,345.765,-0.0,-0.314349,-0.161144,-0.348521,-0.700436,4.1865,5.05546,0.0,2,0,0,0
2059825577,40.8102332842,-77.8705356063,345.83,-0.0,-0.351998,-0.13037,-0.233251,-0.618649,4.18773,5.04868,0.0,2,0,0,0
2060025562,40.810233049,-77.8705354075,345.848,-0.0,-0.375724,-0.104364,-0.113224,-0.528802,4.1878,5.05317,0.0,2,0,0,0
2060229559,40.8102328499,-77.8705351967,345.869,-0.0,-0.398692,-0.0870675,-0.0182619,-0.431648,4.18824,5.05797,0.0,2,0,0,0
2060429577,40.8102327104,-77.870534967,345.896,-0.0,-0.420925,-0.0626366,0.0636044,-0.334474,4.18892,5.05079,0.0,2,0,0,0
2060633663,40.8102329552,-77.8705349381,345.914,-0.0,-0.429331,-0.0582639,0.119052,-0.245474,4.18995,5.05562,0.0,2,0,0,0
2060837562,40.8102337169,-77.8705352658,345.918,-0.0,-0.371754,-0.0707247,0.158757,-0.184766,4.19015,5.04864,0.0,2,0,0,0
2061041547,40.8102351547,-77.8705351943,345.888,-0.0,-0.256312,-0.0843989,0.20066,-0.147229,4.19156,5.05333,0.0,2,0,0,0
2061241585,40.81023687,-77.8705355506,345.865,-0.0,-0.12539,-0.126506,0.262684,-0.131595,4.19204,5.05813,0.0,2,0,0,0
2061441546,40.8102388166,-77.8705359904,345.816,-0.0,-0.0395399,-0.174742,0.331988,-0.132571,4.19265,5.05087,0.0,2,0,0,0
2061645640,40.8102406626,-77.8705366011,345.755,-0.0,-0.0107608,-0.189858,0.345602,-0.146076,4.19254,5.05549,0.0,2,0,0,0
2061849569,40.8102420483,-77.8705368562,345.72,-0.0,-0.00189732,-0.179429,0.207973,-0.166034,4.19464,5.04871,0.0,2,0,0,0
2062053556,40.8102429166,-77.8705369108,345.698,-0.0,-0.000646953,-0.152625,0.0986546,-0.188484,4.19652,5.05325,0.0,2,0,0,0
2062253564,40.8102436546,-77.8705370022,345.701,-0.0,0.00762358,-0.120473,0.0340449,-0.210083,4.19894,5.0581,0.0,2,0,0,0
2062457560,40.8102443311,-77.870536664,345.72,-0.0,-0.00694094,-0.0911078,-0.0596719,-0.227636,4.20178,5.05109,0.0,2,0,0,0
2062661552,40.8102451126,-77.8705365598,345.756,-0.0,-0.0285685,-0.0657965,-0.105939,-0.23758,4.20404,5.05579,0.0,2,0,0,0
2062865561,40.8102458029,-77.8705361131,345.806,-0.0,-0.0484609,-0.0529912,-0.165781,-0.253554,4.20753,5.06103,0.0,2,0,0,0
2063065579,40.8102462848,-77.8705357286,345.812,-0.0,-0.0668375,-0.054678,-0.223807,-0.29329,4.21147,5.05349,0.0,2,0,0,0
2063269589,40.810246902,-77.8705355612,345.854,-0.0,-0.0706434,-0.0693286,-0.285654,-0.348559,4.21316,5.05832,0.0,2,0,0,0
2063473575,40.8102470485,-77.8705354852,345.904,-0.0,-0.0744935,-0.102127,-0.336022,-0.413782,4.19607,5.05112,0.0,2,0,0,0
2063673556,40.8102466178,-77.8705353016,345.969,-0.0,-0.102884,-0.124806,-0.368404,-0.483938,4.19963,5.05585,0.0,2,0,0,0
2063873565,40.8102462541,-77.8705346991,346.049,-0.0,-0.10845,-0.160584,-0.384874,-0.55419,4.20155,5.04878,0.0,2,0,0,0
2064077575,40.8102461225,-77.8705341559,346.03,-0.0,-0.0782744,-0.223119,-0.267888,-0.616458,4.20284,5.05328,0.0,2,0,0,0
2064281566,40.8102466257,-77.8705337736,346.053,-0.0,-0.0335076,-0.275485,-0.14638,-0.675129,4.20516,5.05827,0.0,2,0,0,0
2064481595,40.8102473202,-77.8705326776,346.02,-0.0,0.00520599,-0.309897,-0.0722492,-0.739669,4.2067,5.05094,0.0,2,0,0,0
2064685797,40.8102483257,-77.8705313132,345.976,-0.0,0.0347383,-0.328848,-0.0286427,-0.814012,4.20893,5.0556,0.0,2,0,0,0
2064885639,40.8102495913,-77.8705298977,345.968,-0.0,0.0781398,-0.320145,0.00384268,-0.8915,4.21016,5.06053,0.0,2,0,0,0
2065089567,40.8102504142,-77.8705287841,345.867,-0.0,0.0984757,-0.314611,0.0375568,-0.973256,4.21294,5.05322,0.0,2,0,0,0
2065293544,40.8102510459,-77.8705282797,345.828,-0.0,0.0939574,-0.323883,0.0513213,-1.05844,4.2142,5.05799,0.0,2,0,0,0
2065497556,40.8102521725,-77.8705279388,345.776,-0.0,0.0860061,-0.33219,0.058773,-1.1469,4.21793,5.05095,0.0,2,0,0,0
2065697554,40.8102538408,-77.8705275427,345.733,-0.0,0.0942633,-0.313569,0.0659343,-1.24216,4.22153,5.05566,0.0,2,0,0,0
2065902371,40.8102558993,-77.8705269423,345.716,-0.0,0.112106,-0.260646,0.0678389,-1.34551,4.22301,5.06079,0.0,2,0,0,0
2066106627,40.8102575054,-77.8705264814,345.626,-0.0,0.114924,-0.209354,0.0860015,-1.4545,4.22204,5.0531,0.0,2,0,0,0
2066306418,40.8102590395,-77.8705260047,345.581,-0.0,0.12655,-0.170485,0.0994436,-1.56885,4.22336,5.05789,0.0,2,0,0,0
2066510401,40.8102607848,-77.8705256933,345.491,-0.0,0.148415,-0.122055,0.124743,-1.69061,4.22576,5.05083,0.0,2,0,0,0
2066714382,40.810262828,-77.8705255075,345.394,-0.0,0.173924,-0.0855894,0.17968,-1.79601,4.22683,5.05547,0.0,2,0,0,0
2066918414,40.8102652639,-77.8705254089,345.315,-0.0,0.223222,-0.0608814,0.250626,-1.86507,4.22868,5.04864,0.0,2,0,0,0
2067118402,40.8102680277,-77.8705251006,345.191,-0.0,0.278129,-0.0450993,0.231164,-1.90051,4.22887,5.05312,0.0,2,0,0,0
2067322361,40.8102709766,-77.8705243188,345.108,-0.0,0.340767,-0.0258021,0.255347,-1.89434,4.22887,5.05789,0.0,2,0,0,0
2067526366,40.8102738181,-77.8705232123,345.005,-0.0,0.407863,-0.00133753,0.297899,-1.85015,4.2292,5.05078,0.0,2,0,0,0
2067730634,40.8102761386,-77.8705218082,344.899,-0.0,0.462221,0.0539838,0.3486,-1.77913,4.22762,5.05534,0.0,2,0,0,0
2067930666,40.8102780719,-77.8705201559,344.814,-0.0,0.512999,0.126286,0.34109,-1.69205,4.22537,5.06015,0.0,2,0,0,0
2068130611,40.8102798771,-77.8705185742,344.725,-0.0,0.549654,0.163754,0.267872,-1.59681,4.22672,5.05275,0.0,2,0,0,0
2068334447,40.8102818018,-77.8705174722,344.673,-0.0,0.602233,0.1762,0.162443,-1.49883,4.22756,5.05769,0.0,2,0,0,0
2068538435,40.8102833071,-77.8705168119,344.626,-0.0,0.668256,0.137133,0.0569547,-1.39901,4.22486,5.05041,0.0,2,0,0,0
2068742422,40.8102845191,-77.8705164732,344.592,-0.0,0.701421,0.118171,-0.0387136,-1.29076,4.22628,5.05521,0.0,2,0,0,0
2068942398,40.8102860613,-77.870516612,344.589,-0.0,0.76274,0.132825,-0.114252,-1.17528,4.22717,5.06015,0.0,2,0,0,0
2069146349,40.8102880022,-77.8705170943,344.633,-0.0,0.831089,0.154409,-0.177715,-1.04472,4.22756,5.05274,0.0,2,0,0,0
2069350394,40.8102899848,-77.8705176027,344.689,-0.0,0.91195,0.206201,-0.236005,-0.902124,4.22892,5.05772,0.0,2,0,0,0
2069554651,40.8102916761,-77.8705175834,344.753,-0.0,0.947512,0.256171,-0.272448,-0.750074,4.22759,5.0505,0.0,2,0,0,0
2069754461,40.810293084,-77.8705173228,344.822,-0.0,0.98211,0.331122,-0.299468,-0.59211,4.22597,5.05507,0.0,2,0,0,0
2069958382,40.8102942883,-77.8705165522,344.898,-0.0,0.992309,0.401176,-0.313396,-0.421136,4.22432,5.04826,0.0,2,0,0,0
2070162410,40.8102952524,-77.8705151219,344.889,-0.0,0.975896,0.48353,-0.238464,-0.238343,4.22102,5.05263,0.0,2,0,0,0
2070366394,40.8102958803,-77.8705135417,344.902,-0.0,0.934569,0.565657,-0.112589,-0.0422614,4.21965,5.05752,0.0,2,0,0,0
2070566404,40.8102961164,-77.8705121177,344.896,-0.0,0.86388,0.63872,0.0174146,0.150922,4.21443,5.05019,0.0,2,0,0,0
2070770650,40.8102960835,-77.870510843,344.864,-0.0,0.782572,0.682965,0.130048,0.335427,4.21215,5.0547,0.0,2,0,0,0
2070974383,40.8102959032,-77.8705096055,344.823,-0.0,0.692775,0.728127,0.0847946,0.485031,4.21068,5.05971,0.0,2,0,0,0
2071178417,40.8102952706,-77.8705082267,344.779,-0.0,0.570285,0.765891,-0.108281,0.581049,4.20639,5.05224,0.0,2,0,0,0
2071378364,40.8102940723,-77.8705068355,344.8,-0.0,0.410638,0.791242,-0.379931,0.621971,4.20271,5.05681,0.0,2,0,0,0
2071582364,40.8102924142,-77.8705052018,344.879,-0.0,0.291944,0.867144,-0.554528,0.617702,4.2003,5.04986,0.0,2,0,0,0
2071782383,40.8102906569,-77.8705033102,344.978,-0.0,0.282575,0.985304,-0.565814,0.583237,4.19874,5.05435,0.0,2,0,0,0
2071982402,40.8102891198,-77.8705011512,345.074,-0.0,0.335995,1.06301,-0.526481,0.525084,4.19859,5.05919,0.0,2,0,0,0
2072187192,40.8102878059,-77.8704989193,345.132,-0.0,0.392584,1.08168,-0.432214,0.446092,4.19694,5.0519,0.0,2,0,0,0
2072391199,40.8102867116,-77.8704968816,345.183,-0.0,0.463539,1.08504,-0.304473,0.362463,4.19436,5.05662,0.0,2,0,0,0
2072591427,40.8102863607,-77.8704951604,345.192,-0.0,0.569869,1.05533,-0.175078,0.276116,4.19432,5.04964,0.0,2,0,0,0
2072795168,40.8102867662,-77.8704935887,345.182,-0.0,0.724286,0.992418,-0.072932,0.191958,4.1951,5.05419,0.0,2,0,0,0
2072995318,40.8102875854,-77.8704921824,345.179,-0.0,0.913632,0.884894,0.0144308,0.114341,4.19559,5.05903,0.0,2,0,0,0
2073199212,40.8102886503,-77.8704910051,345.144,-0.0,1.12602,0.710053,-0.00888178,0.0309902,4.19692,5.05203,0.0,2,0,0,0
2073403222,40.8102894269,-77.8704900549,345.147,-0.0,1.26037,0.535897,-0.102429,-0.0624682,4.19524,5.05663,0.0,2,0,0,0
2073607218,40.8102894947,-77.870489358,345.166,-0.0,1.25894,0.336815,-0.197362,-0.170014,4.19595,5.04978,0.0,2,0,0,0
2073807206,40.8102893014,-77.8704890503,345.2,-0.0,1.13962,0.184398,-0.2614,-0.286285,4.19617,5.05432,0.0,2,0,0,0
2074011459,40.810289377,-77.8704889821,345.256,-0.0,0.991261,0.0555793,-0.309554,-0.412432,4.19776,5.05922,0.0,2,0,0,0
2074215186,40.8102888467,-77.870488922,345.362,-0.0,0.849724,-0.0135428,-0.398358,-0.565334,4.19709,5.05209,0.0,2,0,0,0
2074415252,40.8102884421,-77.8704888698,345.469,-0.0,0.702834,-0.0369412,-0.496927,-0.740477,4.19915,5.05685,0.0,2,0,0,0
2074615170,40.8102882443,-77.8704886802,345.596,-0.0,0.595323,-0.0387583,-0.55799,-0.934615,4.20146,5.0499,0.0,2,0,0,0
2074819234,40.8102880403,-77.8704884776,345.729,-0.0,0.473542,-0.0122078,-0.554501,-1.14433,4.2043,5.05456,0.0,2,0,0,0
2075023219,40.8102876882,-77.8704883391,345.836,-0.0,0.372782,0.00635347,-0.401643,-1.34562,4.20809,5.05975,0.0,2,0,0,0
2075227209,40.8102870191,-77.870488395,345.939,-0.0,0.272508,0.0261747,-0.103806,-1.51731,4.20841,5.05237,0.0,2,0,0,0
2075427403,40.8102856354,-77.8704885324,345.961,-0.0,0.104525,0.0319335,0.196629,-1.63685,4.20917,5.05714,0.0,2,0,0,0
2075627157,40.8102836951,-77.870488397,345.928,-0.0,-0.14965,0.0449908,0.416039,-1.70646,4.2081,5.04996,0.0,2,0,0,0
2075831414,40.8102817321,-77.8704886051,345.858,-0.0,-0.460959,0.0563299,0.499257,-1.71633,4.20845,5.05472,0.0,2,0,0,0
2076035164,40.8102800219,-77.870488705,345.777,-0.0,-0.699872,0.0594551,0.431192,-1.66763,4.2089,5.05963,0.0,2,0,0,0
2076239183,40.8102785145,-77.8704888525,345.709,-0.0,-0.780819,0.0283777,0.341489,-1.5692,4.20877,5.05246,0.0,2,0,0,0
2076439461,40.8102772871,-77.8704891941,345.652,-0.0,-0.740791,0.0543344,0.357625,-1.43381,4.20767,5.05717,0.0,2,0,0,0
2076643387,40.810276182,-77.870489447,345.594,-0.0,-0.68175,0.0663833,0.471279,-1.27617,4.20699,5.05001,0.0,2,0,0,0
2076847211,40.8102747838,-77.8704897766,345.514,-0.0,-0.624328,0.094548,0.667083,-1.10395,4.20707,5.05476,0.0,2,0,0,0
2077051412,40.8102730982,-77.87049011,345.38,-0.0,-0.581731,0.12318,0.844631,-0.926819,4.20653,5.05964,0.0,2,0,0,0
2077251551,40.8102715459,-77.8704911698,345.212,-0.0,-0.542427,0.133141,0.931889,-0.758105,4.20379,5.05223,0.0,2,0,0,0
2077455184,40.8102704712,-77.8704925527,345.037,-0.0,-0.492654,0.142182,0.942603,-0.590513,4.20266,5.05708,0.0,2,0,0,0
2077655158,40.8102699064,-77.8704936984,344.887,-0.0,-0.332354,0.21566,0.765746,-0.434913,4.20179,5.04996,0.0,2,0,0,0
2077859170,40.8102696697,-77.8704945331,344.786,-0.0,-0.138044,0.284858,0.49803,-0.278682,4.20057,5.05448,0.0,2,0,0,0
2078059173,40.810269869,-77.8704947678,344.741,-0.0,-0.0258961,0.339526,0.233373,-0.136746,4.17794,5.05913,0.0,2,0,0,0
2078263225,40.8102706113,-77.8704942972,344.747,-0.0,-0.0202038,0.370444,-0.0686579,-0.00936898,4.18029,5.05213,0.0,2,0,0,0
2078463992,40.8102711089,-77.8704937219,344.797,-0.0,-0.0294339,0.388597,-0.279851,0.105387,4.1805,5.05684,0.0,2,0,0,0
2078668001,40.810271399,-77.8704933437,344.847,-0.0,-0.00885114,0.424996,-0.331677,0.216762,4.18023,5.0498,0.0,2,0,0,0
2078867957,40.8102715402,-77.8704929409,344.885,-0.0,0.0814971,0.497776,-0.316814,0.314858,4.18012,5.05436,0.0,2,0,0,0
2079072300,40.8102718386,-77.8704925197,344.932,-0.0,0.158057,0.550145,-0.357778,0.38478,4.18023,5.05939,0.0,2,0,0,0
2079276066,40.8102720645,-77.8704918725,344.976,-0.0,0.184675,0.56562,-0.513286,0.396614,4.17935,5.05208,0.0,2,0,0,0
2079479954,40.810272053,-77.8704914578,345.071,-0.0,0.220292,0.561706,-0.644372,0.357762,4.17851,5.05692,0.0,2,0,0,0
2079679953,40.8102720522,-77.8704913088,345.196,-0.0,0.273221,0.559205,-0.661007,0.289521,4.1771,5.04978,0.0,2,0,0,0
2079883967,40.8102721837,-77.8704912623,345.315,-0.0,0.355842,0.53029,-0.507532,0.209182,4.17605,5.05429,0.0,2,0,0,0
2080087951,40.8102731978,-77.8704904392,345.41,-0.0,0.475167,0.517953,-0.393679,0.118891,4.17651,5.05932,0.0,2,0,0,0
2080287976,40.8102747361,-77.8704891268,345.454,-0.0,0.596881,0.47664,-0.342263,0.0180346,4.17752,5.0521,0.0,2,0,0,0
2080487950,40.8102760142,-77.8704880052,345.512,-0.0,0.689073,0.369139,-0.331978,-0.090343,4.18027,5.05692,0.0,2,0,0,0
2080692246,40.8102771025,-77.8704871382,345.562,-0.0,0.738172,0.199896,-0.312778,-0.211178,4.18054,5.04986,0.0,2,0,0,0
2080895958,40.810277702,-77.8704865865,345.611,-0.0,0.708342,0.0666725,-0.307899,-0.340785,4.18211,5.05464,0.0,2,0,0,0
2081099956,40.8102778748,-77.8704858299,345.682,-0.0,0.607506,0.0218117,-0.32385,-0.473022,4.18346,5.05956,0.0,2,0,0,0
2081299959,40.8102775881,-77.8704846204,345.777,-0.0,0.484625,0.0677489,-0.337243,-0.614252,4.18383,5.05221,0.0,2,0,0,0
2081503971,40.810277095,-77.8704836331,345.877,-0.0,0.368375,0.112685,-0.323901,-0.769748,4.1855,5.05714,0.0,2,0,0,0
2081707959,40.8102765726,-77.8704830302,345.959,-0.0,0.26388,0.144639,-0.295294,-0.93119,4.18681,5.05005,0.0,2,0,0,0
2081911950,40.8102761715,-77.8704818286,346.023,-0.0,0.167161,0.187837,-0.244744,-1.0954,4.18945,5.05487,0.0,2,0,0,0
2082111997,40.8102756421,-77.8704806475,346.074,-0.0,0.0554022,0.212988,-0.167641,-1.25462,4.19022,5.05978,0.0,2,0,0,0
2082316026,40.8102750433,-77.8704797715,346.101,-0.0,-0.0615439,0.246256,-0.0442109,-1.41119,4.18872,5.05234,0.0,2,0,0,0
2082519975,40.8102744092,-77.8704795554,346.108,-0.0,-0.191197,0.229713,0.0892462,-1.53681,4.18723,5.05714,0.0,2,0,0,0
2082719947,40.810273645,-77.8704795079,346.092,-0.0,-0.312878,0.204778,0.19364,-1.60637,4.18736,5.04998,0.0,2,0,0,0
2082923975,40.8102728149,-77.870479094,346.053,-0.0,-0.432601,0.159651,0.276008,-1.60426,4.18804,5.05455,0.0,2,0,0,0
2083123970,40.8102721159,-77.8704786507,346.007,-0.0,-0.519913,0.122248,0.292461,-1.53867,4.18782,5.05938,0.0,2,0,0,0
2083327947,40.8102714022,-77.8704786036,345.962,-0.0,-0.545595,0.101046,0.28119,-1.41662,4.18773,5.05218,0.0,2,0,0,0
2083528246,40.8102708874,-77.8704786904,345.917,-0.0,-0.505401,0.0648654,0.324951,-1.25372,4.18805,5.05688,0.0,2,0,0,0
2083728227,40.8102707247,-77.8704782247,345.834,-0.0,-0.412886,0.0551873,0.434974,-1.05798,4.18787,5.04977,0.0,2,0,0,0
2083932239,40.810270664,-77.8704774871,345.7,-0.0,-0.303898,0.0488596,0.623928,-0.835794,4.18895,5.05435,0.0,2,0,0,0
2084132059,40.8102710273,-77.8704769972,345.55,-0.0,-0.164977,0.0791131,0.791823,-0.606348,4.19095,5.05928,0.0,2,0,0,0
2084337070,40.810272204,-77.8704766597,345.369,-0.0,0.0384936,0.126458,0.863421,-0.371956,4.19393,5.05216,0.0,2,0,0,0
2084540768,40.8102739354,-77.8704763245,345.198,-0.0,0.236786,0.189939,0.795798,-0.145544,4.19527,5.05694,0.0,2,0,0,0
2084740782,40.8102759542,-77.8704758378,345.039,-0.0,0.37102,0.245137,0.62265,0.0599664,4.19654,5.04984,0.0,2,0,0,0
2084940756,40.8102776156,-77.8704751585,344.931,-0.0,0.416543,0.283143,0.094202,0.230096,4.19661,5.05439,0.0,2,0,0,0
2085144756,40.8102779479,-77.8704742953,344.986,-0.0,0.362515,0.322182,-0.646874,0.357395,4.20034,5.05956,0.0,2,0,0,0
2085348748,40.8102772217,-77.8704734266,345.138,-0.0,0.339955,0.421614,-1.02383,0.433338,4.20397,5.05228,0.0,2,0,0,0
2085549304,40.8102763054,-77.8704728499,345.338,-0.0,0.35358,0.483319,-1.1864,0.465669,4.20751,5.0571,0.0,2,0,0,0
2085748791,40.8102756471,-77.8704726506,345.55,-0.0,0.387711,0.522802,-1.27753,0.458768,4.21268,5.05003,0.0,2,0,0,0
2085952777,40.8102751192,-77.8704721965,345.774,-0.0,0.356025,0.485908,-1.36799,0.408803,4.22032,5.05497,0.0,2,0,0,0
2086156863,40.8102748238,-77.8704716293,346.018,-0.0,0.303682,0.46172,-1.29624,0.325753,4.2281,5.06009,0.0,2,0,0,0
2086360776,40.8102746796,-77.870470965,346.227,-0.0,0.224431,0.430368,-1.14333,0.218406,4.23796,5.05294,0.0,2,0,0,0
2086561119,40.8102747238,-77.8704703049,346.401,-0.0,0.206435,0.4106,-0.862503,0.10399,4.24742,5.05794,0.0,2,0,0,0
2086764756,40.8102750148,-77.8704695049,346.517,-0.0,0.222805,0.394503,-0.496222,-0.0144441,4.2578,5.05076,0.0,2,0,0,0
2086968745,40.8102754675,-77.8704687263,346.571,-0.0,0.227706,0.365712,-0.242654,-0.141371,4.27056,5.05584,0.0,2,0,0,0
2087172810,40.8102758175,-77.8704675985,346.594,-0.0,0.197559,0.355478,-0.0914154,-0.283598,4.28316,5.0611,0.0,2,0,0,0
2087372838,40.8102760114,-77.8704663903,346.569,-0.0,0.135732,0.346789,0.0327963,-0.440226,4.29454,5.0535,0.0,2,0,0,0
2087573090,40.8102761219,-77.8704653352,346.53,-0.0,0.0733899,0.344241,0.141266,-0.610612,4.30494,5.05853,0.0,2,0,0,0
2087777145,40.8102761577,-77.8704642275,346.486,-0.0,-0.0019979,0.340518,0.243759,-0.792013,4.31691,5.05132,0.0,2,0,0,0
2087980777,40.8102760803,-77.8704630062,346.435,-0.0,-0.0774717,0.348094,0.350115,-0.973759,4.32773,5.0562,0.0,2,0,0,0
2088180754,40.8102759565,-77.8704615796,346.361,-0.0,-0.139298,0.341516,0.443611,-1.14497,4.33803,5.06142,0.0,2,0,0,0
2088380865,40.8102758367,-77.8704599991,346.229,-0.0,-0.214488,0.327657,0.430258,-1.26469,4.34758,5.05373,0.0,2,0,0,0
2088584761,40.8102757704,-77.870458113,346.139,-0.0,-0.280463,0.285159,0.189576,-1.29328,4.35886,5.05897,0.0,2,0,0,0
2088785080,40.8102757325,-77.8704559372,346.122,-0.0,-0.329362,0.281784,-0.121448,-1.25062,4.37032,5.0515,0.0,2,0,0,0
2088989038,40.8102757858,-77.8704533166,346.149,-0.0,-0.333414,0.316193,-0.200137,-1.15553,4.38121,5.05639,0.0,2,0,0,0
2089192794,40.8102760929,-77.8704506238,346.175,-0.0,-0.326665,0.367629,-0.0980782,-1.01824,4.39399,5.06185,0.0,2,0,0,0
2089393070,40.8102764996,-77.870448497,346.176,-0.0,-0.308377,0.414788,0.0686395,-0.85206,4.40722,5.05411,0.0,2,0,0,0
2089596797,40.8102769638,-77.8704467312,346.148,-0.0,-0.281388,0.434404,0.167823,-0.650784,4.4199,5.05921,0.0,2,0,0,0
2089800749,40.810277915,-77.8704449536,346.083,-0.0,-0.242357,0.473429,0.245512,-0.421014,4.43416,5.0519,0.0,2,0,0,0
2090004762,40.810279291,-77.8704431257,345.988,-0.0,-0.205538,0.518294,0.370225,-0.175344,4.44544,5.05684,0.0,2,0,0,0
2090204747,40.8102812832,-77.8704413086,345.887,-0.0,-0.158999,0.586397,0.470383,0.0541847,4.45576,5.06212,0.0,2,0,0,0
2090409651,40.8102837541,-77.8704395415,345.8,-0.0,-0.0986401,0.667968,0.323431,0.219206,4.46728,5.05448,0.0,2,0,0,0
2090609803,40.8102858064,-77.870438124,345.772,-0.0,-0.0327251,0.735916,-0.0622672,0.294081,4.47617,5.05959,0.0,2,0,0,0
2090809557,40.8102870552,-77.8704374387,345.839,-0.0,-0.00590064,0.770917,-0.516856,0.290139,4.47957,5.05189,0.0,2,0,0,0
2091013565,40.810287798,-77.8704363724,345.985,-0.0,0.0514223,0.861383,-0.741928,0.226213,4.48229,5.05671,0.0,2,0,0,0
2091217667,40.8102888278,-77.8704351476,346.138,-0.0,0.17897,0.93921,-0.802691,0.121136,4.48507,5.06206,0.0,2,0,0,0
2091421550,40.8102901853,-77.8704342507,346.235,-0.0,0.256556,0.968239,-0.723484,-0.0129735,4.48635,5.05413,0.0,2,0,0,0
2091621567,40.8102921814,-77.8704337248,346.304,-0.0,0.287914,0.957833,-0.432451,-0.166161,4.48988,5.05912,0.0,2,0,0,0
2091825573,40.8102949918,-77.8704337643,346.328,-0.0,0.282827,0.940083,-0.0860879,-0.33628,4.49695,5.05171,0.0,2,0,0,0
2092029564,40.8102980844,-77.870434236,346.298,-0.0,0.29164,0.902213,0.223861,-0.520722,4.50192,5.05657,0.0,2,0,0,0
2092233546,40.81030152,-77.8704353626,346.216,-0.0,0.312414,0.852668,0.485565,-0.719745,4.50814,5.06199,0.0,2,0,0,0
2092434096,40.8103047734,-77.8704366449,346.063,-0.0,0.333998,0.806438,0.711331,-0.91658,4.50989,5.05412,0.0,2,0,0,0
2092633649,40.8103078273,-77.8704383218,345.886,-0.0,0.342525,0.74779,0.833719,-1.07448,4.5098,5.05908,0.0,2,0,0,0
2092837816,40.8103105913,-77.8704407047,345.702,-0.0,0.338418,0.654229,0.722374,-1.16172,4.51025,5.05149,0.0,2,0,0,0
2093041557,40.8103133572,-77.8704432621,345.556,-0.0,0.333169,0.601066,0.369207,-1.16393,4.51146,5.05648,0.0,2,0,0,0
2093245652,40.8103158997,-77.8704459328,345.512,-0.0,0.342565,0.549503,-0.0641527,-1.09037,4.51147,5.0616,0.0,2,0,0,0
2093445571,40.8103183868,-77.8704490634,345.529,-0.0,0.376618,0.512791,-0.363306,-0.957794,4.5113,5.05375,0.0,2,0,0,0
2093649649,40.8103209721,-77.8704521504,345.589,-0.0,0.412203,0.485129,-0.408632,-0.775063,4.51271,5.0589,0.0,2,0,0,0
2093853561,40.810323915,-77.8704545494,345.632,-0.0,0.472487,0.451704,-0.159945,-0.559191,4.51429,5.05138,0.0,2,0,0,0
2094057663,40.8103272617,-77.8704574212,345.62,-0.0,0.52957,0.438157,0.171998,-0.313686,4.47896,5.05617,0.0,2,0,0,0
2094261559,40.8103306016,-77.8704601375,345.534,-0.0,0.568111,0.418802,0.546778,-0.0525138,4.51633,5.0615,0.0,2,0,0,0
2094465654,40.8103341997,-77.8704630116,345.42,-0.0,0.602905,0.419979,0.710963,0.199199,4.47563,5.05365,0.0,2,0,0,0
2094669795,40.8103372246,-77.8704655517,345.282,-0.0,0.607217,0.420102,0.795636,0.426083,4.47338,5.05853,0.0,2,0,0,0
2094869592,40.8103399734,-77.8704683125,345.127,-0.0,0.600142,0.409751,0.847127,0.601385,4.46973,5.05098,0.0,2,0,0,0
2095073628,40.8103425861,-77.8704711929,344.976,-0.0,0.593252,0.382848,0.550659,0.689196,4.46735,5.05584,0.0,2,0,0,0
2095277594,40.8103445475,-77.8704734732,344.94,-0.0,0.554682,0.338257,-0.189448,0.664124,4.462,5.06078,0.0,2,0,0,0
2095481596,40.8103455643,-77.8704755798,345.114,-0.0,0.465818,0.272434,-0.895738,0.557672,4.45845,5.05323,0.0,2,0,0,0
2095681561,40.8103462206,-77.8704775128,345.351,-0.0,0.371757,0.194085,-1.21692,0.395405,4.45543,5.05804,0.0,2,0,0,0
2095885566,40.8103473469,-77.8704797299,345.607,-0.0,0.299651,0.127727,-1.12511,0.190965,4.45528,5.05068,0.0,2,0,0,0
2096089663,40.8103494602,-77.8704822284,345.824,-0.0,0.270477,0.0879107,-0.735407,-0.0367279,4.45783,5.05562,0.0,2,0,0,0
2096289551,40.8103521572,-77.8704847443,345.924,-0.0,0.278465,0.0752005,-0.223547,-0.264339,4.45757,5.06065,0.0,2,0,0,0
2096493585,40.8103551782,-77.8704877727,345.923,-0.0,0.317381,0.0493992,0.400151,-0.462189,4.45335,5.05294,0.0,2,0,0,0
2096694419,40.8103583572,-77.8704913782,345.807,-0.0,0.360425,0.0168757,0.841037,-0.607608,4.45026,5.05773,0.0,2,0,0,0
2096898417,40.8103616609,-77.8704951771,345.655,-0.0,0.386845,0.00016364,0.925952,-0.672255,4.45268,5.05065,0.0,2,0,0,0
2097098389,40.810364589,-77.8704980352,345.557,-0.0,0.396936,0.0105736,0.561658,-0.639845,4.4516,5.05535,0.0,2,0,0,0
2097302623,40.8103669617,-77.8705000633,345.529,-0.0,0.400638,0.064923,0.0675455,-0.529684,4.44962,5.06033,0.0,2,0,0,0
2097502362,40.8103689583,-77.8705018666,345.578,-0.0,0.418003,0.151525,-0.278732,-0.363491,4.44682,5.05274,0.0,2,0,0,0
2097706377,40.8103711125,-77.8705034711,345.647,-0.0,0.409645,0.22208,-0.240283,-0.151696,4.44565,5.05776,0.0,2,0,0,0
2097910360,40.8103738901,-77.8705054782,345.681,-0.0,0.453468,0.250082,0.106694,0.0874089,4.44226,5.05041,0.0,2,0,0,0
2098114396,40.8103773548,-77.870508301,345.648,-0.0,0.495367,0.251392,0.610016,0.337548,4.4402,5.05524,0.0,2,0,0,0
2098314415,40.8103806296,-77.8705112159,345.512,-0.0,0.531579,0.222495,0.832537,0.508565,4.43739,5.0602,0.0,2,0,0,0
2098518423,40.8103830945,-77.8705137867,345.35,-0.0,0.514303,0.168694,0.687152,0.574494,4.43435,5.05265,0.0,2,0,0,0
2098722380,40.8103851453,-77.8705163925,345.238,-0.0,0.462434,0.116042,0.374548,0.547111,4.43378,5.05768,0.0,2,0,0,0
2098922362,40.810387311,-77.8705188712,345.214,-0.0,0.418731,0.037466,0.100978,0.447234,4.43358,5.05044,0.0,2,0,0,0
2099122396,40.8103895593,-77.8705207114,345.264,-0.0,0.340527,-0.0276897,-0.110928,0.287275,4.43274,5.05514,0.0,2,0,0,0
2099326376,40.8103918858,-77.8705221227,345.32,-0.0,0.282235,-0.0889993,-0.21323,0.0764024,4.43256,5.06019,0.0,2,0,0,0
2099530716,40.8103945081,-77.8705236505,345.37,-0.0,0.258097,-0.114405,-0.107994,-0.159327,4.43402,5.05289,0.0,2,0,0,0
2099734461,40.8103972986,-77.870525361,345.359,-0.0,0.25249,-0.12388,0.248977,-0.353021,4.43457,5.05781,0.0,2,0,0,0
2099934677,40.810400496,-77.8705275316,345.263,-0.0,0.284115,-0.137401,0.563341,-0.463843,4.43494,5.05053,0.0,2,0,0,0
2100134444,40.8104037374,-77.8705297748,345.144,-0.0,0.325708,-0.142991,0.473052,-0.489787,4.43567,5.0553,0.0,2,0,0,0
2100338379,40.8104069013,-77.8705317303,345.059,-0.0,0.363126,-0.0992328,0.386098,-0.455657,4.4378,5.06063,0.0,2,0,0,0
2100542363,40.8104099156,-77.8705336301,344.972,-0.0,0.441676,-0.0626372,0.664655,-0.383952,4.43581,5.05303,0.0,2,0,0,0
2100746407,40.8104132969,-77.8705363031,344.814,-0.0,0.504666,-0.0135711,1.01347,-0.27056,4.43439,5.0581,0.0,2,0,0,0
2100946363,40.8104166489,-77.870539337,344.643,-0.0,0.562476,0.0510262,0.92778,-0.0960716,4.43006,5.05067,0.0,2,0,0,0
2101151439,40.81041933,-77.8705418656,344.605,-0.0,0.46192,0.186566,0.0480532,0.177861,4.42998,5.0556,0.0,2,0,0,0
2101355240,40.8104206612,-77.8705430357,344.717,-0.0,0.221084,0.268506,-0.710117,0.518886,4.43057,5.06064,0.0,2,0,0,0
2101555441,40.8104217011,-77.8705435246,344.853,-0.0,0.06335,0.32338,-0.563949,0.859952,4.43172,5.0531,0.0,2,0,0,0
2101759194,40.8104236025,-77.8705437193,344.888,-0.0,0.00717258,0.376253,0.064299,1.1624,4.4333,5.05825,0.0,2,0,0,0
2101959268,40.8104259855,-77.870543508,344.838,-0.0,0.0112303,0.462894,0.18449,1.37555,4.43266,5.05088,0.0,2,0,0,0
2102163255,40.8104279252,-77.8705434838,344.844,-0.0,-0.0129215,0.552238,-0.232063,1.51888,4.43059,5.05561,0.0,2,0,0,0
2102367233,40.8104294752,-77.8705441057,344.937,-0.0,-0.0125587,0.596693,-0.571184,1.60873,4.42721,5.0608,0.0,2,0,0,0
2102567226,40.8104308232,-77.8705450009,345.016,-0.0,0.00318097,0.605064,-0.57617,1.64381,4.42334,5.05303,0.0,2,0,0,0
2102771514,40.8104320315,-77.8705450473,345.084,-0.0,0.126379,0.682935,-0.398283,1.64217,4.4214,5.05788,0.0,2,0,0,0
2102975180,40.8104339539,-77.8705444827,345.125,-0.0,0.312001,0.717638,-0.120788,1.60156,4.42246,5.05068,0.0,2,0,0,0
2103175206,40.8104361529,-77.8705434006,345.127,-0.0,0.475018,0.683143,0.221138,1.54934,4.42156,5.0554,0.0,2,0,0,0
2103375162,40.8104386081,-77.8705422854,345.065,-0.0,0.561354,0.565432,0.475716,1.50558,4.42201,5.06046,0.0,2,0,0,0
2103579169,40.8104407584,-77.8705420649,344.948,-0.0,0.562222,0.401967,0.577382,1.46355,4.41744,5.05274,0.0,2,0,0,0
2103783221,40.8104422589,-77.8705427964,344.835,-0.0,0.543836,0.230829,0.532825,1.42964,4.41413,5.05769,0.0,2,0,0,0
2103987242,40.8104435055,-77.8705443151,344.753,-0.0,0.493958,0.089297,0.368112,1.40384,4.41027,5.05023,0.0,2,0,0,0
2104187163,40.8104445085,-77.8705463848,344.723,-0.0,0.462225,0.0250132,0.0511011,1.38666,4.40837,5.05486,0.0,2,0,0,0
2104391168,40.8104460624,-77.8705488981,344.753,-0.0,0.448798,-0.00247897,-0.207683,1.37997,4.4119,5.06012,0.0,2,0,0,0
2104591210,40.8104478653,-77.8705510644,344.788,-0.0,0.434022,-0.0286834,-0.277109,1.38119,4.41397,5.05259,0.0,2,0,0,0
2104795186,40.8104498423,-77.8705531154,344.826,-0.0,0.458238,-0.028588,-0.220545,1.36825,4.41527,5.05746,0.0,2,0,0,0
2104995237,40.8104512536,-77.8705548146,344.821,-0.0,0.48459,-0.0294832,-0.0265821,1.32889,4.41043,5.05004,0.0,2,0,0,0
2105195170,40.8104521245,-77.8705560136,344.738,-0.0,0.526359,-0.021835,0.130383,1.25642,4.40559,5.0546,0.0,2,0,0,0
2105399168,40.810452965,-77.8705575324,344.667,-0.0,0.555591,-0.065138,0.191358,1.15159,4.40653,5.05979,0.0,2,0,0,0
2105599251,40.8104543299,-77.8705590818,344.686,-0.0,0.564976,-0.144571,0.136948,1.03027,4.40693,5.05228,0.0,2,0,0,0
2105803204,40.8104563011,-77.8705604963,344.72,-0.0,0.579329,-0.202385,0.100468,0.901262,4.40624,5.05709,0.0,2,0,0,0
2106003244,40.8104584276,-77.8705615347,344.726,-0.0,0.595241,-0.244173,0.0938083,0.771701,4.40413,5.04983,0.0,2,0,0,0
2106203967,40.8104603304,-77.8705626318,344.693,-0.0,0.588217,-0.299808,0.149188,0.638681,4.40196,5.05445,0.0,2,0,0,0
2106408061,40.8104621632,-77.8705642773,344.655,-0.0,0.601599,-0.350534,0.181549,0.502509,4.4039,5.0597,0.0,2,0,0,0
2106612036,40.8104628167,-77.8705672339,344.623,-0.0,0.575298,-0.406312,0.177111,0.36973,4.40071,5.05218,0.0,2,0,0,0
2106812259,40.8104624906,-77.8705710666,344.589,-0.0,0.508756,-0.449207,0.186439,0.255033,4.40107,5.05704,0.0,2,0,0,0
2107012054,40.8104618433,-77.8705758895,344.547,-0.0,0.431446,-0.548152,0.19085,0.151849,4.40132,5.04982,0.0,2,0,0,0
2107215947,40.8104612314,-77.870580779,344.518,-0.0,0.362007,-0.635923,0.159512,0.0575036,4.40368,5.05474,0.0,2,0,0,0
2107415952,40.8104605422,-77.8705855286,344.488,-0.0,0.294672,-0.70306,0.129682,-0.0265245,4.40489,5.0598,0.0,2,0,0,0
2107619960,40.8104598641,-77.870589775,344.497,-0.0,0.215384,-0.717384,0.132072,-0.108625,4.40642,5.05234,0.0,2,0,0,0
2107820000,40.8104595599,-77.8705932165,344.496,-0.0,0.154619,-0.738152,0.225028,-0.183471,4.40362,5.05715,0.0,2,0,0,0
2108023975,40.8104597744,-77.8705963591,344.455,-0.0,0.103352,-0.752619,0.245102,-0.254008,4.4038,5.05007,0.0,2,0,0,0
2108228340,40.8104602861,-77.8705991724,344.404,-0.0,0.0887813,-0.72812,0.104313,-0.315599,4.39925,5.05469,0.0,2,0,0,0
2108432274,40.8104611177,-77.8706016892,344.418,-0.0,0.0633921,-0.694577,-0.177314,-0.353205,4.39601,5.05982,0.0,2,0,0,0
2108632069,40.8104611872,-77.8706045013,344.543,-0.0,0.0359499,-0.672848,-0.21538,-0.372141,4.39152,5.05222,0.0,2,0,0,0
2108835956,40.8104604178,-77.8706073246,344.655,-0.0,-0.0319442,-0.664124,-0.0847822,-0.375888,4.38595,5.05695,0.0,2,0,0,0
2109039959,40.8104596232,-77.8706101942,344.746,-0.0,-0.0990479,-0.645691,-0.0998987,-0.370328,4.3829,5.04986,0.0,2,0,0,0
2109243949,40.8104588885,-77.8706123904,344.837,-0.0,-0.185491,-0.624327,-0.180436,-0.359468,4.37957,5.05448,0.0,2,0,0,0
2109443963,40.8104578798,-77.8706134623,344.897,-0.0,-0.229073,-0.579397,-0.148964,-0.348516,4.3735,5.05933,0.0,2,0,0,0
2109643981,40.8104567453,-77.8706139461,344.848,-0.0,-0.209501,-0.559522,0.0216634,-0.336886,4.36823,5.05183,0.0,2,0,0,0
2109847978,40.8104554447,-77.8706147094,344.736,-0.0,-0.153953,-0.576383,0.222823,-0.324933,4.36566,5.05677,0.0,2,0,0,0
2110048193,40.8104546405,-77.8706169922,344.62,-0.0,-0.071029,-0.619229,0.249824,-0.317147,4.36226,5.04953,0.0,2,0,0,0
2110251977,40.8104543162,-77.8706204338,344.592,-0.0,-0.00507712,-0.659975,0.198055,-0.312027,4.35857,5.05411,0.0,2,0,0,0
2110452218,40.8104543778,-77.8706237386,344.559,-0.0,0.0290568,-0.687355,0.0807491,-0.309516,4.35558,5.05903,0.0,2,0,0,0
2110655949,40.810454592,-77.8706266712,344.506,-0.0,0.0446765,-0.681922,0.0333678,-0.306825,4.35389,5.05182,0.0,2,0,0,0
2110859972,40.8104546609,-77.8706289535,344.449,-0.0,0.0215025,-0.68495,0.102664,-0.30772,4.35068,5.05659,0.0,2,0,0,0
2111063958,40.8104543532,-77.8706314065,344.397,-0.0,-0.0093439,-0.689792,0.255461,-0.310165,4.31713,5.04942,0.0,2,0,0,0
2111264350,40.8104538469,-77.8706335797,344.39,-0.0,-0.0133344,-0.689653,0.365003,-0.314598,4.31412,5.05401,0.0,2,0,0,0
2111468791,40.8104533153,-77.8706352801,344.328,-0.0,-0.0167038,-0.719169,0.418679,-0.317098,4.31129,5.05891,0.0,2,0,0,0
2111672795,40.8104525152,-77.8706369613,344.228,-0.0,-0.00151416,-0.717439,0.33042,-0.318852,4.30795,5.05166,0.0,2,0,0,0
2111872772,40.8104513308,-77.8706393085,344.151,-0.0,0.0118559,-0.775705,0.181452,-0.322848,4.30519,5.05641,0.0,2,0,0,0
2112076799,40.8104505375,-77.8706411367,344.104,-0.0,0.0320741,-0.787753,0.103823,-0.326327,4.30074,5.04925,0.0,2,0,0,0
2112280772,40.810450282,-77.8706422637,344.054,-0.0,0.0580522,-0.757257,0.19809,-0.328821,4.29772,5.05399,0.0,2,0,0,0
2112484764,40.8104506276,-77.870643118,344.0,-0.0,0.076865,-0.708019,0.232443,-0.331301,4.29447,5.05887,0.0,2,0,0,0
2112684755,40.8104511796,-77.8706442355,343.987,-0.0,0.0871649,-0.729984,0.161614,-0.332269,4.29099,5.05153,0.0,2,0,0,0
2112888858,40.8104516704,-77.870645642,344.001,-0.0,0.0960697,-0.746713,-0.043029,-0.332835,4.28776,5.05643,0.0,2,0,0,0
2113092766,40.8104518123,-77.8706470175,344.019,-0.0,0.0869267,-0.773086,-0.086604,-0.333924,4.28433,5.04927,0.0,2,0,0,0
2113297116,40.8104521447,-77.8706483977,343.941,-0.0,0.0669102,-0.768502,0.046028,-0.331538,4.28235,5.05406,0.0,2,0,0,0
2113496994,40.8104532344,-77.8706497831,343.869,-0.0,0.0794141,-0.777915,0.1632,-0.33117,4.2792,5.05897,0.0,2,0,0,0
2113700784,40.8104553701,-77.870651309,343.835,-0.0,0.146881,-0.786073,0.242403,-0.330507,4.2761,5.05162,0.0,2,0,0,0
2113904792,40.8104584405,-77.8706528538,343.8,-0.0,0.230331,-0.789965,0.206446,-0.330485,4.27494,5.05661,0.0,2,0,0,0
2114108809,40.8104620723,-77.8706545503,343.749,-0.0,0.33835,-0.756582,0.0317984,-0.328998,4.27296,5.04951,0.0,2,0,0,0
2114308754,40.810465942,-77.8706561847,343.638,-0.0,0.428392,-0.742071,-0.0292092,-0.326851,4.2711,5.05416,0.0,2,0,0,0
2114512758,40.8104698843,-77.8706577502,343.565,-0.0,0.54425,-0.702401,0.0664368,-0.327199,4.2706,5.05934,0.0,2,0,0,0
2114716847,40.8104737103,-77.8706592577,343.482,-0.0,0.612291,-0.665624,0.117908,-0.33142,4.26889,5.05194,0.0,2,0,0,0
2114920763,40.8104777932,-77.8706606524,343.399,-0.0,0.682619,-0.621821,0.172817,-0.333434,4.26838,5.05697,0.0,2,0,0,0
2115120755,40.8104816782,-77.8706620278,343.34,-0.0,0.757825,-0.597388,0.179804,-0.336561,4.26669,5.04978,0.0,2,0,0,0
2115324773,40.8104854901,-77.8706634765,343.312,-0.0,0.839723,-0.578824,0.233656,-0.341398,4.26462,5.05445,0.0,2,0,0,0
2115528857,40.8104896565,-77.8706651923,343.243,-0.0,0.926502,-0.585112,0.295795,-0.345842,4.26397,5.05965,0.0,2,0,0,0
2115733055,40.8104938181,-77.8706670295,343.176,-0.0,1.02942,-0.59958,0.424314,-0.348874,4.26218,5.05219,0.0,2,0,0,0
2115932861,40.8104979697,-77.8706689933,343.08,-0.0,1.0803,-0.618883,0.318261,-0.353591,4.26059,5.05702,0.0,2,0,0,0
2116137826,40.8105019395,-77.8706710864,343.035,-0.0,1.21068,-0.678704,0.072239,-0.361556,4.25958,5.04996,0.0,2,0,0,0
2116341587,40.8105048889,-77.8706730356,342.987,-0.0,1.2483,-0.692088,0.402699,-0.364748,4.25746,5.05458,0.0,2,0,0,0
2116541569,40.8105074669,-77.8706747947,342.921,-0.0,1.24363,-0.685182,0.166428,-0.368903,4.25613,5.05944,0.0,2,0,0,0
2116745545,40.8105101259,-77.8706766116,342.903,-0.0,1.26243,-0.700241,0.173426,-0.368018,4.256,5.052,0.0,2,0,0,0
2116949647,40.8105127166,-77.8706784798,342.874,-0.0,1.28427,-0.712619,0.179232,-0.367859,4.25471,5.05653,0.0,2,0,0,0
2117153554,40.8105152934,-77.8706803003,342.823,-0.0,1.30714,-0.714782,0.183165,-0.367767,4.25507,5.04934,0.0,2,0,0,0
2117353566,40.8105178719,-77.8706819867,342.771,-0.0,1.33036,-0.717398,0.196188,-0.367735,4.25458,5.05356,0.0,2,0,0,0
2117553582,40.810520408,-77.8706837217,342.704,-0.0,1.35432,-0.719273,0.207656,-0.367565,4.25415,5.05798,0.0,2,0,0,0
2117757588,40.8105226691,-77.8706858218,342.658,-0.0,1.36635,-0.732869,0.216403,-0.367643,4.25299,5.05038,0.0,2,0,0,0
2117961803,40.8105245083,-77.8706882074,342.609,-0.0,1.36621,-0.749329,0.224103,-0.367563,4.25406,5.05466,0.0,2,0,0,0
2118165799,40.8105258322,-77.8706906869,342.543,-0.0,1.35052,-0.769067,0.233702,-0.367703,4.25308,5.0475,0.0,2,0,0,0
2118365558,40.8105264175,-77.8706932787,342.462,-0.0,1.31159,-0.790171,0.244662,-0.367804,4.25209,5.05131,0.0,2,0,0,0
2118473661,40.8105265316,-77.8706947026,342.42,-0.0,1.28478,-0.801938,0.250746,-0.368029,4.23751,5.05344,0.0,2,0,0,0
