timestamp,time_utc_usec,lat,lon,alt,alt_ellipsoid,s_variance_m_s,c_variance_rad,eph,epv,hdop,vdop,noise_per_ms,jamming_indicator,vel_m_s,vel_n_m_s,vel_e_m_s,vel_d_m_s,cog_rad,timestamp_time_relative,fix_type,vel_ned_valid,satellites_used
54805102,1559241617199778,408102639,-778707089,323647,289206,1.304,0.787715,4.388,15.937,0.96,2.94,100,14,0.149,-0.074,0.129,-0.013,0.954586,0,3,1,10
55008056,1559241617399778,408102625,-778707073,324136,289696,1.567,0.787769,4.414,15.965,0.96,2.94,100,14,0.801,-0.783,0.17,-0.224,0.954586,0,3,1,10
55204107,1559241617599778,408102602,-778707060,324658,290217,1.655,0.787827,4.452,16.008,0.96,2.94,100,6,1.199,-1.196,0.082,-0.358,0.954586,0,3,1,10
55406783,1559241617799778,408102574,-778707048,325189,290748,1.732,0.787887,4.498,16.054,1.0,2.96,100,6,1.408,-1.406,0.068,-0.505,0.954586,0,3,1,9
55606109,1559241617999779,408102543,-778707031,325799,291359,1.764,0.787948,4.548,16.103,1.0,2.96,100,6,1.576,-1.557,0.243,-0.58,0.954586,0,3,1,9
55806085,1559241618199778,408102547,-778707038,325850,291409,1.625,0.788005,4.604,16.186,1.02,2.94,100,6,0.13,-0.026,-0.128,-0.639,0.954586,0,3,1,9
56002089,1559241618399778,408102551,-778707044,326089,291648,1.635,0.788062,4.673,16.278,1.02,2.94,100,6,0.304,0.184,-0.241,-0.737,0.954586,0,3,1,9
56207497,1559241618599778,408102554,-778707054,326356,291916,1.569,0.788116,4.75,16.373,1.02,2.94,93,8,0.442,0.145,-0.418,-0.729,0.954586,0,3,1,9
56406169,1559241618799778,408102548,-778707070,326459,292018,1.521,0.788169,4.817,16.428,0.96,2.94,93,8,0.61,-0.24,-0.561,-0.907,0.954586,0,3,1,10
56605060,1559241618999779,408102550,-778707071,326803,292363,1.668,0.788227,4.88,16.486,0.96,2.94,93,8,0.145,0.107,-0.098,-0.899,0.954586,0,3,1,10
56807536,1559241619199778,408102559,-778707074,327222,292781,1.673,0.788286,4.941,16.549,0.96,2.94,93,8,0.474,0.441,-0.172,-0.768,0.954586,0,3,1,10
57005126,1559241619399778,408102564,-778707068,327582,293142,1.703,0.788345,5.001,16.612,0.96,2.94,93,8,0.388,0.366,0.129,-0.908,0.954586,0,3,1,10
57206115,1559241619599778,408102579,-778707061,327917,293477,1.691,0.788404,5.057,16.675,0.96,2.94,93,7,0.809,0.752,0.3,-0.892,0.954586,0,3,1,10
57401100,1559241619799778,408102589,-778707054,328232,293791,1.717,0.788463,5.111,16.745,0.96,2.94,93,7,0.636,0.595,0.226,-1.033,0.954586,0,3,1,10
57608036,1559241619999779,408102587,-778707037,328461,294021,1.804,0.788526,5.16,16.813,0.96,2.94,93,7,0.626,0.068,0.623,-0.94,0.954586,0,3,1,10
57807439,1559241620199778,408102591,-778707027,328678,294237,1.764,0.788588,5.205,16.885,0.96,2.94,93,7,0.548,0.211,0.505,-0.718,0.954586,0,3,1,10
57997118,1559241620399778,408102594,-778707032,328612,294172,1.766,0.788649,5.244,16.955,1.07,2.94,93,7,0.053,-0.026,0.047,-0.511,0.954586,0,3,1,8
58202156,1559241620599778,408102582,-778707026,328552,294112,1.786,0.788711,5.284,17.021,1.07,2.94,87,9,0.669,-0.553,0.376,-0.4,0.954586,0,3,1,8
58402089,1559241620799778,408102563,-778707030,328748,294307,1.579,0.788766,5.325,17.09,1.07,2.94,87,9,1.016,-0.997,-0.192,-0.228,0.954586,0,3,1,8
58607387,1559241620999779,408102541,-778707041,328962,294522,1.555,0.78882,5.366,17.162,1.07,2.94,87,9,1.289,-1.197,-0.478,-0.134,0.954586,0,3,1,8
58814283,1559241621199778,408102521,-778707056,329143,294702,1.58,0.788875,5.41,17.241,1.07,2.94,87,9,1.25,-1.065,-0.656,0.022,0.954586,0,3,1,8
59005052,1559241621399778,408102507,-778707057,329282,294841,1.608,0.788931,5.462,17.354,1.38,4.01,87,9,0.829,-0.81,-0.179,-0.258,0.954586,0,3,1,7
59202107,1559241621599778,408102491,-778707049,329526,295086,1.717,0.78899,5.516,17.471,1.38,4.01,86,10,0.9,-0.894,0.108,-0.594,0.954586,0,3,1,7
59403744,1559241621799778,408102487,-778707060,329473,295033,1.59,0.789046,5.558,17.551,1.07,2.94,86,10,0.392,-0.334,-0.204,-0.536,0.954586,0,3,1,8
59606143,1559241621999779,408102491,-778707073,329371,294931,1.56,0.7891,5.6,17.634,1.07,2.94,86,10,0.33,0.149,-0.294,-0.509,0.954586,0,3,1,8
59805135,1559241622199778,408102488,-778707060,329559,295119,1.946,0.789168,5.644,17.719,1.07,2.94,86,10,0.489,-0.044,0.487,-0.471,0.954586,0,3,1,8
60006111,1559241622399779,408102476,-778707052,329795,295355,1.831,0.789231,5.69,17.81,1.07,2.94,86,10,0.637,-0.563,0.297,-0.402,0.954586,0,3,1,8
60202104,1559241622599779,408102467,-778707054,329962,295521,1.675,0.789289,5.735,17.902,1.07,2.94,80,8,0.508,-0.507,-0.024,-0.32,0.954586,0,3,1,8
60402108,1559241622799779,408102463,-778707066,330046,295606,1.461,0.78934,5.778,17.995,1.07,2.94,80,8,0.46,-0.277,-0.368,-0.146,0.954586,0,3,1,8
60608104,1559241622999780,408102452,-778707075,330260,295819,1.461,0.789391,5.827,18.124,1.38,4.0,80,8,0.671,-0.502,-0.445,-0.133,0.954586,0,3,1,7
60808087,1559241623199779,408102434,-778707092,330345,295905,1.508,0.789443,5.868,18.221,1.07,2.94,80,8,1.146,-0.938,-0.659,-0.083,0.954586,0,3,1,8
61008020,1559241623399779,408102430,-778707111,329920,295480,1.573,0.789498,5.908,18.315,1.1,2.97,80,8,0.623,-0.427,-0.453,-0.055,0.954586,0,3,1,8
61206131,1559241623599779,408102425,-778707129,329852,295412,1.47,0.789549,5.96,18.498,1.25,3.72,75,5,0.753,-0.444,-0.608,-0.145,0.954586,0,3,1,7
61402150,1559241623799779,408102421,-778707116,329883,295443,1.951,0.789617,6.017,18.697,1.25,3.72,75,5,0.625,-0.396,0.484,-0.373,0.954586,0,3,1,7
61609055,1559241623999780,408102432,-778707104,329920,295480,2.068,0.789688,6.072,18.89,1.25,3.72,75,5,0.677,0.276,0.618,-0.657,0.954586,0,3,1,7
61813035,1559241624199779,408102436,-778707103,329934,295493,2.143,0.789763,6.127,19.087,1.25,3.72,75,5,0.308,0.175,0.254,-0.618,0.954586,0,3,1,7
62006324,1559241624399779,408102438,-778707105,330083,295643,2.055,0.789834,6.182,19.285,1.25,3.72,75,5,0.034,0.018,-0.029,-0.879,0.954586,0,3,1,7
62208109,1559241624599779,408102441,-778707107,329749,295309,2.164,0.789909,6.233,19.42,1.25,3.72,75,7,0.298,0.084,0.286,-0.947,0.954586,0,3,1,7
62407161,1559241624799779,408102444,-778707098,329968,295528,2.128,0.789983,6.28,19.554,1.25,3.72,75,7,0.366,0.067,0.36,-1.266,0.954586,0,3,1,7
62606136,1559241624999780,408102441,-778707096,330355,295915,2.001,0.790053,6.324,19.675,1.25,3.72,75,7,0.101,-0.094,0.036,-1.47,0.954586,0,3,1,7
62802169,1559241625199779,408102424,-778707086,331249,296808,2.03,0.790123,6.371,19.798,1.1,2.97,75,7,0.721,-0.711,0.122,-1.235,0.954586,0,3,1,8
63006288,1559241625399779,408102416,-778707104,331630,297190,1.648,0.79018,6.424,19.927,1.1,2.97,75,7,0.821,-0.489,-0.659,-1.106,0.954586,0,3,1,8
63207093,1559241625599779,408102403,-778707127,331636,297195,1.561,0.790234,6.464,20.041,1.02,2.97,75,13,1.052,-0.665,-0.814,-0.917,0.954586,0,3,1,9
63410108,1559241625799779,408102396,-778707163,331464,297024,1.352,0.790284,6.497,20.136,1.02,2.97,75,13,1.277,-0.404,-1.212,-0.672,0.954586,0,3,1,9
63609158,1559241625999780,408102391,-778707176,331418,296978,1.54,0.790338,6.535,20.231,1.02,2.97,75,13,0.547,-0.206,-0.506,-0.553,0.954586,0,3,1,9
63811091,1559241626199779,408102379,-778707214,331098,296657,1.461,0.790388,6.564,20.236,1.02,2.97,75,13,1.403,-0.409,-1.341,-0.202,0.954586,0,3,1,9
64012821,1559241626399779,408102378,-778707179,333125,298685,1.342,0.790435,6.557,20.165,0.96,2.94,75,13,0.763,0.033,-0.762,-0.553,0.954586,0,3,1,10
64212535,1559241626599779,408102390,-778707220,332490,298049,1.327,0.790489,6.558,20.194,0.94,2.94,75,12,1.381,0.482,-1.294,-0.75,0.954586,0,3,1,11
64422121,1559241626799779,408102391,-778707246,332593,298153,1.282,0.79054,6.572,20.243,0.94,2.94,75,12,1.413,0.185,-1.401,-0.39,0.954586,0,3,1,11
64621033,1559241626999780,408102380,-778707254,332829,298389,1.385,0.790588,6.585,20.286,0.94,2.94,75,12,0.822,-0.394,-0.722,-0.534,0.954586,0,3,1,11
64825309,1559241627199779,408102360,-778707258,332876,298435,1.7,0.790647,6.598,20.327,0.94,2.94,75,12,0.953,-0.813,-0.496,-0.588,0.954586,0,3,1,11
65027111,1559241627399779,408102327,-778707249,333180,298740,1.814,0.79071,6.607,20.359,0.94,2.94,75,12,1.426,-1.415,-0.183,-0.904,0.954586,0,3,1,11
65222105,1559241627599779,408102292,-778707247,333117,298677,1.71,0.687673,6.61,20.393,0.94,2.94,75,2,1.735,-1.72,-0.231,-0.928,2.27585,0,3,1,11
65421457,1559241627799779,408102272,-778707246,333082,298642,1.743,0.687743,6.618,20.437,0.94,2.94,75,2,1.204,-1.117,-0.45,-0.752,2.27585,0,3,1,11
65620038,1559241627999780,408102271,-778707256,332681,298241,1.624,0.687808,6.63,20.498,0.94,2.94,75,2,0.49,-0.25,-0.422,-0.834,2.27585,0,3,1,11
65823091,1559241628199779,408102273,-778707272,332007,297566,1.567,0.68787,6.645,20.56,0.94,2.94,75,2,0.456,0.015,-0.456,-0.966,2.27585,0,3,1,11
66021559,1559241628399779,408102286,-778707294,331152,296712,1.416,0.687927,6.66,20.622,0.94,2.94,75,2,0.886,0.472,-0.75,-0.742,2.27585,0,3,1,11
66219114,1559241628599779,408102301,-778707313,330182,295742,1.56,0.687989,6.677,20.687,0.94,2.94,75,6,0.852,0.611,-0.594,-0.215,2.27585,0,3,1,11
66421333,1559241628799779,408102288,-778707315,329603,295163,1.749,0.688058,6.689,20.749,0.94,2.94,75,6,0.342,-0.317,-0.128,-0.204,2.27585,0,3,1,11
66620034,1559241628999780,408102280,-778707318,329455,295014,1.564,0.688121,6.698,20.819,0.94,2.94,75,6,0.596,-0.304,-0.512,-0.65,2.27585,0,3,1,11
66816039,1559241629199779,408102285,-778707312,329670,295230,1.58,0.688184,6.706,20.868,0.94,2.94,75,6,0.45,0.26,-0.368,-0.807,2.27585,0,3,1,11
67019111,1559241629399779,408102288,-778707315,329342,294902,1.482,0.688243,6.696,20.732,0.94,2.94,75,6,0.389,0.028,-0.388,-0.663,2.27585,0,3,1,11
67221602,1559241629599779,408102285,-778707318,329098,294658,1.437,0.6883,6.702,20.768,0.94,2.94,75,5,0.427,-0.112,-0.412,-0.495,2.27585,0,3,1,11
67420147,1559241629799779,408102287,-778707326,329199,294759,1.166,0.688346,6.712,20.815,0.94,2.94,75,5,0.937,0.167,-0.922,-0.442,2.27585,0,3,1,11
67621635,1559241629999780,408102295,-778707319,329717,295277,1.509,0.688407,6.722,20.859,0.94,2.94,75,5,0.743,0.591,-0.45,-0.546,2.27585,0,3,1,11
67819124,1559241630199779,408102303,-778707330,329196,294756,1.388,0.688462,6.732,20.889,0.94,2.94,75,5,0.599,0.359,-0.479,-0.145,2.27585,0,3,1,11
68021364,1559241630399779,408102318,-778707346,328702,294261,1.547,0.688524,6.738,20.892,0.94,2.94,75,5,1.007,0.638,-0.779,0.134,2.27585,0,3,1,11
68216036,1559241630599779,408102330,-778707357,328166,293725,1.731,0.688593,6.743,20.855,0.94,2.94,75,5,0.781,0.642,-0.445,0.253,2.27585,0,3,1,11
68421598,1559241630799779,408102335,-778707345,328169,293728,1.81,0.688665,6.751,20.808,0.94,2.94,75,5,0.54,0.509,0.179,0.247,2.27585,0,3,1,11
68628141,1559241630999780,408102364,-778707469,322462,288021,1.625,0.688729,6.751,20.506,0.9,1.9,75,5,1.147,0.439,-1.06,0.361,2.27585,0,3,1,11
68840050,1559241631199779,408102383,-778707551,319528,285087,1.443,0.688787,6.741,20.238,0.9,1.9,75,5,1.397,0.646,-1.239,-0.101,2.27585,0,3,1,11
69014138,1559241631399779,408102381,-778707545,320490,286049,1.368,0.688841,6.755,20.176,0.99,2.94,75,5,0.805,0.43,-0.68,-0.459,2.27585,0,3,1,10
69213038,1559241631599779,408102379,-778707553,320174,285733,1.499,0.688901,6.774,20.201,0.99,2.94,80,5,0.211,-0.044,-0.206,-0.396,2.27585,0,3,1,10
69412131,1559241631799779,408102371,-778707534,320481,286041,1.706,0.688969,6.774,20.175,0.99,2.94,80,5,0.387,-0.143,0.359,-0.363,2.27585,0,3,1,10
69605065,1559241631999780,408102361,-778707520,320575,286135,1.769,0.689039,6.771,20.147,0.99,2.94,80,5,0.464,-0.368,0.282,-0.43,2.27585,0,3,1,10
69816035,1559241632199779,408102355,-778707497,321248,286808,1.63,0.689104,6.753,20.12,0.99,2.94,80,5,0.205,-0.177,-0.103,-0.416,2.27585,0,3,1,10
70016059,1559241632399779,408102350,-778707493,320722,286282,1.747,0.689174,6.741,20.105,0.99,2.94,80,5,0.496,-0.361,0.34,-0.463,2.27585,0,3,1,10
70214395,1559241632599779,408102353,-778707489,320138,285698,1.182,0.689221,6.729,20.081,0.99,2.94,80,5,0.349,0.04,0.347,-0.018,2.27585,0,3,1,10
70414351,1559241632799779,408102357,-778707478,319620,285179,1.161,0.689267,6.717,20.061,0.99,2.94,80,5,0.605,0.244,0.553,0.291,2.27585,0,3,1,10
70616121,1559241632999780,408102357,-778707469,319089,284649,1.309,0.689319,6.704,20.046,0.99,2.94,80,5,0.415,0.008,0.415,0.412,2.27585,0,3,1,10
70829046,1559241633199779,408102354,-778707457,318813,284372,1.371,0.689373,6.699,20.068,0.99,2.94,80,5,0.342,-0.104,0.326,0.342,2.27585,0,3,1,10
71021040,1559241633399779,408102340,-778707424,319595,285155,1.55,0.689435,6.688,20.086,0.99,2.94,80,5,0.514,-0.414,0.305,0.017,2.27585,0,3,1,10
71234477,1559241633599779,408102371,-778707510,314098,279658,1.616,0.689499,6.668,20.0,0.9,1.9,75,10,0.285,-0.266,0.102,1.056,2.27585,0,3,1,11
71429035,1559241633799779,408102402,-778707614,308384,273943,1.701,0.689567,6.666,19.911,0.92,1.91,75,10,0.291,0.011,-0.29,1.292,2.27585,0,3,1,10
71626714,1559241633999780,408102436,-778707718,302226,267785,1.667,0.689637,6.66,19.775,0.92,1.91,75,10,0.016,-0.001,0.016,1.76,2.27585,0,3,1,10
71837065,1559241634199779,408102463,-778707802,296235,261795,1.601,0.689729,6.653,19.635,0.92,1.91,75,10,0.714,-0.26,0.665,2.203,2.27585,0,3,1,10
72020127,1559241634399779,408102493,-778707898,290038,255598,1.622,0.689827,6.652,19.498,0.92,1.91,75,10,0.384,-0.322,0.209,2.436,2.27585,0,3,1,10
72223330,1559241634599779,408102511,-778707962,284280,249840,1.582,0.689954,6.655,19.371,0.92,1.91,80,4,1.379,-0.634,1.225,2.895,2.27585,0,3,1,10
72419801,1559241634799779,408102520,-778707973,279064,244624,1.476,0.57133,6.654,19.247,0.92,1.91,80,4,2.959,-0.938,2.807,3.673,2.04882,0,3,1,10
72621061,1559241634999780,408102499,-778707912,279576,245136,1.663,0.571509,6.664,19.251,1.01,2.94,80,4,1.486,-0.776,1.268,3.418,2.04882,0,3,1,9
72822106,1559241635199779,408102524,-778707963,274881,240441,1.709,0.571689,6.659,19.139,0.92,1.91,80,4,0.697,-0.191,0.67,3.695,2.04882,0,3,1,10
73022109,1559241635399779,408102574,-778708038,269222,234782,1.787,0.571891,6.648,19.01,0.92,1.91,80,4,0.858,0.775,0.369,4.12,2.04882,0,3,1,10
73221107,1559241635599779,408102639,-778708117,262471,228031,1.811,0.572173,6.649,18.877,0.92,1.91,80,6,1.397,1.165,0.772,5.711,2.04882,0,3,1,10
73421041,1559241635799779,408102683,-778708204,257252,222812,1.878,0.572468,6.658,18.747,0.92,1.91,80,6,1.222,0.867,-0.861,6.04,2.04882,0,3,1,10
73620039,1559241635999780,408102686,-778708215,257831,223390,1.976,0.572737,6.674,18.726,1.01,2.94,80,6,2.019,0.93,-1.792,5.245,2.04882,0,3,1,9
73825063,1559241636199779,408102703,-778708228,258172,223732,2.076,0.693261,6.693,18.724,1.01,2.94,80,6,2.183,1.429,-1.651,4.932,0.869292,0,3,1,9
74023118,1559241636399779,408102696,-778708208,259158,224717,2.09,0.693445,6.706,18.726,1.01,2.94,80,6,1.171,0.863,-0.791,4.509,0.869292,0,3,1,9
74221117,1559241636599779,408102695,-778708175,260209,225769,2.095,0.693617,6.714,18.734,1.01,2.94,86,6,0.875,0.861,-0.159,4.257,0.869292,0,3,1,9
74423117,1559241636799779,408102669,-778708137,261222,226782,2.065,0.693758,6.721,18.746,1.01,2.94,86,6,0.197,-0.191,-0.048,3.56,0.869292,0,3,1,9
74628042,1559241636999780,408102649,-778708114,262431,227991,2.087,0.693887,6.732,18.751,1.09,2.94,86,6,0.76,-0.387,-0.654,3.177,0.869292,0,3,1,8
74819280,1559241637199779,408102629,-778708098,263562,229122,2.092,0.694002,6.745,18.762,1.09,2.94,86,6,0.91,-0.392,-0.821,2.756,0.869292,0,3,1,8
75015244,1559241637399779,408102608,-778708085,264418,229978,2.096,0.694111,6.758,18.773,1.09,2.94,86,6,0.871,-0.527,-0.694,2.635,0.869292,0,3,1,8
75223106,1559241637599779,408102587,-778708072,265246,230805,2.102,0.694214,6.772,18.789,1.09,2.94,80,3,0.861,-0.584,-0.633,2.453,0.869292,0,3,1,8
75415901,1559241637799779,408102577,-778708063,266070,231629,2.183,0.694316,6.789,18.81,1.09,2.94,80,3,0.75,-0.162,-0.733,2.479,0.869292,0,3,1,8
75614313,1559241637999780,408102570,-778708070,266752,232311,2.16,0.694426,6.808,18.842,1.09,2.94,80,3,1.368,-0.016,-1.368,2.412,0.869292,0,3,1,8
75812244,1559241638199779,408102555,-778708064,267469,233028,2.208,0.694513,6.825,18.878,1.09,2.94,80,3,0.804,-0.188,-0.782,2.045,0.869292,0,3,1,8
76012099,1559241638399779,408102545,-778708053,268270,233829,2.229,0.694601,6.835,18.913,1.09,2.94,80,3,0.875,-0.004,-0.875,1.981,0.869292,0,3,1,8
76212217,1559241638599779,408102528,-778708043,269544,235104,2.071,0.694688,6.845,18.952,1.09,2.94,80,5,1.338,-0.164,-1.328,1.739,0.869292,0,3,1,8
76406262,1559241638799779,408102528,-778708039,270462,236022,2.184,0.694774,6.865,19.005,1.09,2.94,80,5,0.896,0.315,-0.839,1.184,0.869292,0,3,1,8
76613057,1559241638999780,408102538,-778708035,270850,236409,2.311,0.694865,6.886,19.06,1.09,2.94,80,5,0.746,0.617,-0.42,1.077,0.869292,0,3,1,8
76812195,1559241639199779,408102549,-778708032,271419,236979,2.291,0.694956,6.911,19.115,1.09,2.94,80,5,1.021,0.786,-0.652,1.083,0.869292,0,3,1,8
77013038,1559241639399779,408102563,-778708026,271993,237553,2.303,0.695046,6.938,19.177,1.09,2.94,80,5,1.131,0.971,-0.58,1.121,0.869292,0,3,1,8
77213036,1559241639599779,408102571,-778708016,272633,238193,2.336,0.695138,6.967,19.247,1.09,2.94,79,5,0.96,0.842,-0.46,1.073,0.869292,0,3,1,8
77412215,1559241639799779,408102571,-778708003,273549,239109,2.274,0.695228,6.986,19.285,1.09,2.94,79,5,0.752,0.511,-0.552,0.857,0.869292,0,3,1,8
77613044,1559241639999780,408102553,-778707985,274973,240533,1.831,0.6953,6.998,19.299,1.09,2.94,79,5,0.715,-0.155,-0.698,0.549,0.869292,0,3,1,8
77805324,1559241640199779,408102544,-778707979,276033,241593,1.831,0.695373,7.01,19.324,1.09,2.94,79,5,0.796,-0.011,-0.796,0.512,0.869292,0,3,1,8
78013068,1559241640399779,408102526,-778707953,277573,243132,1.652,0.695438,7.033,19.375,1.09,2.94,79,5,0.35,-0.217,-0.275,0.17,0.869292,0,3,1,8
78213156,1559241640599779,408102507,-778707921,278509,244068,1.883,0.695512,7.06,19.428,1.09,2.94,74,10,0.682,-0.56,0.389,0.133,0.869292,0,3,1,8
78412041,1559241640799779,408102490,-778707890,279754,245313,2.278,0.695602,7.092,19.491,1.09,2.94,74,10,0.575,-0.542,0.192,-0.289,0.869292,0,3,1,8
78614106,1559241640999780,408102481,-778707872,280669,246228,2.042,0.695682,7.123,19.535,1.09,2.94,74,10,0.413,-0.384,-0.153,-0.211,0.869292,0,3,1,8
78828898,1559241641199779,408102476,-778707858,281294,246853,2.237,0.69577,7.151,19.571,1.09,2.94,74,10,0.313,-0.308,-0.052,-0.293,0.869292,0,3,1,8
79014176,1559241641399779,408102459,-778707832,282245,247805,2.467,0.695867,7.193,19.602,1.09,2.94,74,10,0.536,-0.533,0.054,-0.518,0.869292,0,3,1,8
79213183,1559241641599779,408102455,-778707810,283605,249165,2.157,0.695952,7.247,19.648,1.09,2.94,74,10,0.154,0.066,-0.139,-0.877,0.869292,0,3,1,8
79412803,1559241641799779,408102455,-778707792,284338,249898,2.189,0.696039,7.307,19.707,1.09,2.94,74,10,0.215,0.18,0.117,-0.659,0.869292,0,3,1,8
79608571,1559241641999780,408102457,-778707770,285057,250617,2.054,0.69612,7.369,19.769,1.09,2.94,74,10,0.358,0.265,0.24,-0.493,0.869292,0,3,1,8
79810154,1559241642199779,408102423,-778707721,286439,251998,2.429,0.696215,7.433,19.833,1.09,2.94,74,10,0.838,-0.448,0.708,-0.576,0.869292,0,3,1,8
80008822,1559241642399779,408102428,-778707688,286889,252448,1.792,0.696286,7.504,19.927,1.09,2.94,74,10,1.073,0.032,1.073,-0.422,0.869292,0,3,1,8
80210176,1559241642599779,408102432,-778707648,287517,253076,1.474,0.696344,7.576,20.024,1.09,2.94,74,5,1.132,0.274,1.098,-0.13,0.869292,0,3,1,8
80407094,1559241642799779,408102452,-778707634,287919,253479,2.209,0.696431,7.651,20.126,1.09,2.94,74,5,0.704,0.67,0.215,-0.035,0.869292,0,3,1,8
80610120,1559241642999780,408102489,-778707634,287616,253176,2.209,0.696518,7.709,20.178,1.09,2.94,74,5,1.207,1.2,0.133,-0.257,0.869292,0,3,1,8
80814175,1559241643199779,408102483,-778707610,288560,254120,2.068,0.696599,7.769,20.202,1.09,2.94,74,5,0.705,0.699,0.096,-0.932,0.869292,0,3,1,8
81014137,1559241643399779,408102472,-778707587,288846,254406,2.304,0.69669,7.827,20.214,1.09,2.94,74,5,0.381,0.065,0.375,-1.064,0.869292,0,3,1,8
81215091,1559241643599779,408102455,-778707547,289053,254613,2.274,0.69678,7.874,20.225,1.09,2.94,74,2,1.164,-0.314,1.12,-1.14,0.869292,0,3,1,8
81422114,1559241643799779,408102409,-778707508,289879,255439,2.742,0.696887,7.939,20.251,1.09,2.94,74,2,1.521,-1.372,0.656,-1.23,0.869292,0,3,1,8
81624927,1559241643999780,408102378,-778707486,290149,255709,2.765,0.696996,7.998,20.247,1.09,2.94,74,2,1.634,-1.535,0.562,-1.202,0.869292,0,3,1,8
81814306,1559241644199779,408102315,-778707427,292194,257754,2.574,0.688282,8.028,20.234,1.31,2.96,74,2,1.991,-1.747,0.955,-1.71,1.76665,0,3,1,7
82021105,1559241644399779,408102302,-778707388,293053,258613,2.33,0.68839,8.049,20.205,1.31,2.96,74,2,1.427,-0.697,1.246,-2.291,1.76665,0,3,1,7
82221726,1559241644599779,408102286,-778707373,293379,258939,2.268,0.688497,8.058,20.158,1.31,2.96,74,2,0.872,-0.744,0.454,-2.535,1.76665,0,3,1,7
82419144,1559241644799779,408102282,-778707372,293674,259234,2.164,0.688596,8.064,20.106,1.31,2.96,74,2,0.401,-0.397,0.061,-2.458,1.76665,0,3,1,7
82613818,1559241644999780,408102277,-778707370,293978,259538,2.117,0.68869,8.075,20.078,1.31,2.96,74,2,0.239,-0.238,0.007,-2.355,1.76665,0,3,1,7
82820039,1559241645199779,408102285,-778707389,294107,259667,1.898,0.688773,8.095,20.059,1.31,2.96,74,2,0.645,0.024,-0.644,-1.976,1.76665,0,3,1,7
83008040,1559241645399779,408102294,-778707415,294003,259562,1.748,0.688844,8.114,20.042,1.31,2.96,74,2,0.903,0.179,-0.885,-1.532,1.76665,0,3,1,7
83212071,1559241645599779,408102294,-778707438,294531,260091,1.559,0.688914,8.137,20.048,1.31,2.96,69,8,1.289,0.109,-1.284,-1.2,1.76665,0,3,1,7
83415170,1559241645799779,408102311,-778707461,294284,259844,1.743,0.688983,8.159,20.067,1.31,2.96,69,8,1.035,0.639,-0.815,-0.832,1.76665,0,3,1,7
83620033,1559241645999780,408102286,-778707445,295292,260852,2.122,0.689067,8.193,19.996,1.16,2.95,69,8,0.473,-0.411,-0.233,-0.498,1.76665,0,3,1,8
83835192,1559241646199779,408102278,-778707468,294862,260422,2.08,0.68915,8.251,19.973,1.84,4.96,69,8,1.204,-0.914,-0.784,-0.114,1.76665,0,3,1,7
84017746,1559241646399779,408102240,-778707436,296064,261624,2.716,0.689258,8.314,20.043,1.84,4.96,69,8,1.243,-1.242,-0.048,-0.69,1.76665,0,3,1,7
84218106,1559241646599779,408102215,-778707378,297693,263252,2.462,0.689356,8.386,20.119,1.84,4.96,74,16,1.175,-0.839,0.822,-1.579,1.76665,0,3,1,7
84419118,1559241646799779,408102198,-778707320,298533,264092,2.205,0.689453,8.442,20.19,1.84,4.96,74,16,1.785,-0.799,1.597,-1.668,1.76665,0,3,1,7
84612105,1559241646999780,408102190,-778707270,299161,264721,2.07,0.689538,8.525,20.264,1.84,4.96,74,16,1.848,-0.685,1.717,-1.051,1.76665,0,3,1,7
84813837,1559241647199779,408102266,-778707223,298629,264189,1.585,0.723842,8.509,20.325,1.57,4.72,74,16,2.814,1.438,2.418,-0.16,1.41816,0,3,1,7
85019213,1559241647399779,408102337,-778707172,297911,263470,2.056,0.61773,8.562,20.422,1.57,4.72,74,16,3.375,2.455,2.316,0.415,1.03518,0,3,1,7
85216036,1559241647599779,408102395,-778707131,296711,262271,2.144,0.693385,8.642,20.512,1.57,4.72,79,6,3.265,2.31,2.308,-0.023,0.924498,0,3,1,7
85409626,1559241647799779,408102427,-778707078,296544,262104,2.291,0.693499,8.739,20.62,1.57,4.72,79,6,2.853,1.909,2.121,0.228,0.924498,0,3,1,7
85612045,1559241647999780,408102445,-778707020,296833,262393,2.367,0.693599,8.851,20.734,1.57,4.72,79,6,2.457,1.557,1.901,0.63,0.924498,0,3,1,7
85814460,1559241648199779,408102468,-778706960,296565,262124,2.02,0.693711,8.965,20.847,1.57,4.72,79,6,2.692,1.33,2.34,0.856,0.924498,0,3,1,7
86010415,1559241648399779,408102488,-778706899,296848,262408,2.172,0.69381,9.082,20.966,1.57,4.72,79,6,2.42,1.384,1.985,0.7,0.924498,0,3,1,7
86218370,1559241648599779,408102469,-778706867,297023,262583,1.59,0.693873,9.013,21.056,1.41,4.41,79,8,1.173,0.605,1.005,0.465,0.924498,0,3,1,8
86411115,1559241648799779,408102487,-778706854,296829,262389,2.126,0.693957,9.046,21.185,1.41,4.41,79,8,0.838,0.76,0.353,0.702,0.924498,0,3,1,8
86612036,1559241648999780,408102476,-778706845,297093,262652,2.271,0.694047,9.089,21.316,1.41,4.41,79,8,0.27,0.195,-0.187,0.57,0.924498,0,3,1,8
86812036,1559241649199779,408102442,-778706831,297472,263032,1.949,0.694124,9.121,21.446,1.41,4.41,79,8,0.74,-0.726,-0.144,0.441,0.924498,0,3,1,8
87012038,1559241649399779,408102428,-778706822,297824,263383,1.809,0.694195,9.154,21.584,1.41,4.41,79,8,0.666,-0.561,-0.358,0.551,0.924498,0,3,1,8
87210441,1559241649599779,408102574,-778706918,295889,261449,1.847,0.739563,9.164,21.714,1.24,4.22,79,8,1.982,1.515,-1.278,-0.137,0.163287,0,3,1,9
87414649,1559241649799779,408102715,-778707021,294306,259866,1.822,0.456081,9.174,21.851,1.24,4.22,79,8,3.194,2.475,-2.02,-0.395,5.83223,0,3,1,9
87613058,1559241649999780,408102853,-778707124,292808,258368,1.854,0.380511,9.186,21.989,1.24,4.23,79,8,3.671,2.997,-2.119,-0.496,5.73529,0,3,1,9
87812038,1559241650199779,408103013,-778707236,290815,256374,1.772,0.346407,9.161,22.091,0.99,2.96,79,8,4.064,3.268,-2.417,-0.445,5.68667,0,3,1,10
88013064,1559241650399779,408103086,-778707283,290074,255633,1.871,0.755286,9.162,22.197,0.99,2.96,79,8,2.108,1.444,-1.536,0.48,5.64845,0,3,1,10
88213037,1559241650599779,408103155,-778707319,289117,254676,2.324,0.75537,9.169,22.303,0.99,2.96,79,8,0.733,0.6,-0.422,0.817,5.64845,0,3,1,10
88413041,1559241650799779,408103134,-778707286,289483,255043,1.956,0.772668,9.178,22.413,0.99,2.96,79,8,2.011,-1.887,0.694,1.67,4.25088,0,3,1,10
88610581,1559241650999780,408103098,-778707245,289790,255350,1.955,0.452363,9.189,22.521,0.99,2.96,79,8,3.456,-3.204,1.293,2.076,3.139,0,3,1,10
88828041,1559241651199779,408103060,-778707198,290055,255615,1.952,0.395728,9.197,22.617,0.99,2.96,79,8,3.988,-3.659,1.586,2.296,2.90857,0,3,1,10
89017036,1559241651399779,408102997,-778707156,290210,255769,2.005,0.309014,9.203,22.716,0.95,2.93,79,8,4.948,-4.627,1.752,2.198,2.8284,0,3,1,11
89216094,1559241651599779,408102954,-778707130,290091,255651,2.076,0.345674,9.211,22.822,0.95,2.93,73,14,4.469,-4.277,1.295,2.364,2.83697,0,3,1,11
89413039,1559241651799779,408102922,-778707108,290295,255854,2.095,0.408736,9.212,22.919,0.95,2.93,73,14,3.687,-3.55,0.994,2.116,2.85019,0,3,1,11
89615244,1559241651999780,408102896,-778707087,290806,256366,2.179,0.534155,9.212,23.017,0.95,2.93,73,14,2.814,-2.757,0.565,2.175,2.8832,0,3,1,11
89813106,1559241652199779,408102884,-778707081,290953,256512,2.257,0.639276,9.211,23.111,0.95,2.93,73,14,2.361,-2.338,0.33,1.94,2.93182,0,3,1,11
90008035,1559241652399779,408102880,-778707071,290633,256192,2.179,0.614693,9.212,23.198,0.95,2.93,73,14,2.387,-2.173,0.988,1.662,2.81914,0,3,1,11
90213178,1559241652599779,408102920,-778707073,289787,255347,2.009,0.614782,9.226,23.289,1.01,2.93,73,10,0.672,0.025,0.672,0.843,2.81914,0,3,1,10
90413071,1559241652799779,408102947,-778707067,289547,255107,2.142,0.614878,9.247,23.383,1.01,2.93,73,10,0.703,0.582,0.395,0.439,2.81914,0,3,1,10
90613039,1559241652999780,408102986,-778707073,289150,254709,2.313,0.614981,9.271,23.469,1.01,2.93,73,10,1.185,1.181,-0.097,0.28,2.81914,0,3,1,10
90813035,1559241653199779,408103036,-778707079,288534,254093,2.191,0.615079,9.277,23.581,1.01,2.93,73,10,1.298,1.283,0.193,-0.018,2.81914,0,3,1,10
91017060,1559241653399779,408103050,-778707047,288599,254159,1.979,0.615167,9.336,23.709,1.01,2.93,73,10,1.406,0.8,1.156,-0.121,2.81914,0,3,1,10
91217135,1559241653599779,408103057,-778707007,288774,254334,1.76,0.615245,9.412,23.836,1.01,2.93,68,6,1.594,0.488,1.517,-0.259,2.81914,0,3,1,10
91411193,1559241653799779,408103103,-778707000,288517,254077,2.784,0.61537,9.499,23.957,1.01,2.93,68,6,1.321,1.234,0.469,-0.28,2.81914,0,3,1,10
91617041,1559241653999780,408103111,-778706990,288067,253627,1.818,0.615451,9.533,24.063,1.01,2.93,68,6,0.961,0.582,0.764,-0.297,2.81914,0,3,1,10
91825180,1559241654199779,408103134,-778706985,287439,252998,1.756,0.615529,9.57,24.17,1.01,2.93,68,6,0.862,0.52,0.687,-0.291,2.81914,0,3,1,10
92023248,1559241654399779,408103168,-778706982,286723,252283,2.016,0.615618,9.612,24.279,1.01,2.93,68,6,0.925,0.721,0.58,-0.16,2.81914,0,3,1,10
92219134,1559241654599779,408103211,-778706985,286029,251589,2.588,0.615734,9.655,24.372,1.01,2.93,68,8,1.156,1.146,0.155,0.09,2.81914,0,3,1,10
92417041,1559241654799779,408103211,-778706986,285317,250877,1.562,0.615803,9.692,24.464,1.01,2.93,68,8,0.649,0.273,0.589,-0.178,2.81914,0,3,1,10
92623858,1559241654999780,408103211,-778706985,284652,250211,2.084,0.615896,9.659,24.54,1.01,2.93,68,8,0.308,-0.158,0.264,-0.202,2.81914,0,3,1,10
92816071,1559241655199779,408103199,-778706962,285035,250595,1.974,0.615984,9.634,24.649,1.01,2.93,68,8,0.455,-0.215,0.401,-0.3,2.81914,0,3,1,10
93022124,1559241655399779,408103179,-778706933,285608,251167,2.011,0.616073,9.603,24.749,1.01,2.93,68,8,0.564,-0.39,0.407,-0.342,2.81914,0,3,1,10
93221035,1559241655599779,408103190,-778706903,285964,251524,1.729,0.61615,9.58,24.822,1.01,2.93,68,9,0.914,0.46,0.79,-0.473,2.81914,0,3,1,10
93420020,1559241655799779,408103196,-778706880,286090,251650,1.879,0.616234,9.554,24.875,1.01,2.93,68,9,0.645,0.498,0.41,-0.379,2.81914,0,3,1,10
93618258,1559241655999780,408103208,-778706866,285715,251275,1.702,0.61631,9.53,24.919,1.01,2.93,68,9,0.661,0.491,0.443,-0.099,2.81914,0,3,1,10
93819902,1559241656199779,408103236,-778706870,285082,250642,1.208,0.616364,9.493,24.963,0.95,2.93,68,9,0.537,0.164,0.512,-0.06,2.81914,0,3,1,11
94017121,1559241656399779,408103254,-778706870,284933,250493,1.394,0.616425,9.468,25.0,0.95,2.93,68,9,0.444,-0.162,0.413,-0.051,2.81914,0,3,1,11
94226141,1559241656599779,408103281,-778706886,284302,249861,1.885,0.616509,9.408,25.006,0.95,2.93,68,5,0.442,-0.337,0.286,-0.217,2.81914,0,3,1,11
94413034,1559241656799779,408103326,-778706909,283082,248642,2.369,0.616615,9.351,25.013,0.95,2.93,68,5,0.136,0.116,-0.072,0.436,2.81914,0,3,1,11
94616154,1559241656999780,408103373,-778706938,281689,247249,2.321,0.616718,9.313,25.021,0.95,2.93,68,5,0.223,0.206,0.084,0.682,2.81914,0,3,1,11
94814109,1559241657199779,408103407,-778706934,281702,247261,1.9,0.616802,9.233,24.874,0.95,2.93,68,5,0.6,0.432,0.416,0.583,2.81914,0,3,1,11
95021031,1559241657399779,408103456,-778706949,281361,246920,1.579,0.616872,9.152,24.745,0.95,2.93,68,5,0.721,0.718,0.072,-0.052,2.81914,0,3,1,11
95216155,1559241657599779,408103487,-778706960,281010,246570,2.051,0.616964,9.082,24.636,0.95,2.93,68,7,0.226,-0.033,0.223,-0.321,2.81914,0,3,1,11
95411733,1559241657799779,408103499,-778706951,281785,247344,2.183,0.617061,9.011,24.513,0.95,2.93,68,7,0.287,-0.266,0.106,-0.537,2.81914,0,3,1,11
95614113,1559241657999780,408103543,-778706960,282016,247575,1.646,0.617134,8.937,24.394,0.99,2.95,68,7,0.734,0.668,-0.305,-0.72,2.81914,0,3,1,10
95824132,1559241658199779,408103593,-778706983,281512,247072,1.694,0.617209,8.86,24.276,0.99,2.95,68,7,0.807,0.747,-0.306,-1.012,2.81914,0,3,1,10
96003778,1559241658399779,408103610,-778707001,280639,246199,1.829,0.61729,8.8,24.187,1.06,2.96,68,7,0.577,0.082,-0.571,-0.869,2.81914,0,3,1,9
96206174,1559241658599779,408103627,-778707022,279859,245418,1.674,0.617364,8.746,24.093,1.06,2.96,68,5,0.647,0.192,-0.618,-0.618,2.81914,0,3,1,9
96404708,1559241658799779,408103641,-778707038,279356,244916,1.381,0.617426,8.697,23.994,1.06,2.96,68,5,0.907,0.26,-0.869,-0.187,2.81914,0,3,1,9
96607202,1559241658999780,408103647,-778707041,279359,244918,1.733,0.617503,8.653,23.909,1.06,2.96,68,5,0.339,0.226,-0.252,-0.293,2.81914,0,3,1,9
96792942,1559241659199779,408103663,-778707026,279429,244989,1.448,0.617567,8.596,23.769,1.06,2.96,68,5,0.258,0.258,0.005,-0.001,2.81914,0,3,1,9
97000846,1559241659399779,408103673,-778707018,279094,244654,1.969,0.617655,8.55,23.654,1.06,2.96,68,5,0.336,0.332,-0.05,0.466,2.81914,0,3,1,9
97201019,1559241659599779,408103734,-778707071,276962,242521,1.909,0.617739,8.494,23.552,0.99,2.95,68,13,0.779,0.597,-0.5,0.9,2.81914,0,3,1,10
97400869,1559241659799779,408103791,-778707118,275051,240611,1.941,0.617825,8.44,23.454,0.99,2.95,68,13,0.958,0.856,-0.43,1.235,2.81914,0,3,1,10
97601086,1559241659999780,408103842,-778707164,273050,238610,1.962,0.617913,8.38,23.348,0.99,2.95,68,13,0.912,0.703,-0.582,1.75,2.81914,0,3,1,10
97802165,1559241660199779,408103888,-778707226,270759,236319,1.939,0.618013,8.332,23.281,0.99,2.95,68,13,1.007,0.437,-0.907,2.022,2.81914,0,3,1,10
98006102,1559241660399779,408103940,-778707264,269320,234880,2.003,0.618152,8.297,23.244,0.99,2.95,68,13,1.591,1.264,-0.966,2.69,2.81914,0,3,1,10
98198141,1559241660599779,408103997,-778707307,268360,233920,1.963,0.609648,8.269,23.213,0.99,2.95,68,7,2.445,2.042,-1.345,2.735,4.28028,0,3,1,10
98404554,1559241660799779,408104051,-778707345,267638,233198,1.984,0.665047,8.247,23.18,0.99,2.95,68,7,2.363,2.097,-1.09,2.527,4.97623,0,3,1,10
98604830,1559241660999780,408104093,-778707377,266904,232463,2.035,0.665174,8.227,23.144,0.99,2.95,68,7,1.8,1.535,-0.941,2.522,4.97623,0,3,1,10
98815093,1559241661199779,408104118,-778707406,266211,231771,1.983,0.665322,8.204,23.081,0.99,2.95,68,7,1.433,0.694,-1.254,3.291,4.97623,0,3,1,10
99004860,1559241661399779,408104148,-778707441,265461,231020,1.977,0.665477,8.18,23.016,0.99,2.95,68,7,1.52,0.849,-1.261,3.449,4.97623,0,3,1,10
99203116,1559241661599779,408104175,-778707486,264453,230012,1.994,0.66563,8.159,22.974,0.99,2.95,68,8,1.625,0.869,-1.373,3.318,4.97623,0,3,1,10
99404064,1559241661799779,408104203,-778707529,263625,229185,1.991,0.665773,8.139,22.935,0.99,2.95,68,8,1.646,0.963,-1.334,3.053,4.97623,0,3,1,10
99601627,1559241661999780,408104218,-778707564,262760,228320,1.999,0.665886,8.121,22.894,0.99,2.95,68,8,0.905,0.432,-0.795,2.601,4.97623,0,3,1,10
99804172,1559241662199779,408104224,-778707584,261991,227551,1.951,0.666004,8.09,22.843,0.99,2.95,68,8,0.498,-0.088,-0.49,2.819,4.97623,0,3,1,10
100004038,1559241662399779,408104245,-778707615,260814,226373,1.965,0.666128,8.067,22.771,0.99,2.95,68,8,0.823,0.343,-0.748,2.891,4.97623,0,3,1,10
100203166,1559241662599779,408104264,-778707616,260592,226151,2.029,0.666254,8.055,22.728,0.99,2.95,68,9,0.764,0.733,-0.215,2.972,4.97623,0,3,1,10
100404040,1559241662799779,408104285,-778707618,260381,225940,2.07,0.666356,8.043,22.69,0.99,2.95,68,9,1.066,1.065,-0.046,2.238,4.97623,0,3,1,10
100603162,1559241662999780,408104315,-778707606,260650,226209,2.073,0.666459,8.03,22.629,0.99,2.95,68,9,1.508,1.507,0.06,1.991,4.97623,0,3,1,10
100801858,1559241663199779,408104344,-778707604,260632,226192,2.079,0.666557,8.015,22.55,0.99,2.95,68,9,1.487,1.468,-0.237,1.872,4.97623,0,3,1,10
101004109,1559241663399779,408104372,-778707612,260710,226269,2.055,0.666647,8.001,22.466,0.99,2.95,68,9,1.622,1.5,-0.617,1.455,4.97623,0,3,1,10
101207117,1559241663599779,408104402,-778707614,260792,226351,2.057,0.666735,7.988,22.388,0.99,2.95,68,9,1.542,1.496,-0.372,1.51,4.97623,0,3,1,10
101404061,1559241663799779,408104422,-778707586,261887,227446,2.019,0.666819,7.978,22.312,0.99,2.95,68,9,1.493,1.487,0.131,1.13,4.97623,0,3,1,10
101603114,1559241663999780,408104448,-778707561,261923,227482,1.868,0.666899,7.965,22.23,0.99,2.95,68,9,1.496,1.275,0.781,1.249,4.97623,0,3,1,10
101806133,1559241664199779,408104461,-778707532,262231,227790,1.799,0.666973,7.953,22.151,0.99,2.95,68,9,1.128,0.858,0.732,1.006,4.97623,0,3,1,10
102008037,1559241664399779,408104466,-778707502,262603,228163,1.576,0.667037,7.943,22.082,0.99,2.95,68,9,0.95,0.457,0.833,0.718,4.97623,0,3,1,10
102199158,1559241664599779,408104468,-778707457,263867,229427,1.402,0.667095,7.934,22.019,0.99,2.95,68,7,1.113,0.626,0.92,-0.053,4.97623,0,3,1,10
102403203,1559241664799779,408104471,-778707431,264331,229890,1.367,0.667151,7.924,21.97,0.99,2.95,68,7,0.821,0.29,0.768,-0.285,4.97623,0,3,1,10
102605358,1559241664999780,408104468,-778707415,264443,230002,1.534,0.667214,7.919,21.92,0.99,2.95,68,7,0.471,-0.157,0.444,-0.145,4.97623,0,3,1,10
102804057,1559241665199779,408104467,-778707406,264626,230186,1.664,0.667283,7.907,21.894,0.99,2.95,68,7,0.457,0.064,0.452,-0.548,4.97623,0,3,1,10
103005874,1559241665399779,408104456,-778707393,264774,230334,1.828,0.667358,7.911,21.88,0.99,2.95,68,7,0.5,-0.206,0.456,-0.774,4.97623,0,3,1,10
103204104,1559241665599779,408104458,-778707371,265023,230583,1.516,0.66742,7.911,21.863,0.99,2.95,68,8,0.557,0.179,0.527,-0.45,4.97623,0,3,1,10
103405087,1559241665799779,408104451,-778707345,265358,230918,1.408,0.667478,7.912,21.845,0.99,2.95,68,8,0.7,0.016,0.7,-0.393,4.97623,0,3,1,10
103600235,1559241665999780,408104447,-778707329,265133,230693,1.265,0.66753,7.912,21.837,0.99,2.95,68,8,0.515,-0.127,0.499,0.05,4.97623,0,3,1,10
103808038,1559241666199779,408104444,-778707316,264957,230516,1.454,0.667589,7.909,21.819,0.99,2.95,68,8,0.414,-0.034,0.413,0.306,4.97623,0,3,1,10
104005058,1559241666399779,408104444,-778707299,264738,230297,1.326,0.667644,7.904,21.806,0.99,2.95,68,8,0.822,0.198,0.798,0.257,4.97623,0,3,1,10
104208038,1559241666599779,408104440,-778707285,264433,229993,1.506,0.667706,7.901,21.798,0.99,2.95,68,10,0.559,-0.018,0.559,0.423,4.97623,0,3,1,10
104406621,1559241666799779,408104431,-778707266,264434,229994,1.293,0.667759,7.896,21.79,0.99,2.95,68,10,0.885,-0.084,0.881,0.042,4.97623,0,3,1,10
104606157,1559241666999780,408104434,-778707262,264527,230087,1.943,0.667839,7.898,21.775,0.99,2.95,68,10,0.285,0.272,-0.083,0.02,4.97623,0,3,1,10
104806540,1559241667199779,408104423,-778707260,264600,230159,1.731,0.66791,7.898,21.754,1.07,3.01,68,10,0.226,-0.216,-0.066,0.079,4.97623,0,3,1,9
105005058,1559241667399779,408104411,-778707253,264514,230073,1.792,0.667983,7.894,21.76,1.07,3.01,68,10,0.443,-0.43,0.106,0.32,4.97623,0,3,1,9
105206618,1559241667599779,408104393,-778707238,264958,230518,1.729,0.668054,7.882,21.769,1.07,3.01,68,9,0.49,-0.423,0.247,0.002,4.97623,0,3,1,9
105408037,1559241667799779,408104386,-778707234,265216,230775,1.073,0.668098,7.862,21.781,1.07,3.01,68,9,0.353,0.036,-0.351,0.074,4.97623,0,3,1,9
105617038,1559241667999780,408104390,-778707230,265241,230800,1.709,0.668169,7.85,21.788,1.07,3.01,68,9,0.472,0.444,-0.161,0.291,4.97623,0,3,1,9
105808145,1559241668199779,408104396,-778707218,265747,231306,1.619,0.668235,7.827,21.772,1.14,3.02,68,9,0.84,0.828,-0.139,0.029,4.97623,0,3,1,8
106005089,1559241668399779,408104401,-778707232,265636,231195,1.21,0.668285,7.807,21.731,1.62,3.75,68,9,0.698,0.447,-0.536,0.011,4.97623,0,3,1,7
106210120,1559241668599779,408104386,-778707206,268083,233643,1.596,0.66835,7.75,21.415,1.14,2.09,73,7,0.255,0.237,-0.095,0.216,4.97623,0,3,1,9
106409039,1559241668799779,408104361,-778707198,271238,236798,1.734,0.668421,7.68,21.132,1.14,2.09,73,7,0.386,-0.164,-0.349,-0.661,4.97623,0,3,1,9
106618112,1559241668999780,408104340,-778707161,273563,239122,1.661,0.668489,7.633,20.849,1.14,2.09,73,7,0.068,-0.066,0.014,-0.15,4.97623,0,3,1,9
106814113,1559241669199779,408104321,-778707130,275785,241345,1.156,0.668537,7.589,20.589,1.14,2.09,73,7,0.185,-0.108,0.151,0.044,4.97623,0,3,1,9
107012117,1559241669399779,408104300,-778707113,277999,243559,1.38,0.668593,7.553,20.366,1.14,2.09,73,7,0.216,-0.03,-0.213,-0.155,4.97623,0,3,1,9
107213109,1559241669599779,408104285,-778707102,279875,245435,1.327,0.668648,7.507,20.18,1.14,2.09,78,12,0.303,0.226,-0.201,-0.185,4.97623,0,3,1,9
107413103,1559241669799779,408104274,-778707094,281591,247151,1.258,0.668699,7.461,20.025,1.14,2.09,78,12,0.55,0.427,-0.347,-0.102,4.97623,0,3,1,9
107613037,1559241669999780,408104264,-778707087,283473,249033,1.234,0.66875,7.439,19.881,1.14,2.09,78,12,0.644,0.33,-0.553,-0.087,4.97623,0,3,1,9
107817040,1559241670199779,408104254,-778707070,285087,250647,1.647,0.668817,7.43,19.749,1.14,2.09,78,12,0.455,0.393,-0.229,0.2,4.97623,0,3,1,9
108019584,1559241670399779,408104245,-778707060,286285,251845,1.669,0.668886,7.43,19.629,1.14,2.09,78,12,0.263,0.209,-0.161,0.501,4.97623,0,3,1,9
108218082,1559241670599779,408104255,-778707075,285870,251430,1.722,0.668957,7.442,19.611,1.23,3.22,78,8,0.461,0.458,-0.049,0.468,4.97623,0,3,1,8
108413038,1559241670799779,408104250,-778707071,286815,252374,1.683,0.669025,7.447,19.513,1.14,2.09,78,8,0.433,0.337,-0.272,0.769,4.97623,0,3,1,9
108614151,1559241670999780,408104241,-778707056,287827,253387,1.64,0.669093,7.453,19.417,1.14,2.09,78,8,0.225,0.206,-0.091,1.135,4.97623,0,3,1,9
108826125,1559241671199779,408104236,-778707065,288683,254242,1.628,0.66916,7.449,19.319,1.14,2.09,78,8,0.498,0.327,-0.375,1.018,4.97623,0,3,1,9
109006110,1559241671399779,408104227,-778707064,289692,255252,1.592,0.669225,7.441,19.225,1.14,2.09,78,8,0.178,0.173,-0.041,0.877,4.97623,0,3,1,9
109213033,1559241671599779,408104208,-778707039,291461,257020,1.582,0.66929,7.434,19.157,1.14,2.09,73,7,0.074,0.055,-0.049,0.7,4.97623,0,3,1,9
109413073,1559241671799779,408104192,-778707009,292708,258267,1.536,0.669352,7.421,19.071,1.08,2.04,73,7,0.392,0.136,0.367,1.076,4.97623,0,3,1,10
109613140,1559241671999780,408104173,-778706974,293769,259329,1.497,0.669418,7.417,19.019,1.08,2.04,73,7,0.749,-0.016,0.749,1.402,4.97623,0,3,1,10
109815730,1559241672199779,408104167,-778706961,294958,260517,1.624,0.669484,7.412,18.96,1.08,2.04,73,7,0.496,0.463,-0.178,1.018,4.97623,0,3,1,10
110014106,1559241672399779,408104163,-778706935,295717,261277,1.437,0.669551,7.409,18.899,1.08,2.04,73,7,1.105,0.56,0.953,1.208,4.97623,0,3,1,10
110218105,1559241672599779,408104144,-778706900,296816,262376,1.617,0.669617,7.403,18.846,1.08,2.04,73,10,0.665,0.058,0.662,1.328,4.97623,0,3,1,10
110410106,1559241672799779,408104144,-778706890,298248,263808,1.675,0.669686,7.382,18.765,1.08,2.04,73,10,0.781,0.78,0.032,0.621,4.97623,0,3,1,10
110618103,1559241672999780,408104134,-778706879,299228,264787,1.66,0.669754,7.37,18.66,1.08,2.04,73,10,0.196,0.196,0.003,0.693,4.97623,0,3,1,10
110818082,1559241673199779,408104117,-778706872,300581,266141,1.325,0.669808,7.368,18.578,1.08,2.04,73,10,0.24,-0.143,-0.193,0.144,4.97623,0,3,1,10
111018122,1559241673399779,408104094,-778706866,302112,267672,1.299,0.669861,7.371,18.527,1.08,2.04,73,10,0.652,-0.4,-0.515,-0.004,4.97623,0,3,1,10
111225142,1559241673599779,408104075,-778706870,303524,269084,1.239,0.669912,7.379,18.481,1.08,2.04,78,10,0.828,-0.308,-0.768,-0.212,4.97623,0,3,1,10
111429041,1559241673799779,408104050,-778706862,304718,270278,1.472,0.669972,7.392,18.447,1.08,2.04,78,10,0.633,-0.501,-0.386,0.199,4.97623,0,3,1,10
111626133,1559241673999780,408104034,-778706851,305844,271403,1.414,0.67003,7.403,18.417,1.08,2.04,78,10,0.421,-0.168,-0.386,0.619,4.97623,0,3,1,10
111814104,1559241674199779,408104022,-778706851,306801,272360,1.381,0.670087,7.414,18.393,1.08,2.04,78,10,0.709,0.028,-0.708,0.833,4.97623,0,3,1,10
112020114,1559241674399779,408104020,-778706857,307727,273287,1.614,0.670153,7.424,18.369,1.08,2.04,78,10,0.777,0.435,-0.644,0.793,4.97623,0,3,1,10
112218102,1559241674599779,408104014,-778706857,308537,274097,1.659,0.670221,7.431,18.333,1.08,2.04,78,9,0.364,0.296,-0.212,0.632,4.97623,0,3,1,10
112422111,1559241674799779,408104003,-778706842,309511,275070,1.612,0.670286,7.437,18.296,1.08,2.04,78,9,0.126,0.115,0.052,0.528,4.97623,0,3,1,10
112612281,1559241674999780,408103992,-778706827,310482,276041,1.58,0.670351,7.441,18.262,1.08,2.04,78,9,0.106,0.064,-0.084,0.647,4.97623,0,3,1,10
112810185,1559241675199779,408103996,-778706813,311173,276733,1.728,0.670422,7.452,18.231,1.08,2.04,78,9,0.74,0.715,-0.19,1.154,4.97623,0,3,1,10
113012288,1559241675399779,408104004,-778706815,311915,277474,1.744,0.67051,7.466,18.206,1.08,2.04,78,9,1.46,1.055,-1.01,1.6,4.97623,0,3,1,10
113209036,1559241675599779,408104033,-778706839,312661,278221,1.67,0.552888,7.476,18.183,1.08,2.04,78,7,2.577,1.91,-1.731,1.73,5.31591,0,3,1,10
113414250,1559241675799779,408104070,-778706875,313217,278776,1.658,0.479586,7.482,18.155,1.08,2.04,78,7,2.905,2.339,-1.723,1.484,5.50562,0,3,1,10
113614155,1559241675999780,408104085,-778706894,313767,279327,1.662,0.741897,7.483,18.122,1.08,2.04,78,7,1.808,1.531,-0.962,1.356,5.56948,0,3,1,10
113818086,1559241676199779,408104095,-778706909,314262,279822,1.691,0.741981,7.488,18.08,1.08,2.04,78,7,1.559,1.171,-1.03,1.64,5.56948,0,3,1,10
114014118,1559241676399779,408104090,-778706918,314866,280426,1.675,0.742044,7.502,18.044,1.08,2.04,78,7,0.854,0.37,-0.77,1.474,5.56948,0,3,1,10
114215089,1559241676599779,408104079,-778706914,315419,280978,1.578,0.742102,7.516,18.013,1.08,2.04,84,10,0.194,0.033,-0.191,1.396,5.56948,0,3,1,10
114410167,1559241676799779,408104061,-778706906,315980,281540,1.548,0.742159,7.528,17.977,1.08,2.04,84,10,0.432,-0.419,0.108,1.189,5.56948,0,3,1,10
114615124,1559241676999780,408104044,-778706888,316926,282485,1.526,0.742216,7.527,17.94,1.08,2.04,84,10,0.399,0.027,0.398,0.901,5.56948,0,3,1,10
114818115,1559241677199779,408104037,-778706882,317453,283013,1.532,0.742272,7.524,17.909,1.08,2.04,84,10,0.179,-0.018,0.178,0.664,5.56948,0,3,1,10
115012993,1559241677399779,408104019,-778706864,318126,283685,1.305,0.74232,7.512,17.87,1.08,2.04,84,10,0.751,-0.055,0.749,0.446,5.56948,0,3,1,10
115211117,1559241677599779,408104000,-778706846,318779,284338,1.304,0.742369,7.499,17.833,1.08,2.04,84,10,0.676,-0.203,0.644,0.38,5.56948,0,3,1,10
115416777,1559241677799779,408103979,-778706839,319677,285237,1.472,0.742423,7.484,17.795,1.1,2.04,84,10,0.218,-0.189,0.108,-0.147,5.56948,0,3,1,9
115613351,1559241677999780,408103977,-778706817,320361,285920,1.429,0.742476,7.475,17.765,1.1,2.04,84,10,0.492,0.214,0.444,0.205,5.56948,0,3,1,9
115810107,1559241678199779,408103977,-778706796,320826,286386,1.3,0.742524,7.464,17.733,1.1,2.04,84,10,0.664,0.257,0.612,0.355,5.56948,0,3,1,9
116013100,1559241678399779,408103979,-778706775,321278,286838,1.437,0.742577,7.465,17.707,1.1,2.04,84,10,0.891,0.34,0.824,0.135,5.56948,0,3,1,9
116212912,1559241678599779,408104012,-778706776,321247,286807,1.391,0.342171,10.527,24.931,0.95,1.91,84,9,4.835,1.433,-4.618,-1.627,5.11063,0,3,1,10
116411099,1559241678799779,408104026,-778706805,322069,287629,1.757,0.77607,9.719,22.968,1.1,2.04,84,9,2.022,1.34,-1.514,-0.998,5.16378,0,3,1,9
116611092,1559241678999780,408104051,-778706812,322614,288174,2.0,0.776141,8.992,21.188,1.1,2.04,84,9,1.909,1.795,-0.65,-0.273,5.16378,0,3,1,9
116813839,1559241679199779,408104075,-778706806,322900,288460,2.017,0.776212,8.335,19.568,1.1,2.04,84,9,1.774,1.759,-0.228,0.466,5.16378,0,3,1,9
117023095,1559241679399779,408104100,-778706796,323142,288701,1.969,0.776283,7.727,18.09,1.1,2.04,84,9,1.794,1.794,-0.047,0.86,5.16378,0,3,1,9
117206143,1559241679599779,408104112,-778706807,322513,288073,1.936,0.776351,7.578,17.752,1.18,3.13,84,7,0.84,0.839,-0.039,0.613,5.16378,0,3,1,9
117416036,1559241679799779,408104103,-778706803,321992,287551,1.725,0.776412,7.604,17.838,1.18,3.13,84,7,0.373,-0.151,0.341,0.615,5.16378,0,3,1,9
117603140,1559241679999780,408104108,-778706801,321249,286809,1.741,0.776473,7.639,17.929,1.18,3.13,84,7,0.463,-0.158,0.435,0.849,5.16378,0,3,1,9
117806159,1559241680199779,408104121,-778706805,320535,286094,1.817,0.776538,7.68,18.023,1.18,3.13,84,7,0.314,0.266,0.167,1.155,5.16378,0,3,1,9
118006373,1559241680399779,408104120,-778706792,320273,285833,1.798,0.776601,7.719,18.12,1.18,3.13,84,7,0.486,-0.179,0.452,0.683,5.16378,0,3,1,9
118205793,1559241680599779,408104110,-778706803,319938,285497,1.769,0.776664,7.732,18.208,1.18,3.13,83,8,0.484,-0.426,-0.229,0.824,5.16378,0,3,1,9
118404040,1559241680799779,408104087,-778706803,319259,284819,1.827,0.776728,7.748,18.303,1.18,3.13,83,8,0.926,-0.903,0.206,1.266,5.16378,0,3,1,9
118603214,1559241680999780,408104060,-778706805,318513,284073,1.862,0.776797,7.771,18.399,1.18,3.13,83,8,1.436,-1.423,0.187,1.309,5.16378,0,3,1,9
118822054,1559241681199780,408104029,-778706803,317767,283327,1.88,0.776873,7.794,18.498,1.18,3.13,83,8,1.655,-1.617,0.351,1.413,5.16378,0,3,1,9
119007405,1559241681399780,408103988,-778706784,317849,283409,1.863,0.76112,7.811,18.511,1.08,2.04,83,8,1.829,-1.768,0.468,1.492,3.9999,0,3,1,10
119208035,1559241681599780,408103959,-778706770,317881,283441,1.839,0.761199,7.831,18.527,1.08,2.04,78,8,1.439,-1.39,0.37,1.633,3.9999,0,3,1,10
119409350,1559241681799780,408103932,-778706769,317370,282930,1.842,0.761271,7.856,18.623,1.18,3.13,78,8,1.437,-1.407,0.289,1.403,3.9999,0,3,1,9
119609563,1559241681999781,408103926,-778706777,316848,282408,1.804,0.761336,7.882,18.721,1.23,3.21,78,8,0.606,-0.586,-0.152,1.495,3.9999,0,3,1,8
119809599,1559241682199780,408103934,-778706785,316236,281795,1.87,0.761403,7.909,18.816,1.23,3.21,78,8,0.216,-0.088,-0.197,1.483,3.9999,0,3,1,8
120004037,1559241682399780,408103945,-778706776,315708,281268,1.87,0.76147,7.939,18.911,1.23,3.21,78,8,0.412,0.314,0.266,1.672,3.9999,0,3,1,8
120208036,1559241682599780,408103956,-778706780,315091,280651,1.859,0.761537,7.965,19.005,1.23,3.21,73,8,0.222,0.195,0.106,1.353,3.9999,0,3,1,8
120407329,1559241682799780,408103976,-778706782,314443,280003,1.854,0.761604,7.989,19.096,1.23,3.21,73,8,0.556,0.543,0.118,1.33,3.9999,0,3,1,8
120607117,1559241682999781,408103998,-778706766,313923,279483,1.821,0.761672,8.015,19.182,1.23,3.21,73,8,1.097,0.922,0.593,1.538,3.9999,0,3,1,8
120809039,1559241683199780,408104012,-778706749,313456,279016,1.861,0.761741,8.046,19.269,1.23,3.21,73,8,0.944,0.752,0.571,1.653,3.9999,0,3,1,8
121009100,1559241683399780,408104021,-778706748,312703,278263,1.9,0.761809,8.082,19.36,1.23,3.21,73,8,0.438,0.326,0.293,1.679,3.9999,0,3,1,8
121207120,1559241683599780,408104012,-778706771,311817,277377,1.858,0.761876,8.106,19.444,1.23,3.21,72,7,0.726,-0.595,-0.417,1.566,3.9999,0,3,1,8
121413121,1559241683799780,408104009,-778706780,311486,277045,1.806,0.761941,8.131,19.529,1.23,3.21,72,7,0.541,-0.357,-0.406,1.464,3.9999,0,3,1,8
121617036,1559241683999781,408104003,-778706766,311652,277212,1.821,0.762007,8.151,19.616,1.23,3.21,72,7,0.46,-0.29,0.357,1.012,3.9999,0,3,1,8
121805062,1559241684199780,408104010,-778706777,311252,276811,1.825,0.762072,8.173,19.717,1.23,3.21,72,7,0.514,0.072,-0.509,1.182,3.9999,0,3,1,8
122009041,1559241684399780,408104037,-778706803,310646,276206,1.807,0.762137,8.195,19.813,1.23,3.21,72,7,1.039,0.763,-0.705,1.054,3.9999,0,3,1,8
122213100,1559241684599780,408104063,-778706846,309585,275145,1.786,0.762202,8.221,19.91,1.23,3.21,72,12,1.382,0.774,-1.146,1.151,3.9999,0,3,1,8
122408037,1559241684799780,408104070,-778706872,309014,274574,1.74,0.762264,8.243,19.993,1.23,3.21,72,12,0.829,0.249,-0.791,1.074,3.9999,0,3,1,8
122597038,1559241684999781,408104058,-778706899,308691,274251,1.595,0.76233,8.258,20.071,1.23,3.21,72,12,1.245,-0.179,-1.232,1.316,3.9999,0,3,1,8
122804146,1559241685199780,408104049,-778706914,308955,274515,1.597,0.762387,8.277,20.153,1.23,3.21,72,12,0.969,-0.267,-0.931,0.933,3.9999,0,3,1,8
123003114,1559241685399780,408104042,-778706927,309248,274807,1.551,0.762443,8.296,20.233,1.23,3.21,72,12,0.948,-0.112,-0.941,0.772,3.9999,0,3,1,8
123204061,1559241685599780,408104022,-778706912,309893,275453,1.801,0.762508,8.32,20.321,1.23,3.21,72,10,0.523,-0.226,-0.472,1.086,3.9999,0,3,1,8
123402144,1559241685799780,408104022,-778706928,309556,275116,1.758,0.762571,8.353,20.423,1.23,3.21,72,10,0.642,-0.165,-0.621,1.045,3.9999,0,3,1,8
123605032,1559241685999781,408104016,-778706929,309484,275043,1.835,0.762637,8.372,20.501,1.23,3.21,72,10,0.362,-0.215,-0.291,1.069,3.9999,0,3,1,8
123806112,1559241686199780,408104005,-778706926,309443,275003,1.862,0.762704,8.39,20.584,1.23,3.21,72,10,0.384,-0.368,-0.111,1.05,3.9999,0,3,1,8
123998146,1559241686399780,408103999,-778706935,309263,274823,1.818,0.762769,8.407,20.67,1.23,3.21,72,10,0.554,-0.426,-0.355,0.94,3.9999,0,3,1,8
124201148,1559241686599780,408104002,-778706959,308987,274546,1.615,0.762827,8.423,20.756,1.23,3.21,72,9,0.798,-0.148,-0.784,0.779,3.9999,0,3,1,8
124403203,1559241686799780,408103990,-778706944,309098,274658,1.872,0.762894,8.434,20.834,1.23,3.21,72,9,0.349,-0.266,0.226,0.935,3.9999,0,3,1,8
124597036,1559241686999781,408103969,-778706901,309447,275007,1.681,0.762955,8.442,20.905,1.23,3.21,72,9,1.303,-0.524,1.193,1.039,3.9999,0,3,1,8
124798128,1559241687199780,408103969,-778706897,309127,274687,1.798,0.763019,8.446,20.963,1.23,3.21,72,9,0.594,-0.188,0.563,1.06,3.9999,0,3,1,8
125001036,1559241687399780,408103956,-778706895,308646,274206,1.796,0.763084,8.445,21.022,1.23,3.21,72,9,0.93,-0.682,0.633,1.046,3.9999,0,3,1,8
125204087,1559241687599780,408103940,-778706886,309020,274580,1.827,0.76315,8.443,21.086,1.23,3.21,67,16,0.809,-0.679,0.439,0.531,3.9999,0,3,1,8
125399444,1559241687799780,408103936,-778706880,309578,275137,1.553,0.763205,8.439,21.147,1.23,3.21,67,16,0.268,-0.142,0.227,0.086,3.9999,0,3,1,8
125599216,1559241687999781,408103929,-778706850,309888,275448,1.39,0.763255,8.435,21.204,1.23,3.21,67,16,0.758,0.041,0.757,0.291,3.9999,0,3,1,8
125798114,1559241688199780,408103942,-778706843,309584,275144,1.854,0.763322,8.45,21.268,1.23,3.21,67,16,0.526,0.379,0.364,0.333,3.9999,0,3,1,8
126001035,1559241688399780,408103968,-778706824,309801,275361,2.127,0.763398,8.469,21.342,1.23,3.21,67,16,1.319,1.308,0.167,0.617,3.9999,0,3,1,8
126199142,1559241688599780,408104031,-778706828,309267,274827,2.188,0.514883,8.49,21.416,1.23,3.21,67,10,2.504,2.503,0.08,0.743,5.59125,0,3,1,8
126398118,1559241688799780,408104106,-778706833,309094,274653,2.225,0.381699,8.514,21.502,1.23,3.21,67,10,3.349,3.349,-0.051,0.521,6.02807,0,3,1,8
126597040,1559241688999781,408104192,-778706858,308918,274477,2.288,0.331441,8.542,21.594,1.23,3.21,67,10,3.934,3.883,-0.631,0.022,6.08177,0,3,1,8
126797034,1559241689199780,408104281,-778706879,308848,274408,2.3,0.289185,8.57,21.685,1.23,3.21,67,10,4.384,4.322,-0.734,-0.161,6.10067,0,3,1,8
126998088,1559241689399780,408104371,-778706909,308450,274010,2.328,0.270781,8.599,21.784,1.23,3.21,67,10,4.484,4.402,-0.853,-0.271,6.09596,0,3,1,8
127198116,1559241689599780,408104462,-778706924,308123,273683,2.349,0.260752,8.631,21.891,1.23,3.21,67,12,4.692,4.653,-0.601,0.001,6.12649,0,3,1,8
127401366,1559241689799780,408104557,-778706937,307826,273386,2.369,0.253348,8.665,22.002,1.23,3.21,67,12,4.872,4.852,-0.443,0.146,6.1603,0,3,1,8
127601036,1559241689999781,408104637,-778706949,307866,273426,2.419,0.270832,8.703,22.123,1.23,3.21,67,12,4.544,4.502,-0.62,-0.018,6.15374,0,3,1,8
127798111,1559241690199780,408104713,-778706947,307966,273525,2.407,0.280619,8.736,22.235,1.23,3.21,67,12,4.426,4.403,-0.452,0.232,6.16681,0,3,1,8
127997038,1559241690399780,408104783,-778706940,308071,273631,2.396,0.289858,8.77,22.35,1.23,3.21,67,12,4.224,4.21,-0.342,0.449,6.18389,0,3,1,8
128200109,1559241690599780,408104802,-778706915,308666,274225,2.537,0.412171,8.774,22.453,1.08,3.68,67,9,2.705,2.699,-0.179,0.132,6.19482,0,3,1,8
128405055,1559241690799780,408104779,-778706891,309034,274594,2.517,0.412339,8.777,22.557,1.08,3.68,67,9,0.739,0.739,-0.015,-0.105,6.19482,0,3,1,8
128606253,1559241690999781,408104748,-778706897,307973,273533,2.234,0.412487,8.755,22.509,1.01,1.93,67,9,0.763,-0.739,0.191,-0.464,6.19482,0,3,1,10
