timestamp,states[0],states[1],states[2],states[3],states[4],states[5],states[6],states[7],states[8],states[9],states[10],states[11],states[12],states[13],states[14],states[15],states[16],states[17],states[18],states[19],states[20],states[21],states[22],states[23],n_states,vibe[0],vibe[1],vibe[2],covariances[0],covariances[1],covariances[2],covariances[3],covariances[4],covariances[5],covariances[6],covariances[7],covariances[8],covariances[9],covariances[10],covariances[11],covariances[12],covariances[13],covariances[14],covariances[15],covariances[16],covariances[17],covariances[18],covariances[19],covariances[20],covariances[21],covariances[22],covariances[23],control_mode_flags,pos_horiz_accuracy,pos_vert_accuracy,mag_test_ratio,vel_test_ratio,pos_test_ratio,hgt_test_ratio,tas_test_ratio,hagl_test_ratio,beta_test_ratio,time_slip,gps_check_fail_flags,filter_fault_flags,innovation_check_flags,solution_status_flags,nan_flags,health_flags,timeout_flags,pre_flt_fail
36244796,-0.234404,0.0274275,-0.0102061,0.971699,0.000303392,-0.00193604,-0.133554,0.00131379,-0.00127088,-0.939446,-4.72243e-06,-5.18189e-07,9.0608e-06,1.46818e-05,-1.27899e-05,0.000345991,0.233963,6.18981e-09,0.487085,0.0,0.0,0.0,0.0,0.0,0.0,5.39015e-11,1.36435e-05,0.0001379,0.000142157,0.000103177,0.000103262,8.56031e-06,0.0211509,0.0211573,0.0994847,0.0476857,0.0476904,1.1434,4.30618e-11,4.23866e-11,5.92529e-10,2.36676e-06,2.36989e-06,1.02677e-07,0.0,0.0,0.0,0.0,0.0,0.0,0.0,0.0,531,0.30883,1.0693,0.0192579,0.0,2.84974e-05,0.0402855,0.0,0.0,0.0,4.8e-05,96,0,0,165,0,0,0,0
36444745,-0.234734,0.0274327,-0.0102116,0.971619,-8.13686e-05,-0.00199969,-0.135103,0.00109925,-0.00138733,-0.966268,-4.7524e-06,-4.93368e-07,8.33092e-06,1.47305e-05,-1.27666e-05,0.000346103,0.233963,6.18981e-09,0.487085,0.0,0.0,0.0,0.0,0.0,0.0,5.18667e-11,1.3312e-05,0.000127384,0.000139781,0.000102967,0.000103051,8.40817e-06,0.0209862,0.0209924,0.104366,0.0485711,0.0485759,1.26475,4.09873e-11,4.03411e-11,5.67073e-10,2.36674e-06,2.36987e-06,1.02677e-07,0.0,0.0,0.0,0.0,0.0,0.0,0.0,0.0,531,0.311684,1.12461,0.0249517,0.0,2.87414e-05,0.0402855,0.0,0.0,0.0,-3e-06,96,0,0,165,0,0,0,0
36648755,-0.235283,0.0274323,-0.010214,0.971486,0.000701397,-0.00200303,-0.122311,0.000979326,-0.00157028,-0.932463,-4.80193e-06,-4.56642e-07,7.21735e-06,1.42351e-05,-1.23373e-05,0.000333946,0.233963,6.18981e-09,0.487085,0.0,0.0,0.0,0.0,0.0,0.0,4.91373e-11,1.30869e-05,0.000125611,0.000138612,0.000102863,0.000102945,8.32789e-06,0.0212748,0.0212809,0.0891339,0.0506807,0.0506861,1.05963,3.93328e-11,3.87112e-11,5.45681e-10,2.36669e-06,2.36984e-06,8.9146e-08,0.0,0.0,0.0,0.0,0.0,0.0,0.0,0.0,531,0.318381,1.02938,0.0204932,0.0,2.72345e-05,0.0212001,0.0,0.0,0.0,7e-06,96,0,0,165,0,0,0,0
36852743,-0.235668,0.0274375,-0.0102186,0.971392,-3.93826e-05,-0.00181195,-0.125724,0.000835969,-0.00163918,-0.95727,-4.83538e-06,-4.3088e-07,6.43025e-06,1.42904e-05,-1.23093e-05,0.000334069,0.233963,6.18981e-09,0.487085,0.0,0.0,0.0,0.0,0.0,0.0,4.74178e-11,1.31746e-05,0.000125059,0.000136354,0.000102713,0.000102792,8.18602e-06,0.021268,0.0212739,0.0934168,0.0519419,0.0519475,1.16934,3.76651e-11,3.70698e-11,5.22899e-10,2.36667e-06,2.36982e-06,8.91463e-08,0.0,0.0,0.0,0.0,0.0,0.0,0.0,0.0,531,0.322319,1.08136,0.0422523,0.0,3.02898e-05,0.0212001,0.0,0.0,0.0,-5e-06,96,0,0,165,0,0,0,0
37056788,-0.236235,0.0274462,-0.0102004,0.971255,0.000275896,-0.000935996,-0.0833255,0.000601516,-0.00135554,-0.798225,-4.87751e-06,-3.97659e-07,5.39362e-06,1.26966e-05,-1.11321e-05,0.000298836,0.233963,6.18981e-09,0.487085,0.0,0.0,0.0,0.0,0.0,0.0,4.95517e-11,1.33163e-05,0.000121509,0.00013438,0.000102108,0.000102186,8.06308e-06,0.0187616,0.0187661,0.0801204,0.044496,0.0445001,0.984983,3.47009e-11,3.41279e-11,5.01369e-10,2.36661e-06,2.36977e-06,7.78836e-08,0.0,0.0,0.0,0.0,0.0,0.0,0.0,0.0,531,0.298322,0.992463,0.0254258,0.0,2.81696e-05,0.0667029,0.0,0.0,0.0,4e-05,96,0,0,165,0,0,0,0
37257556,-0.236677,0.0274393,-0.0102075,0.971147,8.76369e-05,-0.000145924,-0.0835634,0.000545231,-0.00126988,-0.814915,-4.91269e-06,-3.72102e-07,4.59537e-06,1.27583e-05,-1.11024e-05,0.000298963,0.233963,6.18981e-09,0.487085,0.0,0.0,0.0,0.0,0.0,0.0,5.15121e-11,1.35434e-05,0.00024671,0.000133081,0.000102009,0.000102086,7.98239e-06,0.0188346,0.0188386,0.0838938,0.0457335,0.0457378,1.08449,3.34111e-11,3.28591e-11,4.83251e-10,2.36659e-06,2.36975e-06,7.7884e-08,0.0,0.0,0.0,0.0,0.0,0.0,0.0,0.0,531,0.302442,1.04139,0.0460729,0.0,2.73567e-05,0.0667029,0.0,0.0,0.0,8e-06,96,0,0,165,0,0,0,0
37461543,-0.237241,0.027467,-0.0102004,0.971009,-0.000221568,0.000512188,-0.085087,0.000460449,-0.00100164,-0.831748,-4.9562e-06,-3.41252e-07,3.63707e-06,1.28362e-05,-1.10698e-05,0.000299113,0.233963,6.18981e-09,0.487085,0.0,0.0,0.0,0.0,0.0,0.0,5.00625e-11,1.32711e-05,0.000194967,0.000130992,0.000101897,0.000101973,7.85757e-06,0.0188126,0.0188162,0.0877568,0.0467458,0.0467501,1.19319,3.21478e-11,3.16185e-11,4.63904e-10,2.36657e-06,2.36973e-06,7.78844e-08,0.0,0.0,0.0,0.0,0.0,0.0,0.0,0.0,531,0.305771,1.09233,0.0275569,0.0,2.273e-05,0.0667029,0.0,0.0,0.0,-1.5e-05,96,0,0,165,0,0,0,0
37665546,-0.23735,0.0274892,-0.0102109,0.970982,-0.000516683,0.000185128,-0.0646194,0.000296963,-0.000745683,-0.761206,-4.96532e-06,-3.33875e-07,3.40608e-06,1.21247e-05,-1.05615e-05,0.000283684,0.233963,6.18981e-09,0.487085,0.0,0.0,0.0,0.0,0.0,0.0,4.64057e-11,1.30587e-05,0.000167397,0.000129173,0.000101849,0.000101923,7.74846e-06,0.0190938,0.0190972,0.0755169,0.048672,0.0486765,1.00813,3.10967e-11,3.0589e-11,4.45601e-10,2.36653e-06,2.36971e-06,6.84254e-08,0.0,0.0,0.0,0.0,0.0,0.0,0.0,0.0,531,0.312007,1.00406,0.0160903,0.0,1.78365e-05,0.0318018,0.0,0.0,0.0,-2e-06,96,0,0,165,0,0,0,0
37865655,-0.237502,0.0274913,-0.0101997,0.970945,-0.0020499,0.000959607,-0.0648245,-3.88732e-05,-0.000473888,-0.77416,-4.97869e-06,-3.24164e-07,3.0993e-06,1.21491e-05,-1.05491e-05,0.000283733,0.233963,6.18981e-09,0.487085,0.0,0.0,0.0,0.0,0.0,0.0,4.74914e-11,1.32186e-05,0.000148587,0.000127208,0.000101764,0.000101837,7.63051e-06,0.0191309,0.019134,0.0789284,0.0498396,0.049844,1.10641,3.00365e-11,2.95492e-11,4.28268e-10,2.36652e-06,2.36969e-06,6.84258e-08,0.0,0.0,0.0,0.0,0.0,0.0,0.0,0.0,531,0.315727,1.05186,0.00234686,0.0,1.32805e-05,0.0318018,0.0,0.0,0.0,0.000107,96,0,0,165,0,0,0,0
38069669,-0.23757,0.0274861,-0.010185,0.970928,-0.00259056,0.00119338,-0.0485638,-0.000400537,-0.00016371,-0.715268,-4.98549e-06,-3.20398e-07,2.94284e-06,1.15945e-05,-1.01474e-05,0.0002716,0.233963,6.18981e-09,0.487085,0.0,0.0,0.0,0.0,0.0,0.0,4.76169e-11,1.30568e-05,0.000144639,0.000126049,0.000101319,0.000101391,7.56036e-06,0.0169314,0.0169336,0.0680927,0.0425921,0.0425951,0.936234,2.81107e-11,2.76385e-11,4.1364e-10,2.36647e-06,2.36965e-06,6.05068e-08,0.0,0.0,0.0,0.0,0.0,0.0,0.0,0.0,531,0.291868,0.967592,0.0174821,0.0,5.72182e-06,0.0273236,0.0,0.0,0.0,0.00012,96,0,0,165,0,0,0,0
38273649,-0.237819,0.0275087,-0.010194,0.970866,-0.00297663,0.00188784,-0.0482313,-0.000870859,0.000113555,-0.725328,-5.0084e-06,-3.06846e-07,2.48387e-06,1.16441e-05,-1.01344e-05,0.000271671,0.233963,6.18981e-09,0.487085,0.0,0.0,0.0,0.0,0.0,0.0,4.57412e-11,1.3305e-05,0.000138441,0.000124372,0.000101279,0.000101349,7.45958e-06,0.0171088,0.0171107,0.07124,0.044049,0.0440521,1.02913,2.72688e-11,2.68152e-11,3.97984e-10,2.36646e-06,2.36964e-06,6.05073e-08,0.0,0.0,0.0,0.0,0.0,0.0,0.0,0.0,531,0.296818,1.01446,0.0119994,0.0,1.53534e-05,0.0273236,0.0,0.0,0.0,0.000101,96,0,0,165,0,0,0,0
38477791,-0.237874,0.0275202,-0.0102014,0.970852,-0.00346614,0.00184094,-0.0484726,-0.00129977,0.000428634,-0.735002,-5.01669e-06,-3.04156e-07,2.34705e-06,1.16658e-05,-1.01333e-05,0.000271692,0.233963,6.18981e-09,0.487085,0.0,0.0,0.0,0.0,0.0,0.0,4.76914e-11,1.30207e-05,0.000122666,0.000122557,0.000101216,0.000101285,7.35177e-06,0.0171151,0.0171167,0.0743336,0.0449323,0.0449352,1.12601,2.64415e-11,2.60055e-11,3.83128e-10,2.36644e-06,2.36963e-06,6.05078e-08,0.0,0.0,0.0,0.0,0.0,0.0,0.0,0.0,531,0.299779,1.06114,0.0130404,0.0,2.43627e-05,0.0273236,0.0,0.0,0.0,0.000243,104,0,0,165,0,0,0,0
38677546,-0.237999,0.0275229,-0.0102107,0.970822,-0.00472721,0.00200552,-0.0300388,-0.00188563,0.000719179,-0.663723,-5.02804e-06,-2.99333e-07,2.14779e-06,1.11001e-05,-9.72403e-06,0.000259109,0.233963,6.18981e-09,0.487085,0.0,0.0,0.0,0.0,0.0,0.0,4.65168e-11,1.31558e-05,0.000118592,0.000121486,0.000101205,0.000101273,7.28956e-06,0.0173762,0.0173776,0.0644615,0.0465046,0.0465075,0.957418,2.57824e-11,2.53614e-11,3.70564e-10,2.36642e-06,2.36961e-06,5.3876e-08,0.0,0.0,0.0,0.0,0.0,0.0,0.0,0.0,531,0.304979,0.978478,0.0091465,0.0,2.59982e-05,0.0309772,0.0,0.0,0.0,-2e-06,104,0,0,165,0,0,0,0
38881638,-0.237934,0.0275456,-0.0101933,0.970837,-0.0059086,0.00202645,-0.0309748,-0.00265885,0.00100087,-0.670065,-5.02745e-06,-3.03735e-07,2.21327e-06,1.11057e-05,-9.73311e-06,0.000259098,0.233963,6.18981e-09,0.487085,0.0,0.0,0.0,0.0,0.0,0.0,4.66297e-11,1.31647e-05,0.000115712,0.00011993,0.000101189,0.000101257,7.19817e-06,0.0176243,0.0176255,0.0673287,0.0482141,0.0482169,1.04928,2.51184e-11,2.47135e-11,3.57085e-10,2.36641e-06,2.3696e-06,5.38766e-08,0.0,0.0,0.0,0.0,0.0,0.0,0.0,0.0,531,0.310533,1.02435,0.00726739,0.0,3.73847e-05,0.0309772,0.0,0.0,0.0,9e-05,104,0,0,165,0,0,0,0
39085630,-0.238025,0.0275492,-0.0101949,0.970815,-0.00585519,0.00220536,-0.0208053,-0.00285935,0.00108266,-0.63155,-5.04111e-06,-3.05704e-07,2.07762e-06,1.08326e-05,-9.53978e-06,0.000252399,0.233963,6.18981e-09,0.487085,0.0,0.0,0.0,0.0,0.0,0.0,4.31631e-11,1.29094e-05,0.000125234,0.000118244,0.000100864,0.00010093,7.09981e-06,0.0157467,0.0157474,0.0585185,0.041506,0.0415079,0.89483,2.38124e-11,2.34215e-11,3.44267e-10,2.36637e-06,2.36956e-06,5.00002e-08,0.0,0.0,0.0,0.0,0.0,0.0,0.0,0.0,531,0.288121,0.945955,0.00800164,0.0,5.54218e-05,0.0178561,0.0,0.0,0.0,8.2e-05,104,0,0,165,0,0,0,0
39286355,-0.238033,0.0275708,-0.0101963,0.970812,-0.0065748,0.00267226,-0.020308,-0.00347252,0.00133099,-0.635665,-5.0469e-06,-3.08635e-07,2.04818e-06,1.08513e-05,-9.56072e-06,0.000252402,0.233963,6.18981e-09,0.487085,0.0,0.0,0.0,0.0,0.0,0.0,4.239e-11,1.28372e-05,0.000256462,0.000117251,0.000100847,0.000100913,7.04213e-06,0.0158788,0.0158793,0.0609839,0.0426012,0.0426029,0.975438,2.32506e-11,2.28725e-11,3.33411e-10,2.36636e-06,2.36955e-06,5.00007e-08,0.0,0.0,0.0,0.0,0.0,0.0,0.0,0.0,531,0.291897,0.987643,0.000616046,0.0,6.82728e-05,0.0178561,0.0,0.0,0.0,-7e-06,104,0,0,165,0,0,0,0
39490371,-0.237827,0.0275714,-0.0102057,0.970863,-0.00655313,0.00314052,-0.0214859,-0.00410699,0.00163655,-0.640016,-5.03924e-06,-3.21776e-07,2.31428e-06,1.08417e-05,-9.59824e-06,0.000252361,0.233963,6.18981e-09,0.487085,0.0,0.0,0.0,0.0,0.0,0.0,4.2622e-11,1.27298e-05,0.000224173,0.000115804,0.000100833,0.000100897,6.95704e-06,0.0160279,0.0160282,0.0636055,0.0438774,0.043879,1.06634,2.26979e-11,2.23338e-11,3.21739e-10,2.36634e-06,2.36953e-06,5.00014e-08,0.0,0.0,0.0,0.0,0.0,0.0,0.0,0.0,531,0.296237,1.03264,0.0100274,0.0,8.08665e-05,0.0178561,0.0,0.0,0.0,2.3e-05,104,0,0,165,0,0,0,0
39694475,-0.237842,0.027572,-0.0102162,0.970859,-0.00686254,0.00302032,-0.0102275,-0.00477084,0.00196055,-0.588061,-5.04534e-06,-3.24925e-07,2.28596e-06,1.04893e-05,-9.37314e-06,0.000244533,0.233963,6.18981e-09,0.487085,0.0,0.0,0.0,0.0,0.0,0.0,4.57257e-11,1.29821e-05,0.000193489,0.000114234,0.000100844,0.000100907,6.8652e-06,0.0162918,0.016292,0.0555685,0.0453582,0.0453597,0.913461,2.22441e-11,2.18936e-11,3.10616e-10,2.36632e-06,2.36952e-06,5.00005e-08,0.0,0.0,0.0,0.0,0.0,0.0,0.0,0.0,531,0.301194,0.955751,0.0254034,0.0,7.94833e-05,0.0226612,0.0,0.0,0.0,9.5e-05,104,0,0,165,0,0,0,0
39898617,-0.237715,0.0275719,-0.0102044,0.97089,-0.00699053,0.00375747,-0.00889627,-0.00537154,0.00237084,-0.590016,-5.04263e-06,-3.35258e-07,2.45882e-06,1.04836e-05,-9.41699e-06,0.000244507,0.233963,6.18981e-09,0.487085,0.0,0.0,0.0,0.0,0.0,0.0,4.47367e-11,1.32954e-05,0.0001955,0.000112862,0.000100849,0.000100911,6.78533e-06,0.0165271,0.0165271,0.0579347,0.0469227,0.0469241,0.996479,2.17818e-11,2.14441e-11,3.00022e-10,2.3663e-06,2.3695e-06,5.00012e-08,0.0,0.0,0.0,0.0,0.0,0.0,0.0,0.0,531,0.306344,0.998238,0.000166754,0.0,9.2562e-05,0.0226612,0.0,0.0,0.0,0.000269,104,0,0,165,0,0,0,0
40098420,-0.237599,0.0275876,-0.0102135,0.970918,-0.00705309,0.00292455,-0.00644472,-0.00505005,0.00227194,-0.584496,-5.04847e-06,-3.49173e-07,2.5906e-06,1.0439e-05,-9.48307e-06,0.000243517,0.233963,6.18981e-09,0.487085,0.0,0.0,0.0,0.0,0.0,0.0,4.54451e-11,1.31314e-05,0.000181269,0.000111958,0.000100599,0.000100662,6.73175e-06,0.014893,0.0148927,0.0508212,0.0406561,0.040657,0.857264,2.08665e-11,2.05385e-11,2.9102e-10,2.36625e-06,2.36946e-06,5.00003e-08,0.0,0.0,0.0,0.0,0.0,0.0,0.0,0.0,531,0.285155,0.925886,0.0059161,0.0,9.87103e-05,0.00303085,0.0,0.0,0.0,5.5e-05,104,0,0,165,0,0,0,0
40302384,-0.237686,0.027606,-0.010229,0.970896,-0.00701019,0.00397481,-0.00576251,-0.00554003,0.00252224,-0.585778,-5.06251e-06,-3.49341e-07,2.43549e-06,1.04569e-05,-9.53501e-06,0.000243536,0.233963,6.18981e-09,0.487085,0.0,0.0,0.0,0.0,0.0,0.0,4.72156e-11,1.32002e-05,0.000179444,0.000110494,0.000100605,0.000100666,6.64494e-06,0.0150607,0.0150602,0.0528938,0.0417608,0.0417615,0.930527,2.04768e-11,2.01606e-11,2.81325e-10,2.36623e-06,2.36944e-06,5.00009e-08,0.0,0.0,0.0,0.0,0.0,0.0,0.0,0.0,531,0.289002,0.964638,0.0125057,0.0,0.000110838,0.00303085,0.0,0.0,0.0,3.6e-05,104,0,0,165,0,0,0,0
40506422,-0.23742,0.0275909,-0.0102335,0.970961,-0.00745463,0.0039634,-0.00538251,-0.00601101,0.0028924,-0.58685,-5.05504e-06,-3.64628e-07,2.73972e-06,1.04235e-05,-9.61064e-06,0.000243492,0.233963,6.18981e-09,0.487085,0.0,0.0,0.0,0.0,0.0,0.0,4.8846e-11,1.33469e-05,0.000175853,0.000109217,0.000100611,0.00010067,6.56807e-06,0.0152383,0.0152375,0.0551053,0.0430189,0.0430194,1.01253,2.00923e-11,1.97873e-11,2.72077e-10,2.36621e-06,2.36941e-06,5.00015e-08,0.0,0.0,0.0,0.0,0.0,0.0,0.0,0.0,531,0.293323,1.00625,0.0123091,0.0,0.000119825,0.00303085,0.0,0.0,0.0,3.7e-05,104,0,0,165,0,0,0,0
40710396,-0.237471,0.0276132,-0.0102353,0.970948,-0.00755011,0.00318875,-0.00402312,-0.00653423,0.00315962,-0.581585,-5.06616e-06,-3.66407e-07,2.64416e-06,1.03907e-05,-9.64413e-06,0.000242709,0.233963,6.18981e-09,0.487085,0.0,0.0,0.0,0.0,0.0,0.0,4.72115e-11,1.32253e-05,0.000180571,0.000108377,0.000100635,0.000100694,6.5184e-06,0.0155075,0.0155063,0.0485438,0.0444409,0.0444412,0.873367,1.9775e-11,1.94795e-11,2.64216e-10,2.36618e-06,2.36938e-06,5.00006e-08,0.0,0.0,0.0,0.0,0.0,0.0,0.0,0.0,531,0.298131,0.934541,0.0144937,0.0,0.000115249,0.00267358,0.0,0.0,0.0,4.8e-05,104,0,0,165,0,0,0,0
40910370,-0.237405,0.0276029,-0.0102472,0.970965,-0.00874538,0.00275461,-0.0023673,-0.00711646,0.00327763,-0.582279,-5.07094e-06,-3.73245e-07,2.69173e-06,1.03764e-05,-9.7179e-06,0.0002427,0.233963,6.18981e-09,0.487085,0.0,0.0,0.0,0.0,0.0,0.0,4.93722e-11,1.354e-05,0.000177313,0.000107008,0.000100647,0.000100705,6.43672e-06,0.0156953,0.0156939,0.0505024,0.0456562,0.0456563,0.945847,1.94486e-11,1.91634e-11,2.55726e-10,2.36615e-06,2.36936e-06,5.00012e-08,0.0,0.0,0.0,0.0,0.0,0.0,0.0,0.0,531,0.30218,0.972547,0.000178973,0.0,0.00012466,0.00267358,0.0,0.0,0.0,8e-06,104,0,0,165,0,0,0,0
41114403,-0.237113,0.0275821,-0.0102553,0.971036,-0.0098545,0.00273191,-0.000166498,-0.0067743,0.00288023,-0.577419,-5.06836e-06,-3.95688e-07,3.03919e-06,1.02853e-05,-9.86902e-06,0.000242022,0.233963,6.18981e-09,0.487085,0.0,0.0,0.0,0.0,0.0,0.0,4.97713e-11,1.33024e-05,0.000166735,0.000105813,0.000100453,0.00010051,6.36517e-06,0.0142894,0.0142876,0.044765,0.0400178,0.0400177,0.821744,1.87724e-11,1.84963e-11,2.47616e-10,2.36608e-06,2.36929e-06,5.00003e-08,0.0,0.0,0.0,0.0,0.0,0.0,0.0,0.0,531,0.282906,0.906501,0.0147945,0.0,0.000132167,0.00227417,0.0,0.0,0.0,5.5e-05,104,0,0,165,0,0,0,0
41319172,-0.237035,0.0275834,-0.010258,0.971055,-0.0100376,0.00270063,0.000134266,-0.00751892,0.00293464,-0.57746,-5.0732e-06,-4.03749e-07,3.09228e-06,1.02642e-05,-9.96417e-06,0.000242011,0.233963,6.18981e-09,0.487085,0.0,0.0,0.0,0.0,0.0,0.0,5.28412e-11,1.36344e-05,0.000322461,0.000105025,0.00010047,0.000100526,6.31723e-06,0.0144686,0.0144665,0.0465873,0.0410911,0.0410908,0.888667,1.84931e-11,1.82254e-11,2.40706e-10,2.36605e-06,2.36926e-06,5.00009e-08,0.0,0.0,0.0,0.0,0.0,0.0,0.0,0.0,531,0.286674,0.942692,0.0076508,0.0,0.000149625,0.00227417,0.0,0.0,0.0,2.4e-05,104,0,0,165,0,0,0,0
41519165,-0.236948,0.0275746,-0.0102453,0.971077,-0.00951713,0.00242828,0.00213753,-0.0081029,0.002948,-0.577264,-5.0777e-06,-4.13044e-07,3.16124e-06,1.02388e-05,-1.00728e-05,0.000241998,0.233963,6.18981e-09,0.487085,0.0,0.0,0.0,0.0,0.0,0.0,4.90186e-11,1.3235e-05,0.000240018,0.000103743,0.000100479,0.000100534,6.24021e-06,0.014593,0.0145904,0.0484639,0.0420266,0.042026,0.96069,1.82121e-11,1.79536e-11,2.33241e-10,2.36601e-06,2.36922e-06,5.00014e-08,0.0,0.0,0.0,0.0,0.0,0.0,0.0,0.0,531,0.289918,0.980148,0.014107,0.0,0.000163126,0.00227417,0.0,0.0,0.0,1.7e-05,40,0,0,165,0,0,0,0
41723181,-0.237017,0.0275524,-0.0102399,0.971061,-0.00989215,0.00131739,0.00273837,-0.00884285,0.00288757,-0.572757,-5.09116e-06,-4.14876e-07,3.02285e-06,1.02157e-05,-1.01486e-05,0.000241541,0.233963,6.18981e-09,0.487085,0.0,0.0,0.0,0.0,0.0,0.0,4.60039e-11,1.29943e-05,0.000192477,0.000102621,0.000100523,0.000100577,6.17215e-06,0.0149576,0.0149545,0.0431991,0.0437854,0.0437845,0.837164,1.79892e-11,1.77395e-11,2.26093e-10,2.36597e-06,2.36918e-06,5.00007e-08,0.0,0.0,0.0,0.0,0.0,0.0,0.0,0.0,659,0.295922,0.914967,0.00590458,0.0,0.000155342,0.00180647,0.0,0.0,0.0,3.3e-05,40,0,0,165,0,0,0,0
41927475,-0.237148,0.0275684,-0.0102528,0.971028,-0.0108891,0.00223461,0.00363725,-0.0109158,0.00327465,-0.572146,-5.1009e-06,-4.08447e-07,2.8217e-06,1.02376e-05,-1.01425e-05,0.000241563,0.233963,6.18981e-09,0.487085,0.0,0.0,0.0,0.0,0.0,0.0,4.65993e-11,1.34197e-05,0.000159177,0.000101882,0.000100756,0.000100809,6.12797e-06,0.0168873,0.0168834,0.0449631,0.0530419,0.0530402,0.903591,1.80762e-11,1.78345e-11,2.2e-10,2.36597e-06,2.36918e-06,5.00015e-08,0.0,0.0,0.0,0.0,0.0,0.0,0.0,0.0,659,0.325703,0.950574,0.00867927,0.0,9.16042e-06,0.00180647,0.0,0.0,0.0,0.000327,40,0,0,165,0,0,0,0
42131162,-0.23722,0.0275738,-0.0102501,0.97101,-0.011555,0.00341769,0.0185327,-0.0132655,0.00383156,-0.500935,-5.10717e-06,-4.04364e-07,2.69284e-06,9.88223e-06,-9.89061e-06,0.000233632,0.233963,6.18981e-09,0.487085,0.0,0.0,0.0,0.0,0.0,0.0,4.8003e-11,1.33194e-05,0.000138322,0.000100799,0.000101003,0.000101055,6.06333e-06,0.0190674,0.0190625,0.0402263,0.0645481,0.064545,0.789308,1.81641e-11,1.79312e-11,2.13407e-10,2.36596e-06,2.36918e-06,5.00003e-08,0.0,0.0,0.0,0.0,0.0,0.0,0.0,0.0,659,0.359295,0.88843,0.00191929,0.0,1.25331e-05,0.0324039,0.0,0.0,0.0,1.4e-05,40,0,0,165,0,0,0,0
42331525,-0.23743,0.0276051,-0.0102254,0.970959,-0.0126228,0.00373801,0.0194753,-0.0156573,0.00452681,-0.497218,-5.12113e-06,-3.95202e-07,2.40499e-06,9.91444e-06,-9.88219e-06,0.000233661,0.233963,6.18981e-09,0.487085,0.0,0.0,0.0,0.0,0.0,0.0,5.1488e-11,1.34473e-05,0.000127408,0.000100085,0.000101245,0.000101297,6.02122e-06,0.0213542,0.0213481,0.0418986,0.077732,0.0777271,0.850924,1.8251e-11,1.80256e-11,2.07782e-10,2.36596e-06,2.36918e-06,5.00011e-08,0.0,0.0,0.0,0.0,0.0,0.0,0.0,0.0,659,0.394283,0.922456,0.013689,0.0,1.49607e-05,0.0324039,0.0,0.0,0.0,0.000377,40,0,0,165,0,0,0,0
42531267,-0.2376,0.0276154,-0.0102017,0.970917,-0.0133673,0.00410718,0.0198631,-0.0182744,0.00533572,-0.493321,-5.1328e-06,-3.87594e-07,2.16492e-06,9.9427e-06,-9.87564e-06,0.000233685,0.233963,6.18981e-09,0.487085,0.0,0.0,0.0,0.0,0.0,0.0,5.33178e-11,1.33489e-05,0.000132176,9.89211e-05,0.000101493,0.000101544,5.95238e-06,0.0238301,0.0238227,0.0436236,0.0932357,0.0932283,0.91685,1.83362e-11,1.81189e-11,2.01687e-10,2.36596e-06,2.36918e-06,5.00019e-08,0.0,0.0,0.0,0.0,0.0,0.0,0.0,0.0,659,0.431815,0.957523,0.0119618,0.0,1.76472e-05,0.0324039,0.0,0.0,0.0,0.000119,40,0,0,165,0,0,0,0
42735159,-0.237617,0.0276197,-0.0101905,0.970913,-0.0139881,0.00469938,0.0191789,-0.0210036,0.00617224,-0.501669,-5.13436e-06,-3.86699e-07,2.13433e-06,1.00075e-05,-9.91714e-06,0.000235033,0.233963,6.18981e-09,0.487085,0.0,0.0,0.0,0.0,0.0,0.0,4.88618e-11,1.2936e-05,0.000119548,9.77839e-05,0.000101746,0.000101797,5.88631e-06,0.0265044,0.0264955,0.0392303,0.111356,0.111346,0.801463,1.84216e-11,1.82121e-11,1.95841e-10,2.36596e-06,2.36918e-06,5.00007e-08,0.0,0.0,0.0,0.0,0.0,0.0,0.0,0.0,659,0.471913,0.895245,0.00848278,0.0,1.86975e-05,0.00579869,0.0,0.0,0.0,1.1e-05,40,0,0,165,0,0,0,0
42939155,-0.237513,0.0276453,-0.0101987,0.970937,-0.0145071,0.00460442,0.0208296,-0.023972,0.00710215,-0.497471,-5.131e-06,-3.89082e-07,2.20577e-06,9.9984e-06,-9.92112e-06,0.000235026,0.233963,6.18981e-09,0.487085,0.0,0.0,0.0,0.0,0.0,0.0,5.01554e-11,1.29574e-05,0.000117548,9.72315e-05,0.000102015,0.000102064,5.85297e-06,0.0295055,0.0294948,0.0409473,0.133307,0.133292,0.865257,1.85122e-11,1.83094e-11,1.90855e-10,2.36596e-06,2.36918e-06,5.00016e-08,0.0,0.0,0.0,0.0,0.0,0.0,0.0,0.0,659,0.516333,0.930192,0.00529482,0.0,2.14419e-05,0.00579869,0.0,0.0,0.0,7e-06,40,0,0,165,0,0,0,0
43139169,-0.237546,0.0276656,-0.0101775,0.970929,-0.0151884,0.00547099,0.0196718,-0.026896,0.00808265,-0.504953,-5.13529e-06,-3.86713e-07,2.1227e-06,1.00639e-05,-9.95984e-06,0.000236278,0.233963,6.18981e-09,0.487085,0.0,0.0,0.0,0.0,0.0,0.0,4.55477e-11,1.27466e-05,0.000124341,9.61317e-05,0.000102273,0.000102322,5.78757e-06,0.0325689,0.0325564,0.0370003,0.157493,0.157473,0.758878,1.8591e-11,1.83955e-11,1.85435e-10,2.36595e-06,2.36917e-06,5.00003e-08,0.0,0.0,0.0,0.0,0.0,0.0,0.0,0.0,659,0.561218,0.871136,0.00974204,0.0,2.58138e-05,0.00562099,0.0,0.0,0.0,2.1e-05,40,0,0,165,0,0,0,0
43339973,-0.237469,0.0276594,-0.0102076,0.970948,-0.0155544,0.00564191,0.0202212,-0.0298985,0.00916554,-0.500944,-5.13167e-06,-3.89396e-07,2.20125e-06,1.00531e-05,-9.9655e-06,0.000236272,0.233963,6.18981e-09,0.487085,0.0,0.0,0.0,0.0,0.0,0.0,4.86329e-11,1.30076e-05,0.000245391,9.54814e-05,0.00010254,0.000102588,5.75001e-06,0.0358868,0.0358723,0.0385917,0.18545,0.185423,0.816142,1.86754e-11,1.84861e-11,1.80805e-10,2.36595e-06,2.36917e-06,5.00012e-08,0.0,0.0,0.0,0.0,0.0,0.0,0.0,0.0,659,0.608994,0.903406,0.00965044,0.0,2.8814e-05,0.00562099,0.0,0.0,0.0,2.5e-05,40,0,0,165,0,0,0,0
43544279,-0.237334,0.0277016,-0.0102217,0.970979,-0.0162249,0.00556757,0.0210511,-0.0330488,0.0103271,-0.496668,-5.12614e-06,-3.93403e-07,2.32014e-06,1.00377e-05,-9.97337e-06,0.000236262,0.233963,6.18981e-09,0.487085,0.0,0.0,0.0,0.0,0.0,0.0,4.91408e-11,1.30503e-05,0.000197612,9.44218e-05,0.000102811,0.000102859,5.6875e-06,0.0394457,0.039429,0.0402371,0.217494,0.217458,0.877619,1.8759e-11,1.85764e-11,1.75781e-10,2.36595e-06,2.36917e-06,5.0002e-08,0.0,0.0,0.0,0.0,0.0,0.0,0.0,0.0,659,0.659509,0.936813,0.0241392,0.0,3.20388e-05,0.00562099,0.0,0.0,0.0,0.000331,40,0,0,165,0,0,0,0
43747973,-0.237439,0.0277086,-0.010235,0.970953,-0.0179405,0.00512629,0.0192185,-0.0365079,0.0114169,-0.503861,-5.13323e-06,-3.89162e-07,2.1788e-06,1.0106e-05,-1.00064e-05,0.000237461,0.233963,6.18981e-09,0.487085,0.0,0.0,0.0,0.0,0.0,0.0,4.97028e-11,1.32739e-05,0.000167467,9.3491e-05,0.000103098,0.000103145,5.63294e-06,0.0433906,0.0433714,0.0365959,0.25536,0.255314,0.773183,1.88443e-11,1.86682e-11,1.70952e-10,2.36594e-06,2.36917e-06,5.00007e-08,0.0,0.0,0.0,0.0,0.0,0.0,0.0,0.0,531,0.714615,0.879308,0.0230869,0.0,3.37993e-05,0.00555167,0.0,0.0,0.0,2.5e-05,40,0,0,165,0,0,0,0
43947954,-0.237574,0.027658,-0.0101941,0.970922,-0.0109011,0.00273878,0.0201482,-0.0198117,0.00611006,-0.499966,-5.20063e-06,-4.41734e-07,1.98859e-06,9.8507e-06,-1.09662e-05,0.0002374,0.233963,6.18981e-09,0.487085,0.0,0.0,0.0,0.0,0.0,0.0,4.99583e-11,1.32338e-05,0.000160882,9.28789e-05,0.000101433,0.00010148,5.59438e-06,0.0262971,0.0262856,0.0381907,0.1449,0.144885,0.830576,1.66365e-11,1.64606e-11,1.66818e-10,2.3656e-06,2.36883e-06,5.00007e-08,0.0,0.0,0.0,0.0,0.0,0.0,0.0,0.0,531,0.538317,0.911359,0.00137401,0.0,0.000519585,0.00555167,0.0,0.0,0.0,6e-06,40,0,0,165,0,0,0,0
44151941,-0.237355,0.0276211,-0.0101733,0.970977,-0.00715148,0.00108885,0.0158127,-0.0100445,0.0029639,-0.522432,-5.22322e-06,-4.8294e-07,2.21214e-06,9.7724e-06,-1.16054e-05,0.000240108,0.233963,6.18981e-09,0.487085,0.0,0.0,0.0,0.0,0.0,0.0,5.4665e-11,1.34441e-05,0.000149053,9.18761e-05,0.000100513,0.00010056,5.53411e-06,0.0162952,0.0162868,0.0348331,0.0751057,0.0751013,0.731921,1.53908e-11,1.5218e-11,1.62326e-10,2.3654e-06,2.36863e-06,5.00002e-08,0.0,0.0,0.0,0.0,0.0,0.0,0.0,0.0,531,0.387565,0.855524,0.01453,0.0,0.000228613,0.0133472,0.0,0.0,0.0,-6e-06,40,0,0,165,0,0,0,0
44355930,-0.237324,0.0276708,-0.0101406,0.970984,-0.00756301,0.000260987,0.016176,-0.00882702,0.00235009,-0.519105,-5.23048e-06,-4.9184e-07,2.22523e-06,9.72822e-06,-1.17411e-05,0.000240095,0.233963,6.18981e-09,0.487085,0.0,0.0,0.0,0.0,0.0,0.0,5.10342e-11,1.30883e-05,0.000140399,9.1388e-05,0.000100446,0.000100492,5.50548e-06,0.0151941,0.0151853,0.0364502,0.0657314,0.0657273,0.787988,1.51587e-11,1.49903e-11,1.58491e-10,2.36535e-06,2.36858e-06,5.00006e-08,0.0,0.0,0.0,0.0,0.0,0.0,0.0,0.0,531,0.362572,0.887687,0.011027,0.0,0.000194424,0.0133472,0.0,0.0,0.0,-1.8e-05,40,0,0,165,0,0,0,0
44559954,-0.23721,0.0276918,-0.0101344,0.971011,-0.0074956,-0.000473233,0.016704,-0.00809819,0.00179534,-0.51569,-5.23147e-06,-5.02279e-07,2.33082e-06,9.67995e-06,-1.18533e-05,0.000240079,0.233963,6.18981e-09,0.487085,0.0,0.0,0.0,0.0,0.0,0.0,5.10007e-11,1.2873e-05,0.000137326,9.04174e-05,0.000100419,0.000100465,5.44833e-06,0.0145412,0.0145319,0.0380585,0.0590924,0.0590882,0.845709,1.4985e-11,1.48216e-11,1.54312e-10,2.36531e-06,2.36854e-06,5.0001e-08,0.0,0.0,0.0,0.0,0.0,0.0,0.0,0.0,531,0.343774,0.919624,0.00535087,0.0,0.000176015,0.0133472,0.0,0.0,0.0,6e-06,40,0,0,165,0,0,0,0
44759955,-0.237297,0.0276729,-0.0101234,0.97099,-0.00797571,-0.000388851,0.0240568,-0.00794925,0.001374,-0.472957,-5.24195e-06,-5.03265e-07,2.2011e-06,9.50839e-06,-1.18226e-05,0.0002361,0.233963,6.18981e-09,0.487085,0.0,0.0,0.0,0.0,0.0,0.0,5.11349e-11,1.29363e-05,0.000139076,8.98472e-05,0.000100452,0.000100498,5.41381e-06,0.0144602,0.0144501,0.0349059,0.0554512,0.0554464,0.747197,1.4886e-11,1.47271e-11,1.50739e-10,2.36528e-06,2.36851e-06,5.00007e-08,0.0,0.0,0.0,0.0,0.0,0.0,0.0,0.0,531,0.333013,0.864405,0.0206812,0.0,0.000150755,0.0196867,0.0,0.0,0.0,7e-06,40,0,0,165,0,0,0,0
44959970,-0.237237,0.0276877,-0.0101536,0.971004,-0.0091751,-0.000126459,0.025423,-0.00808705,0.00108599,-0.468095,-5.24341e-06,-5.10141e-07,2.25201e-06,9.48048e-06,-1.1901e-05,0.000236089,0.233963,6.18981e-09,0.487085,0.0,0.0,0.0,0.0,0.0,0.0,5.18377e-11,1.32747e-05,0.00013873,8.89118e-05,0.00010049,0.000100535,5.35911e-06,0.0144969,0.0144861,0.0364806,0.0527761,0.0527706,0.801575,1.47939e-11,1.46398e-11,1.46849e-10,2.36525e-06,2.36848e-06,5.00012e-08,0.0,0.0,0.0,0.0,0.0,0.0,0.0,0.0,531,0.32488,0.895307,0.0229818,0.0,0.000150274,0.0196867,0.0,0.0,0.0,2.2e-05,40,0,0,165,0,0,0,0
45163963,-0.237055,0.0276787,-0.0101358,0.971049,-0.00943841,-0.000942526,0.0237363,-0.00718975,0.000635207,-0.479066,-5.24147e-06,-5.26395e-07,2.43738e-06,9.48221e-06,-1.20943e-05,0.00023774,0.233963,6.18981e-09,0.487085,0.0,0.0,0.0,0.0,0.0,0.0,5.06176e-11,1.36605e-05,0.000131524,8.80909e-05,0.000100393,0.000100438,5.31085e-06,0.013328,0.0133175,0.0336251,0.0427755,0.0427708,0.711695,1.45576e-11,1.44079e-11,1.43103e-10,2.3652e-06,2.36843e-06,5.00002e-08,0.0,0.0,0.0,0.0,0.0,0.0,0.0,0.0,531,0.292483,0.84362,0.00533255,0.0,0.000145764,0.00844034,0.0,0.0,0.0,1.5e-05,40,0,0,165,0,0,0,0
45367965,-0.236965,0.0276895,-0.0101274,0.971071,-0.0101008,-0.000637423,0.0252893,-0.00776764,0.000415375,-0.474126,-5.24091e-06,-5.34284e-07,2.51622e-06,9.45248e-06,-1.21698e-05,0.000237728,0.233963,6.18981e-09,0.487085,0.0,0.0,0.0,0.0,0.0,0.0,5.1043e-11,1.32866e-05,0.000133062,8.75526e-05,0.000100449,0.000100493,5.27902e-06,0.013662,0.0136508,0.0351734,0.0423356,0.04233,0.763195,1.44937e-11,1.43481e-11,1.39896e-10,2.36518e-06,2.36841e-06,5.00007e-08,0.0,0.0,0.0,0.0,0.0,0.0,0.0,0.0,531,0.290974,0.87361,0.00415703,0.0,0.000157394,0.00844034,0.0,0.0,0.0,1.7e-05,40,0,0,165,0,0,0,0
45568759,-0.236998,0.027709,-0.0101542,0.971062,-0.010754,-0.00131398,0.0251212,-0.00838068,0.000151535,-0.469098,-5.24739e-06,-5.38303e-07,2.45186e-06,9.44295e-06,-1.2248e-05,0.000237718,0.233963,6.18981e-09,0.487085,0.0,0.0,0.0,0.0,0.0,0.0,4.8523e-11,1.33826e-05,0.000269834,8.66674e-05,0.000100496,0.000100539,5.22638e-06,0.0139813,0.0139696,0.0367742,0.0421261,0.0421194,0.8183,1.44216e-11,1.42803e-11,1.36399e-10,2.36516e-06,2.36838e-06,5.00011e-08,0.0,0.0,0.0,0.0,0.0,0.0,0.0,0.0,531,0.290251,0.9046,0.0140246,0.0,0.000169981,0.00844034,0.0,0.0,0.0,1.1e-05,40,0,0,165,0,0,0,0
