timestamp,timestamp_last_valid,channels[0],channels[1],channels[2],channels[3],channels[4],channels[5],channels[6],channels[7],channels[8],channels[9],channels[10],channels[11],channels[12],channels[13],channels[14],channels[15],channels[16],channels[17],frame_drop_count,channel_count,function[0],function[1],function[2],function[3],function[4],function[5],function[6],function[7],function[8],function[9],function[10],function[11],function[12],function[13],function[14],function[15],function[16],function[17],function[18],function[19],function[20],function[21],function[22],function[23],function[24],function[25],function[26],rssi,signal_lost
669344660,0,0.0,-0.0,0.0,1.0,-1.0,-1.0,-1.0,0.00816326,-1.0,-1.0,0.028,0.028,0.028,0.028,0.028,0.028,-1.0,-1.0,0,18,2,0,1,3,-1,-1,-1,-1,-1,-1,-1,-1,-1,-1,-1,-1,-1,-1,-1,-1,4,-1,-1,-1,-1,-1,-1,255,0
669360267,0,0.0,-0.0,0.0,1.0,-1.0,-1.0,-1.0,0.00816326,-1.0,-1.0,0.028,0.028,0.028,0.028,0.028,0.028,-1.0,-1.0,0,18,2,0,1,3,-1,-1,-1,-1,-1,-1,-1,-1,-1,-1,-1,-1,-1,-1,-1,-1,4,-1,-1,-1,-1,-1,-1,255,0
669377166,0,0.0,-0.0,0.0,1.0,-1.0,-1.0,-1.0,0.00816326,-1.0,-1.0,0.028,0.028,0.028,0.028,0.028,0.028,-1.0,-1.0,0,18,2,0,1,3,-1,-1,-1,-1,-1,-1,-1,-1,-1,-1,-1,-1,-1,-1,-1,-1,4,-1,-1,-1,-1,-1,-1,255,0
669389661,0,0.0,-0.0,0.0,1.0,-1.0,-1.0,-1.0,0.00816326,-1.0,-1.0,0.028,0.028,0.028,0.028,0.028,0.028,-1.0,-1.0,0,18,2,0,1,3,-1,-1,-1,-1,-1,-1,-1,-1,-1,-1,-1,-1,-1,-1,-1,-1,4,-1,-1,-1,-1,-1,-1,255,0
669409287,0,0.0,-0.0,0.0,1.0,-1.0,-1.0,-1.0,0.00816326,-1.0,-1.0,0.028,0.028,0.028,0.028,0.028,0.028,-1.0,-1.0,0,18,2,0,1,3,-1,-1,-1,-1,-1,-1,-1,-1,-1,-1,-1,-1,-1,-1,-1,-1,4,-1,-1,-1,-1,-1,-1,255,0
669422593,0,0.0,-0.0,0.0,1.0,-1.0,-1.0,-1.0,0.00816326,-1.0,-1.0,0.028,0.028,0.028,0.028,0.028,0.028,-1.0,-1.0,0,18,2,0,1,3,-1,-1,-1,-1,-1,-1,-1,-1,-1,-1,-1,-1,-1,-1,-1,-1,4,-1,-1,-1,-1,-1,-1,255,0
669437410,0,0.0,-0.0,0.0,1.0,-1.0,-1.0,-1.0,0.00816326,-1.0,-1.0,0.028,0.028,0.028,0.028,0.028,0.028,-1.0,-1.0,0,18,2,0,1,3,-1,-1,-1,-1,-1,-1,-1,-1,-1,-1,-1,-1,-1,-1,-1,-1,4,-1,-1,-1,-1,-1,-1,255,0
669452016,0,0.0,-0.0,0.0,1.0,-1.0,-1.0,-1.0,0.00816326,-1.0,-1.0,0.028,0.028,0.028,0.028,0.028,0.028,-1.0,-1.0,0,18,2,0,1,3,-1,-1,-1,-1,-1,-1,-1,-1,-1,-1,-1,-1,-1,-1,-1,-1,4,-1,-1,-1,-1,-1,-1,255,0
669467965,0,0.0,-0.0,0.0,1.0,-1.0,-1.0,-1.0,0.00816326,-1.0,-1.0,0.028,0.028,0.028,0.028,0.028,0.028,-1.0,-1.0,0,18,2,0,1,3,-1,-1,-1,-1,-1,-1,-1,-1,-1,-1,-1,-1,-1,-1,-1,-1,4,-1,-1,-1,-1,-1,-1,255,0
669479453,0,0.0,-0.0,0.0,1.0,-1.0,-1.0,-1.0,0.00816326,-1.0,-1.0,0.028,0.028,0.028,0.028,0.028,0.028,-1.0,-1.0,0,18,2,0,1,3,-1,-1,-1,-1,-1,-1,-1,-1,-1,-1,-1,-1,-1,-1,-1,-1,4,-1,-1,-1,-1,-1,-1,255,0
669494279,0,0.0,-0.0,0.0,1.0,-1.0,-1.0,-1.0,0.00816326,-1.0,-1.0,0.028,0.028,0.028,0.028,0.028,0.028,-1.0,-1.0,0,18,2,0,1,3,-1,-1,-1,-1,-1,-1,-1,-1,-1,-1,-1,-1,-1,-1,-1,-1,4,-1,-1,-1,-1,-1,-1,255,0
669510895,0,0.0,-0.0,0.0,1.0,-1.0,-1.0,-1.0,0.00816326,-1.0,-1.0,0.028,0.028,0.028,0.028,0.028,0.028,-1.0,-1.0,0,18,2,0,1,3,-1,-1,-1,-1,-1,-1,-1,-1,-1,-1,-1,-1,-1,-1,-1,-1,4,-1,-1,-1,-1,-1,-1,255,0
669524591,0,0.0,-0.0,0.0,1.0,-1.0,-1.0,-1.0,0.00816326,-1.0,-1.0,0.028,0.028,0.028,0.028,0.028,0.028,-1.0,-1.0,0,18,2,0,1,3,-1,-1,-1,-1,-1,-1,-1,-1,-1,-1,-1,-1,-1,-1,-1,-1,4,-1,-1,-1,-1,-1,-1,255,0
669542644,0,0.0,-0.0,0.0,1.0,-1.0,-1.0,-1.0,0.00816326,-1.0,-1.0,0.028,0.028,0.028,0.028,0.028,0.028,-1.0,-1.0,0,18,2,0,1,3,-1,-1,-1,-1,-1,-1,-1,-1,-1,-1,-1,-1,-1,-1,-1,-1,4,-1,-1,-1,-1,-1,-1,255,0
669556973,0,0.0,-0.0,0.0,1.0,-1.0,-1.0,-1.0,0.00816326,-1.0,-1.0,0.028,0.028,0.028,0.028,0.028,0.028,-1.0,-1.0,0,18,2,0,1,3,-1,-1,-1,-1,-1,-1,-1,-1,-1,-1,-1,-1,-1,-1,-1,-1,4,-1,-1,-1,-1,-1,-1,255,0
669572624,0,0.0,-0.0,0.0,1.0,-1.0,-1.0,-1.0,0.00816326,-1.0,-1.0,0.028,0.028,0.028,0.028,0.028,0.028,-1.0,-1.0,0,18,2,0,1,3,-1,-1,-1,-1,-1,-1,-1,-1,-1,-1,-1,-1,-1,-1,-1,-1,4,-1,-1,-1,-1,-1,-1,255,0
669589485,0,0.0,-0.0,0.0,1.0,-1.0,-1.0,-1.0,0.00816326,-1.0,-1.0,0.028,0.028,0.028,0.028,0.028,0.028,-1.0,-1.0,0,18,2,0,1,3,-1,-1,-1,-1,-1,-1,-1,-1,-1,-1,-1,-1,-1,-1,-1,-1,4,-1,-1,-1,-1,-1,-1,255,0
669602934,0,0.0,-0.0,0.0,1.0,-1.0,-1.0,-1.0,0.00816326,-1.0,-1.0,0.028,0.028,0.028,0.028,0.028,0.028,-1.0,-1.0,0,18,2,0,1,3,-1,-1,-1,-1,-1,-1,-1,-1,-1,-1,-1,-1,-1,-1,-1,-1,4,-1,-1,-1,-1,-1,-1,255,0
669617647,0,0.0,-0.0,0.0,1.0,-1.0,-1.0,-1.0,0.00816326,-1.0,-1.0,0.028,0.028,0.028,0.028,0.028,0.028,-1.0,-1.0,0,18,2,0,1,3,-1,-1,-1,-1,-1,-1,-1,-1,-1,-1,-1,-1,-1,-1,-1,-1,4,-1,-1,-1,-1,-1,-1,255,0
669630591,0,0.0,-0.0,0.0,1.0,-1.0,-1.0,-1.0,0.00816326,-1.0,-1.0,0.028,0.028,0.028,0.028,0.028,0.028,-1.0,-1.0,0,18,2,0,1,3,-1,-1,-1,-1,-1,-1,-1,-1,-1,-1,-1,-1,-1,-1,-1,-1,4,-1,-1,-1,-1,-1,-1,255,0
669648597,0,0.0,-0.0,0.0,1.0,-1.0,-1.0,-1.0,0.00816326,-1.0,-1.0,0.028,0.028,0.028,0.028,0.028,0.028,-1.0,-1.0,0,18,2,0,1,3,-1,-1,-1,-1,-1,-1,-1,-1,-1,-1,-1,-1,-1,-1,-1,-1,4,-1,-1,-1,-1,-1,-1,255,0
669664969,0,0.0,-0.0,0.0,1.0,-1.0,-1.0,-1.0,0.00816326,-1.0,-1.0,0.028,0.028,0.028,0.028,0.028,0.028,-1.0,-1.0,0,18,2,0,1,3,-1,-1,-1,-1,-1,-1,-1,-1,-1,-1,-1,-1,-1,-1,-1,-1,4,-1,-1,-1,-1,-1,-1,255,0
669676568,0,0.0,-0.0,0.0,1.0,-1.0,-1.0,-1.0,0.00816326,-1.0,-1.0,0.028,0.028,0.028,0.028,0.028,0.028,-1.0,-1.0,0,18,2,0,1,3,-1,-1,-1,-1,-1,-1,-1,-1,-1,-1,-1,-1,-1,-1,-1,-1,4,-1,-1,-1,-1,-1,-1,255,0
669692187,0,0.0,-0.0,0.0,1.0,-1.0,-1.0,-1.0,0.00816326,-1.0,-1.0,0.028,0.028,0.028,0.028,0.028,0.028,-1.0,-1.0,0,18,2,0,1,3,-1,-1,-1,-1,-1,-1,-1,-1,-1,-1,-1,-1,-1,-1,-1,-1,4,-1,-1,-1,-1,-1,-1,255,0
669707792,0,0.0,-0.0,0.0,1.0,-1.0,-1.0,-1.0,0.00816326,-1.0,-1.0,0.028,0.028,0.028,0.028,0.028,0.028,-1.0,-1.0,0,18,2,0,1,3,-1,-1,-1,-1,-1,-1,-1,-1,-1,-1,-1,-1,-1,-1,-1,-1,4,-1,-1,-1,-1,-1,-1,255,0
669724357,0,0.0,-0.0,0.0,1.0,-1.0,-1.0,-1.0,0.00816326,-1.0,-1.0,0.028,0.028,0.028,0.028,0.028,0.028,-1.0,-1.0,0,18,2,0,1,3,-1,-1,-1,-1,-1,-1,-1,-1,-1,-1,-1,-1,-1,-1,-1,-1,4,-1,-1,-1,-1,-1,-1,255,0
669737637,0,0.0,-0.0,0.0,1.0,-1.0,-1.0,-1.0,0.00816326,-1.0,-1.0,0.028,0.028,0.028,0.028,0.028,0.028,-1.0,-1.0,0,18,2,0,1,3,-1,-1,-1,-1,-1,-1,-1,-1,-1,-1,-1,-1,-1,-1,-1,-1,4,-1,-1,-1,-1,-1,-1,255,0
669751964,0,0.0,-0.0,0.0,1.0,-1.0,-1.0,-1.0,0.00816326,-1.0,-1.0,0.028,0.028,0.028,0.028,0.028,0.028,-1.0,-1.0,0,18,2,0,1,3,-1,-1,-1,-1,-1,-1,-1,-1,-1,-1,-1,-1,-1,-1,-1,-1,4,-1,-1,-1,-1,-1,-1,255,0
669767948,0,0.0,-0.0,0.0,1.0,-1.0,-1.0,-1.0,0.00816326,-1.0,-1.0,0.028,0.028,0.028,0.028,0.028,0.028,-1.0,-1.0,0,18,2,0,1,3,-1,-1,-1,-1,-1,-1,-1,-1,-1,-1,-1,-1,-1,-1,-1,-1,4,-1,-1,-1,-1,-1,-1,255,0
669783930,0,0.0,-0.0,0.0,1.0,-1.0,-1.0,-1.0,0.00816326,-1.0,-1.0,0.028,0.028,0.028,0.028,0.028,0.028,-1.0,-1.0,0,18,2,0,1,3,-1,-1,-1,-1,-1,-1,-1,-1,-1,-1,-1,-1,-1,-1,-1,-1,4,-1,-1,-1,-1,-1,-1,255,0
669800279,0,0.0,-0.0,0.0,1.0,-1.0,-1.0,-1.0,0.00816326,-1.0,-1.0,0.028,0.028,0.028,0.028,0.028,0.028,-1.0,-1.0,0,18,2,0,1,3,-1,-1,-1,-1,-1,-1,-1,-1,-1,-1,-1,-1,-1,-1,-1,-1,4,-1,-1,-1,-1,-1,-1,255,0
669810657,0,0.0,-0.0,0.0,1.0,-1.0,-1.0,-1.0,0.00816326,-1.0,-1.0,0.028,0.028,0.028,0.028,0.028,0.028,-1.0,-1.0,0,18,2,0,1,3,-1,-1,-1,-1,-1,-1,-1,-1,-1,-1,-1,-1,-1,-1,-1,-1,4,-1,-1,-1,-1,-1,-1,255,0
669829794,0,0.0,-0.0,0.0,1.0,-1.0,-1.0,-1.0,0.00816326,-1.0,-1.0,0.028,0.028,0.028,0.028,0.028,0.028,-1.0,-1.0,0,18,2,0,1,3,-1,-1,-1,-1,-1,-1,-1,-1,-1,-1,-1,-1,-1,-1,-1,-1,4,-1,-1,-1,-1,-1,-1,255,0
669840255,0,0.0,-0.0,0.0,1.0,-1.0,-1.0,-1.0,0.00816326,-1.0,-1.0,0.028,0.028,0.028,0.028,0.028,0.028,-1.0,-1.0,0,18,2,0,1,3,-1,-1,-1,-1,-1,-1,-1,-1,-1,-1,-1,-1,-1,-1,-1,-1,4,-1,-1,-1,-1,-1,-1,255,0
669856966,0,0.0,-0.0,0.0,1.0,-1.0,-1.0,-1.0,0.00816326,-1.0,-1.0,0.028,0.028,0.028,0.028,0.028,0.028,-1.0,-1.0,0,18,2,0,1,3,-1,-1,-1,-1,-1,-1,-1,-1,-1,-1,-1,-1,-1,-1,-1,-1,4,-1,-1,-1,-1,-1,-1,255,0
669870651,0,0.0,-0.0,0.0,1.0,-1.0,-1.0,-1.0,0.00816326,-1.0,-1.0,0.028,0.028,0.028,0.028,0.028,0.028,-1.0,-1.0,0,18,2,0,1,3,-1,-1,-1,-1,-1,-1,-1,-1,-1,-1,-1,-1,-1,-1,-1,-1,4,-1,-1,-1,-1,-1,-1,255,0
669889192,0,0.0,-0.0,0.0,1.0,-1.0,-1.0,-1.0,0.00816326,-1.0,-1.0,0.028,0.028,0.028,0.028,0.028,0.028,-1.0,-1.0,0,18,2,0,1,3,-1,-1,-1,-1,-1,-1,-1,-1,-1,-1,-1,-1,-1,-1,-1,-1,4,-1,-1,-1,-1,-1,-1,255,0
669902601,0,0.0,-0.0,0.0,1.0,-1.0,-1.0,-1.0,0.00816326,-1.0,-1.0,0.028,0.028,0.028,0.028,0.028,0.028,-1.0,-1.0,0,18,2,0,1,3,-1,-1,-1,-1,-1,-1,-1,-1,-1,-1,-1,-1,-1,-1,-1,-1,4,-1,-1,-1,-1,-1,-1,255,0
669917186,0,0.0,-0.0,0.0,1.0,-1.0,-1.0,-1.0,0.00816326,-1.0,-1.0,0.028,0.028,0.028,0.028,0.028,0.028,-1.0,-1.0,0,18,2,0,1,3,-1,-1,-1,-1,-1,-1,-1,-1,-1,-1,-1,-1,-1,-1,-1,-1,4,-1,-1,-1,-1,-1,-1,255,0
669931706,0,0.0,-0.0,0.0,1.0,-1.0,-1.0,-1.0,0.00816326,-1.0,-1.0,0.028,0.028,0.028,0.028,0.028,0.028,-1.0,-1.0,0,18,2,0,1,3,-1,-1,-1,-1,-1,-1,-1,-1,-1,-1,-1,-1,-1,-1,-1,-1,4,-1,-1,-1,-1,-1,-1,255,0
669946591,0,0.0,-0.0,0.0,1.0,-1.0,-1.0,-1.0,0.00816326,-1.0,-1.0,0.028,0.028,0.028,0.028,0.028,0.028,-1.0,-1.0,0,18,2,0,1,3,-1,-1,-1,-1,-1,-1,-1,-1,-1,-1,-1,-1,-1,-1,-1,-1,4,-1,-1,-1,-1,-1,-1,255,0
669960594,0,0.0,-0.0,0.0,0.987179,-1.0,-1.0,-1.0,0.00816326,-1.0,-1.0,0.028,0.028,0.028,0.028,0.028,0.028,-1.0,-1.0,0,18,2,0,1,3,-1,-1,-1,-1,-1,-1,-1,-1,-1,-1,-1,-1,-1,-1,-1,-1,4,-1,-1,-1,-1,-1,-1,255,0
669975593,0,0.0,-0.0,0.0,0.94359,-1.0,-1.0,-1.0,0.00816326,-1.0,-1.0,0.028,0.028,0.028,0.028,0.028,0.028,-1.0,-1.0,0,18,2,0,1,3,-1,-1,-1,-1,-1,-1,-1,-1,-1,-1,-1,-1,-1,-1,-1,-1,4,-1,-1,-1,-1,-1,-1,255,0
669994904,0,0.0,-0.0,0.0,0.846154,-1.0,-1.0,-1.0,0.00816326,-1.0,-1.0,0.028,0.028,0.028,0.028,0.028,0.028,-1.0,-1.0,0,18,2,0,1,3,-1,-1,-1,-1,-1,-1,-1,-1,-1,-1,-1,-1,-1,-1,-1,-1,4,-1,-1,-1,-1,-1,-1,255,0
670006309,0,0.0,-0.0,0.0,0.720513,-1.0,-1.0,-1.0,0.00816326,-1.0,-1.0,0.028,0.028,0.028,0.028,0.028,0.028,-1.0,-1.0,0,18,2,0,1,3,-1,-1,-1,-1,-1,-1,-1,-1,-1,-1,-1,-1,-1,-1,-1,-1,4,-1,-1,-1,-1,-1,-1,255,0
670022271,0,0.0,-0.0,0.0,0.579487,-1.0,-1.0,-1.0,0.00816326,-1.0,-1.0,0.028,0.028,0.028,0.028,0.028,0.028,-1.0,-1.0,0,18,2,0,1,3,-1,-1,-1,-1,-1,-1,-1,-1,-1,-1,-1,-1,-1,-1,-1,-1,4,-1,-1,-1,-1,-1,-1,255,0
670040602,0,0.0,-0.0,0.0,0.435897,-1.0,-1.0,-1.0,0.00816326,-1.0,-1.0,0.028,0.028,0.028,0.028,0.028,0.028,-1.0,-1.0,0,18,2,0,1,3,-1,-1,-1,-1,-1,-1,-1,-1,-1,-1,-1,-1,-1,-1,-1,-1,4,-1,-1,-1,-1,-1,-1,255,0
670055714,0,0.0,-0.0,0.0,0.233333,-1.0,-1.0,-1.0,0.00816326,-1.0,-1.0,0.028,0.028,0.028,0.028,0.028,0.028,-1.0,-1.0,0,18,2,0,1,3,-1,-1,-1,-1,-1,-1,-1,-1,-1,-1,-1,-1,-1,-1,-1,-1,4,-1,-1,-1,-1,-1,-1,255,0
670071120,0,0.0,-0.0,0.0,0.0384615,-1.0,-1.0,-1.0,0.00816326,-1.0,-1.0,0.028,0.028,0.028,0.028,0.028,0.028,-1.0,-1.0,0,18,2,0,1,3,-1,-1,-1,-1,-1,-1,-1,-1,-1,-1,-1,-1,-1,-1,-1,-1,4,-1,-1,-1,-1,-1,-1,255,0
670085639,0,0.0,-0.0,0.0,0.0,-1.0,-1.0,-1.0,0.00816326,-1.0,-1.0,0.028,0.028,0.028,0.028,0.028,0.028,-1.0,-1.0,0,18,2,0,1,3,-1,-1,-1,-1,-1,-1,-1,-1,-1,-1,-1,-1,-1,-1,-1,-1,4,-1,-1,-1,-1,-1,-1,255,0
670098598,0,0.0,-0.0,0.0,0.0,-1.0,-1.0,-1.0,0.00816326,-1.0,-1.0,0.028,0.028,0.028,0.028,0.028,0.028,-1.0,-1.0,0,18,2,0,1,3,-1,-1,-1,-1,-1,-1,-1,-1,-1,-1,-1,-1,-1,-1,-1,-1,4,-1,-1,-1,-1,-1,-1,255,0
670111930,0,0.0,-0.0,0.0,0.0,-1.0,-1.0,-1.0,0.00816326,-1.0,-1.0,0.028,0.028,0.028,0.028,0.028,0.028,-1.0,-1.0,0,18,2,0,1,3,-1,-1,-1,-1,-1,-1,-1,-1,-1,-1,-1,-1,-1,-1,-1,-1,4,-1,-1,-1,-1,-1,-1,255,0
670127669,0,0.0,-0.0,0.0,0.0,-1.0,-1.0,-1.0,0.00816326,-1.0,-1.0,0.028,0.028,0.028,0.028,0.028,0.028,-1.0,-1.0,0,18,2,0,1,3,-1,-1,-1,-1,-1,-1,-1,-1,-1,-1,-1,-1,-1,-1,-1,-1,4,-1,-1,-1,-1,-1,-1,255,0
670143576,0,0.0,-0.0,0.0,0.0,-1.0,-1.0,-1.0,0.00816326,-1.0,-1.0,0.028,0.028,0.028,0.028,0.028,0.028,-1.0,-1.0,0,18,2,0,1,3,-1,-1,-1,-1,-1,-1,-1,-1,-1,-1,-1,-1,-1,-1,-1,-1,4,-1,-1,-1,-1,-1,-1,255,0
670159867,0,0.0,-0.0,0.0,0.0,-1.0,-1.0,-1.0,0.00816326,-1.0,-1.0,0.028,0.028,0.028,0.028,0.028,0.028,-1.0,-1.0,0,18,2,0,1,3,-1,-1,-1,-1,-1,-1,-1,-1,-1,-1,-1,-1,-1,-1,-1,-1,4,-1,-1,-1,-1,-1,-1,255,0
670175876,0,0.0,-0.0,0.0,0.0,-1.0,-1.0,-1.0,0.00816326,-1.0,-1.0,0.028,0.028,0.028,0.028,0.028,0.028,-1.0,-1.0,0,18,2,0,1,3,-1,-1,-1,-1,-1,-1,-1,-1,-1,-1,-1,-1,-1,-1,-1,-1,4,-1,-1,-1,-1,-1,-1,255,0
670187356,0,0.0,-0.0,0.0,0.0,-1.0,-1.0,-1.0,0.00816326,-1.0,-1.0,0.028,0.028,0.028,0.028,0.028,0.028,-1.0,-1.0,0,18,2,0,1,3,-1,-1,-1,-1,-1,-1,-1,-1,-1,-1,-1,-1,-1,-1,-1,-1,4,-1,-1,-1,-1,-1,-1,255,0
670202909,0,0.0,-0.0,0.0,0.0,-1.0,-1.0,-1.0,0.00816326,-1.0,-1.0,0.028,0.028,0.028,0.028,0.028,0.028,-1.0,-1.0,0,18,2,0,1,3,-1,-1,-1,-1,-1,-1,-1,-1,-1,-1,-1,-1,-1,-1,-1,-1,4,-1,-1,-1,-1,-1,-1,255,0
670216658,0,0.0,-0.0,0.0,0.0,-1.0,-1.0,-1.0,0.00816326,-1.0,-1.0,0.028,0.028,0.028,0.028,0.028,0.028,-1.0,-1.0,0,18,2,0,1,3,-1,-1,-1,-1,-1,-1,-1,-1,-1,-1,-1,-1,-1,-1,-1,-1,4,-1,-1,-1,-1,-1,-1,255,0
670232365,0,0.0,-0.0,0.0,0.0,-1.0,-1.0,-1.0,0.00816326,-1.0,-1.0,0.028,0.028,0.028,0.028,0.028,0.028,-1.0,-1.0,0,18,2,0,1,3,-1,-1,-1,-1,-1,-1,-1,-1,-1,-1,-1,-1,-1,-1,-1,-1,4,-1,-1,-1,-1,-1,-1,255,0
670246563,0,0.0,-0.0,0.0,0.0,-1.0,-1.0,-1.0,0.00816326,-1.0,-1.0,0.028,0.028,0.028,0.028,0.028,0.028,-1.0,-1.0,0,18,2,0,1,3,-1,-1,-1,-1,-1,-1,-1,-1,-1,-1,-1,-1,-1,-1,-1,-1,4,-1,-1,-1,-1,-1,-1,255,0
670261632,0,0.0,-0.0,0.0,0.0,-1.0,-1.0,-1.0,0.00816326,-1.0,-1.0,0.028,0.028,0.028,0.028,0.028,0.028,-1.0,-1.0,0,18,2,0,1,3,-1,-1,-1,-1,-1,-1,-1,-1,-1,-1,-1,-1,-1,-1,-1,-1,4,-1,-1,-1,-1,-1,-1,255,0
670276975,0,0.0,-0.0,0.0,0.0,-1.0,-1.0,-1.0,0.00816326,-1.0,-1.0,0.028,0.028,0.028,0.028,0.028,0.028,-1.0,-1.0,0,18,2,0,1,3,-1,-1,-1,-1,-1,-1,-1,-1,-1,-1,-1,-1,-1,-1,-1,-1,4,-1,-1,-1,-1,-1,-1,255,0
670291958,0,0.0,-0.0,0.0,0.0,-1.0,-1.0,-1.0,0.00816326,-1.0,-1.0,0.028,0.028,0.028,0.028,0.028,0.028,-1.0,-1.0,0,18,2,0,1,3,-1,-1,-1,-1,-1,-1,-1,-1,-1,-1,-1,-1,-1,-1,-1,-1,4,-1,-1,-1,-1,-1,-1,255,0
670306937,0,0.0,-0.0,0.0,0.0,-1.0,-1.0,-1.0,0.00816326,-1.0,-1.0,0.028,0.028,0.028,0.028,0.028,0.028,-1.0,-1.0,0,18,2,0,1,3,-1,-1,-1,-1,-1,-1,-1,-1,-1,-1,-1,-1,-1,-1,-1,-1,4,-1,-1,-1,-1,-1,-1,255,0
670325642,0,0.0,-0.0,0.0,0.0,-1.0,-1.0,-1.0,0.00816326,-1.0,-1.0,0.028,0.028,0.028,0.028,0.028,0.028,-1.0,-1.0,0,18,2,0,1,3,-1,-1,-1,-1,-1,-1,-1,-1,-1,-1,-1,-1,-1,-1,-1,-1,4,-1,-1,-1,-1,-1,-1,255,0
670338591,0,0.0,-0.0,0.0,0.0,-1.0,-1.0,-1.0,0.00816326,-1.0,-1.0,0.028,0.028,0.028,0.028,0.028,0.028,-1.0,-1.0,0,18,2,0,1,3,-1,-1,-1,-1,-1,-1,-1,-1,-1,-1,-1,-1,-1,-1,-1,-1,4,-1,-1,-1,-1,-1,-1,255,0
670353646,0,0.0,-0.0,0.0,0.0,-1.0,-1.0,-1.0,0.00816326,-1.0,-1.0,0.028,0.028,0.028,0.028,0.028,0.028,-1.0,-1.0,0,18,2,0,1,3,-1,-1,-1,-1,-1,-1,-1,-1,-1,-1,-1,-1,-1,-1,-1,-1,4,-1,-1,-1,-1,-1,-1,255,0
670366908,0,0.0,-0.0,0.0,0.0,-1.0,-1.0,-1.0,0.00816326,-1.0,-1.0,0.028,0.028,0.028,0.028,0.028,0.028,-1.0,-1.0,0,18,2,0,1,3,-1,-1,-1,-1,-1,-1,-1,-1,-1,-1,-1,-1,-1,-1,-1,-1,4,-1,-1,-1,-1,-1,-1,255,0
670385957,0,0.0,-0.0,0.0,0.0,-1.0,-1.0,-1.0,0.00816326,-1.0,-1.0,0.028,0.028,0.028,0.028,0.028,0.028,-1.0,-1.0,0,18,2,0,1,3,-1,-1,-1,-1,-1,-1,-1,-1,-1,-1,-1,-1,-1,-1,-1,-1,4,-1,-1,-1,-1,-1,-1,255,0
670396058,0,0.0,-0.0,0.0,0.0,-1.0,-1.0,-1.0,0.00816326,-1.0,-1.0,0.028,0.028,0.028,0.028,0.028,0.028,-1.0,-1.0,0,18,2,0,1,3,-1,-1,-1,-1,-1,-1,-1,-1,-1,-1,-1,-1,-1,-1,-1,-1,4,-1,-1,-1,-1,-1,-1,255,0
670417397,0,0.0,-0.0,0.0,0.0,-1.0,-1.0,-1.0,0.00816326,-1.0,-1.0,0.028,0.028,0.028,0.028,0.028,0.028,-1.0,-1.0,0,18,2,0,1,3,-1,-1,-1,-1,-1,-1,-1,-1,-1,-1,-1,-1,-1,-1,-1,-1,4,-1,-1,-1,-1,-1,-1,255,0
670430909,0,0.0,-0.0,0.0,0.0,-1.0,-1.0,-1.0,0.00816326,-1.0,-1.0,0.028,0.028,0.028,0.028,0.028,0.028,-1.0,-1.0,0,18,2,0,1,3,-1,-1,-1,-1,-1,-1,-1,-1,-1,-1,-1,-1,-1,-1,-1,-1,4,-1,-1,-1,-1,-1,-1,255,0
670444742,0,0.0,-0.0,0.0,0.0,-1.0,-1.0,-1.0,0.00816326,-1.0,-1.0,0.028,0.028,0.028,0.028,0.028,0.028,-1.0,-1.0,0,18,2,0,1,3,-1,-1,-1,-1,-1,-1,-1,-1,-1,-1,-1,-1,-1,-1,-1,-1,4,-1,-1,-1,-1,-1,-1,255,0
670461336,0,0.0,-0.0,0.0,0.0,-1.0,-1.0,-1.0,0.00816326,-1.0,-1.0,0.028,0.028,0.028,0.028,0.028,0.028,-1.0,-1.0,0,18,2,0,1,3,-1,-1,-1,-1,-1,-1,-1,-1,-1,-1,-1,-1,-1,-1,-1,-1,4,-1,-1,-1,-1,-1,-1,255,0
670476605,0,0.0,-0.0,0.0,0.0,-1.0,-1.0,-1.0,0.00816326,-1.0,-1.0,0.028,0.028,0.028,0.028,0.028,0.028,-1.0,-1.0,0,18,2,0,1,3,-1,-1,-1,-1,-1,-1,-1,-1,-1,-1,-1,-1,-1,-1,-1,-1,4,-1,-1,-1,-1,-1,-1,255,0
670492544,0,0.0,-0.0,0.0,0.0,-1.0,-1.0,-1.0,0.00816326,-1.0,-1.0,0.028,0.028,0.028,0.028,0.028,0.028,-1.0,-1.0,0,18,2,0,1,3,-1,-1,-1,-1,-1,-1,-1,-1,-1,-1,-1,-1,-1,-1,-1,-1,4,-1,-1,-1,-1,-1,-1,255,0
670502931,0,0.0,-0.0,0.0,0.0,-1.0,-1.0,-1.0,0.00816326,-1.0,-1.0,0.028,0.028,0.028,0.028,0.028,0.028,-1.0,-1.0,0,18,2,0,1,3,-1,-1,-1,-1,-1,-1,-1,-1,-1,-1,-1,-1,-1,-1,-1,-1,4,-1,-1,-1,-1,-1,-1,255,0
670519591,0,0.0,-0.0,0.0,0.0,-1.0,-1.0,-1.0,0.00816326,-1.0,-1.0,0.028,0.028,0.028,0.028,0.028,0.028,-1.0,-1.0,0,18,2,0,1,3,-1,-1,-1,-1,-1,-1,-1,-1,-1,-1,-1,-1,-1,-1,-1,-1,4,-1,-1,-1,-1,-1,-1,255,0
670535499,0,0.0,-0.0,0.0,0.0,-1.0,-1.0,-1.0,0.00816326,-1.0,-1.0,0.028,0.028,0.028,0.028,0.028,0.028,-1.0,-1.0,0,18,2,0,1,3,-1,-1,-1,-1,-1,-1,-1,-1,-1,-1,-1,-1,-1,-1,-1,-1,4,-1,-1,-1,-1,-1,-1,255,0
670550864,0,0.0,-0.0,0.0,0.0,-1.0,-1.0,-1.0,0.00816326,-1.0,-1.0,0.028,0.028,0.028,0.028,0.028,0.028,-1.0,-1.0,0,18,2,0,1,3,-1,-1,-1,-1,-1,-1,-1,-1,-1,-1,-1,-1,-1,-1,-1,-1,4,-1,-1,-1,-1,-1,-1,255,0
670566970,0,0.0,-0.0,0.0,0.0,-1.0,-1.0,-1.0,0.00816326,-1.0,-1.0,0.028,0.028,0.028,0.028,0.028,0.028,-1.0,-1.0,0,18,2,0,1,3,-1,-1,-1,-1,-1,-1,-1,-1,-1,-1,-1,-1,-1,-1,-1,-1,4,-1,-1,-1,-1,-1,-1,255,0
670577537,0,0.0,-0.0,0.0,0.0,-1.0,-1.0,-1.0,0.00816326,-1.0,-1.0,0.028,0.028,0.028,0.028,0.028,0.028,-1.0,-1.0,0,18,2,0,1,3,-1,-1,-1,-1,-1,-1,-1,-1,-1,-1,-1,-1,-1,-1,-1,-1,4,-1,-1,-1,-1,-1,-1,255,0
670592591,0,0.0,-0.0,0.0,0.0,-1.0,-1.0,-1.0,0.00816326,-1.0,-1.0,0.028,0.028,0.028,0.028,0.028,0.028,-1.0,-1.0,0,18,2,0,1,3,-1,-1,-1,-1,-1,-1,-1,-1,-1,-1,-1,-1,-1,-1,-1,-1,4,-1,-1,-1,-1,-1,-1,255,0
670608987,0,0.0,-0.0,0.0,0.0,-1.0,-1.0,-1.0,0.00816326,-1.0,-1.0,0.028,0.028,0.028,0.028,0.028,0.028,-1.0,-1.0,0,18,2,0,1,3,-1,-1,-1,-1,-1,-1,-1,-1,-1,-1,-1,-1,-1,-1,-1,-1,4,-1,-1,-1,-1,-1,-1,255,0
670622713,0,0.0,-0.0,0.0,0.0,-1.0,-1.0,-1.0,0.00816326,-1.0,-1.0,0.028,0.028,0.028,0.028,0.028,0.028,-1.0,-1.0,0,18,2,0,1,3,-1,-1,-1,-1,-1,-1,-1,-1,-1,-1,-1,-1,-1,-1,-1,-1,4,-1,-1,-1,-1,-1,-1,255,0
670641522,0,0.0,-0.0,0.0,0.0,-1.0,-1.0,-1.0,0.00816326,-1.0,-1.0,0.028,0.028,0.028,0.028,0.028,0.028,-1.0,-1.0,0,18,2,0,1,3,-1,-1,-1,-1,-1,-1,-1,-1,-1,-1,-1,-1,-1,-1,-1,-1,4,-1,-1,-1,-1,-1,-1,255,0
670656596,0,0.0,-0.0,0.0,0.0,-1.0,-1.0,-1.0,0.00816326,-1.0,-1.0,0.028,0.028,0.028,0.028,0.028,0.028,-1.0,-1.0,0,18,2,0,1,3,-1,-1,-1,-1,-1,-1,-1,-1,-1,-1,-1,-1,-1,-1,-1,-1,4,-1,-1,-1,-1,-1,-1,255,0
670667708,0,0.0,-0.0,0.0,0.0,-1.0,-1.0,-1.0,0.00816326,-1.0,-1.0,0.028,0.028,0.028,0.028,0.028,0.028,-1.0,-1.0,0,18,2,0,1,3,-1,-1,-1,-1,-1,-1,-1,-1,-1,-1,-1,-1,-1,-1,-1,-1,4,-1,-1,-1,-1,-1,-1,255,0
670685520,0,0.0,-0.0,0.0,0.0,-1.0,-1.0,-1.0,0.00816326,-1.0,-1.0,0.028,0.028,0.028,0.028,0.028,0.028,-1.0,-1.0,0,18,2,0,1,3,-1,-1,-1,-1,-1,-1,-1,-1,-1,-1,-1,-1,-1,-1,-1,-1,4,-1,-1,-1,-1,-1,-1,255,0
670700492,0,0.0,-0.0,0.0,0.0,-1.0,-1.0,-1.0,0.00816326,-1.0,-1.0,0.028,0.028,0.028,0.028,0.028,0.028,-1.0,-1.0,0,18,2,0,1,3,-1,-1,-1,-1,-1,-1,-1,-1,-1,-1,-1,-1,-1,-1,-1,-1,4,-1,-1,-1,-1,-1,-1,255,0
670713753,0,0.0,-0.0,0.0,0.0,-1.0,-1.0,-1.0,0.00816326,-1.0,-1.0,0.028,0.028,0.028,0.028,0.028,0.028,-1.0,-1.0,0,18,2,0,1,3,-1,-1,-1,-1,-1,-1,-1,-1,-1,-1,-1,-1,-1,-1,-1,-1,4,-1,-1,-1,-1,-1,-1,255,0
670731593,0,0.0,-0.0,0.0,0.0,-1.0,-1.0,-1.0,0.00816326,-1.0,-1.0,0.028,0.028,0.028,0.028,0.028,0.028,-1.0,-1.0,0,18,2,0,1,3,-1,-1,-1,-1,-1,-1,-1,-1,-1,-1,-1,-1,-1,-1,-1,-1,4,-1,-1,-1,-1,-1,-1,255,0
670746591,0,0.0,-0.0,0.0,0.0,-1.0,-1.0,-1.0,0.00816326,-1.0,-1.0,0.028,0.028,0.028,0.028,0.028,0.028,-1.0,-1.0,0,18,2,0,1,3,-1,-1,-1,-1,-1,-1,-1,-1,-1,-1,-1,-1,-1,-1,-1,-1,4,-1,-1,-1,-1,-1,-1,255,0
670760591,0,0.0,-0.0,0.0,0.0,-1.0,-1.0,-1.0,0.00816326,-1.0,-1.0,0.028,0.028,0.028,0.028,0.028,0.028,-1.0,-1.0,0,18,2,0,1,3,-1,-1,-1,-1,-1,-1,-1,-1,-1,-1,-1,-1,-1,-1,-1,-1,4,-1,-1,-1,-1,-1,-1,255,0
670774663,0,0.0,-0.0,0.0,0.0,-1.0,-1.0,-1.0,0.00816326,-1.0,-1.0,0.028,0.028,0.028,0.028,0.028,0.028,-1.0,-1.0,0,18,2,0,1,3,-1,-1,-1,-1,-1,-1,-1,-1,-1,-1,-1,-1,-1,-1,-1,-1,4,-1,-1,-1,-1,-1,-1,255,0
670789491,0,0.0,-0.0,0.0,0.0,-1.0,-1.0,-1.0,0.00816326,-1.0,-1.0,0.028,0.028,0.028,0.028,0.028,0.028,-1.0,-1.0,0,18,2,0,1,3,-1,-1,-1,-1,-1,-1,-1,-1,-1,-1,-1,-1,-1,-1,-1,-1,4,-1,-1,-1,-1,-1,-1,255,0
670804483,0,0.0,-0.0,0.0,0.0,-1.0,-1.0,-1.0,0.00816326,-1.0,-1.0,0.028,0.028,0.028,0.028,0.028,0.028,-1.0,-1.0,0,18,2,0,1,3,-1,-1,-1,-1,-1,-1,-1,-1,-1,-1,-1,-1,-1,-1,-1,-1,4,-1,-1,-1,-1,-1,-1,255,0
670818588,0,0.0,-0.0,0.0,0.0,-1.0,-1.0,-1.0,0.00816326,-1.0,-1.0,0.028,0.028,0.028,0.028,0.028,0.028,-1.0,-1.0,0,18,2,0,1,3,-1,-1,-1,-1,-1,-1,-1,-1,-1,-1,-1,-1,-1,-1,-1,-1,4,-1,-1,-1,-1,-1,-1,255,0
670837634,0,0.0,-0.0,0.0,0.0,-1.0,-1.0,-1.0,0.00816326,-1.0,-1.0,0.028,0.028,0.028,0.028,0.028,0.028,-1.0,-1.0,0,18,2,0,1,3,-1,-1,-1,-1,-1,-1,-1,-1,-1,-1,-1,-1,-1,-1,-1,-1,4,-1,-1,-1,-1,-1,-1,255,0
670852039,0,0.0,-0.0,0.0,0.0,-1.0,-1.0,-1.0,0.00816326,-1.0,-1.0,0.028,0.028,0.028,0.028,0.028,0.028,-1.0,-1.0,0,18,2,0,1,3,-1,-1,-1,-1,-1,-1,-1,-1,-1,-1,-1,-1,-1,-1,-1,-1,4,-1,-1,-1,-1,-1,-1,255,0
670867591,0,0.0,-0.0,0.0,0.0,-1.0,-1.0,-1.0,0.00816326,-1.0,-1.0,0.028,0.028,0.028,0.028,0.028,0.028,-1.0,-1.0,0,18,2,0,1,3,-1,-1,-1,-1,-1,-1,-1,-1,-1,-1,-1,-1,-1,-1,-1,-1,4,-1,-1,-1,-1,-1,-1,255,0
670880733,0,0.0,-0.0,0.0,0.0,-1.0,-1.0,-1.0,0.00816326,-1.0,-1.0,0.028,0.028,0.028,0.028,0.028,0.028,-1.0,-1.0,0,18,2,0,1,3,-1,-1,-1,-1,-1,-1,-1,-1,-1,-1,-1,-1,-1,-1,-1,-1,4,-1,-1,-1,-1,-1,-1,255,0
670894930,0,0.0,-0.0,0.0,0.0,-1.0,-1.0,-1.0,0.00816326,-1.0,-1.0,0.028,0.028,0.028,0.028,0.028,0.028,-1.0,-1.0,0,18,2,0,1,3,-1,-1,-1,-1,-1,-1,-1,-1,-1,-1,-1,-1,-1,-1,-1,-1,4,-1,-1,-1,-1,-1,-1,255,0
670910600,0,0.0,-0.0,0.0,0.0,-1.0,-1.0,-1.0,0.00816326,-1.0,-1.0,0.028,0.028,0.028,0.028,0.028,0.028,-1.0,-1.0,0,18,2,0,1,3,-1,-1,-1,-1,-1,-1,-1,-1,-1,-1,-1,-1,-1,-1,-1,-1,4,-1,-1,-1,-1,-1,-1,255,0
670926620,0,0.0,-0.0,0.0,0.0,-1.0,-1.0,-1.0,0.00816326,-1.0,-1.0,0.028,0.028,0.028,0.028,0.028,0.028,-1.0,-1.0,0,18,2,0,1,3,-1,-1,-1,-1,-1,-1,-1,-1,-1,-1,-1,-1,-1,-1,-1,-1,4,-1,-1,-1,-1,-1,-1,255,0
670942236,0,0.0,-0.0,0.0,0.0,-1.0,-1.0,-1.0,0.00816326,-1.0,-1.0,0.028,0.028,0.028,0.028,0.028,0.028,-1.0,-1.0,0,18,2,0,1,3,-1,-1,-1,-1,-1,-1,-1,-1,-1,-1,-1,-1,-1,-1,-1,-1,4,-1,-1,-1,-1,-1,-1,255,0
670957871,0,0.0,-0.0,0.0,0.0,-1.0,-1.0,-1.0,0.00816326,-1.0,-1.0,0.028,0.028,0.028,0.028,0.028,0.028,-1.0,-1.0,0,18,2,0,1,3,-1,-1,-1,-1,-1,-1,-1,-1,-1,-1,-1,-1,-1,-1,-1,-1,4,-1,-1,-1,-1,-1,-1,255,0
670968553,0,0.0,-0.0,0.0,0.0,-1.0,-1.0,-1.0,0.00816326,-1.0,-1.0,0.028,0.028,0.028,0.028,0.028,0.028,-1.0,-1.0,0,18,2,0,1,3,-1,-1,-1,-1,-1,-1,-1,-1,-1,-1,-1,-1,-1,-1,-1,-1,4,-1,-1,-1,-1,-1,-1,255,0
670983593,0,0.0,-0.0,0.0,0.0,-1.0,-1.0,-1.0,0.00816326,-1.0,-1.0,0.028,0.028,0.028,0.028,0.028,0.028,-1.0,-1.0,0,18,2,0,1,3,-1,-1,-1,-1,-1,-1,-1,-1,-1,-1,-1,-1,-1,-1,-1,-1,4,-1,-1,-1,-1,-1,-1,255,0
671000040,0,0.0,-0.0,0.0,0.0,-1.0,-1.0,-1.0,0.00816326,-1.0,-1.0,0.028,0.028,0.028,0.028,0.028,0.028,-1.0,-1.0,0,18,2,0,1,3,-1,-1,-1,-1,-1,-1,-1,-1,-1,-1,-1,-1,-1,-1,-1,-1,4,-1,-1,-1,-1,-1,-1,255,0
671015591,0,0.0,-0.0,0.0,0.0,-1.0,-1.0,-1.0,0.00816326,-1.0,-1.0,0.028,0.028,0.028,0.028,0.028,0.028,-1.0,-1.0,0,18,2,0,1,3,-1,-1,-1,-1,-1,-1,-1,-1,-1,-1,-1,-1,-1,-1,-1,-1,4,-1,-1,-1,-1,-1,-1,255,0
671032572,0,0.0,-0.0,0.0,0.0,-1.0,-1.0,-1.0,0.00816326,-1.0,-1.0,0.028,0.028,0.028,0.028,0.028,0.028,-1.0,-1.0,0,18,2,0,1,3,-1,-1,-1,-1,-1,-1,-1,-1,-1,-1,-1,-1,-1,-1,-1,-1,4,-1,-1,-1,-1,-1,-1,255,0
671046752,0,0.0,-0.0,0.0,0.0,-1.0,-1.0,-1.0,0.00816326,-1.0,-1.0,0.028,0.028,0.028,0.028,0.028,0.028,-1.0,-1.0,0,18,2,0,1,3,-1,-1,-1,-1,-1,-1,-1,-1,-1,-1,-1,-1,-1,-1,-1,-1,4,-1,-1,-1,-1,-1,-1,255,0
671059591,0,0.0,-0.0,0.0,0.0,-1.0,-1.0,-1.0,0.00816326,-1.0,-1.0,0.028,0.028,0.028,0.028,0.028,0.028,-1.0,-1.0,0,18,2,0,1,3,-1,-1,-1,-1,-1,-1,-1,-1,-1,-1,-1,-1,-1,-1,-1,-1,4,-1,-1,-1,-1,-1,-1,255,0
671077529,0,0.0,-0.0,0.0,0.0,-1.0,-1.0,-1.0,0.00816326,-1.0,-1.0,0.028,0.028,0.028,0.028,0.028,0.028,-1.0,-1.0,0,18,2,0,1,3,-1,-1,-1,-1,-1,-1,-1,-1,-1,-1,-1,-1,-1,-1,-1,-1,4,-1,-1,-1,-1,-1,-1,255,0
671090586,0,0.0,-0.0,0.0,0.0,-1.0,-1.0,-1.0,0.00816326,-1.0,-1.0,0.028,0.028,0.028,0.028,0.028,0.028,-1.0,-1.0,0,18,2,0,1,3,-1,-1,-1,-1,-1,-1,-1,-1,-1,-1,-1,-1,-1,-1,-1,-1,4,-1,-1,-1,-1,-1,-1,255,0
671103591,0,0.0,-0.0,0.0,0.0,-1.0,-1.0,-1.0,0.00816326,-1.0,-1.0,0.028,0.028,0.028,0.028,0.028,0.028,-1.0,-1.0,0,18,2,0,1,3,-1,-1,-1,-1,-1,-1,-1,-1,-1,-1,-1,-1,-1,-1,-1,-1,4,-1,-1,-1,-1,-1,-1,255,0
671119829,0,0.0,-0.0,0.0,0.0,-1.0,-1.0,-1.0,0.00816326,-1.0,-1.0,0.028,0.028,0.028,0.028,0.028,0.028,-1.0,-1.0,0,18,2,0,1,3,-1,-1,-1,-1,-1,-1,-1,-1,-1,-1,-1,-1,-1,-1,-1,-1,4,-1,-1,-1,-1,-1,-1,255,0
671135864,0,0.0,-0.0,0.0,0.0,-1.0,-1.0,-1.0,0.00816326,-1.0,-1.0,0.028,0.028,0.028,0.028,0.028,0.028,-1.0,-1.0,0,18,2,0,1,3,-1,-1,-1,-1,-1,-1,-1,-1,-1,-1,-1,-1,-1,-1,-1,-1,4,-1,-1,-1,-1,-1,-1,255,0
671151765,0,0.0,-0.0,0.0,0.0,-1.0,-1.0,-1.0,0.00816326,-1.0,-1.0,0.028,0.028,0.028,0.028,0.028,0.028,-1.0,-1.0,0,18,2,0,1,3,-1,-1,-1,-1,-1,-1,-1,-1,-1,-1,-1,-1,-1,-1,-1,-1,4,-1,-1,-1,-1,-1,-1,255,0
671165947,0,0.0,-0.0,0.0,0.0,-1.0,-1.0,-1.0,0.00816326,-1.0,-1.0,0.028,0.028,0.028,0.028,0.028,0.028,-1.0,-1.0,0,18,2,0,1,3,-1,-1,-1,-1,-1,-1,-1,-1,-1,-1,-1,-1,-1,-1,-1,-1,4,-1,-1,-1,-1,-1,-1,255,0
671181633,0,0.0,-0.0,0.0,0.0,-1.0,-1.0,-1.0,0.00816326,-1.0,-1.0,0.028,0.028,0.028,0.028,0.028,0.028,-1.0,-1.0,0,18,2,0,1,3,-1,-1,-1,-1,-1,-1,-1,-1,-1,-1,-1,-1,-1,-1,-1,-1,4,-1,-1,-1,-1,-1,-1,255,0
671199859,0,0.0,-0.0,0.0,0.0,-1.0,-1.0,-1.0,0.00816326,-1.0,-1.0,0.028,0.028,0.028,0.028,0.028,0.028,-1.0,-1.0,0,18,2,0,1,3,-1,-1,-1,-1,-1,-1,-1,-1,-1,-1,-1,-1,-1,-1,-1,-1,4,-1,-1,-1,-1,-1,-1,255,0
671209517,0,0.0,-0.0,0.0,0.0,-1.0,-1.0,-1.0,0.00816326,-1.0,-1.0,0.028,0.028,0.028,0.028,0.028,0.028,-1.0,-1.0,0,18,2,0,1,3,-1,-1,-1,-1,-1,-1,-1,-1,-1,-1,-1,-1,-1,-1,-1,-1,4,-1,-1,-1,-1,-1,-1,255,0
671224693,0,0.0,-0.0,0.0,0.0,-1.0,-1.0,-1.0,0.00816326,-1.0,-1.0,0.028,0.028,0.028,0.028,0.028,0.028,-1.0,-1.0,0,18,2,0,1,3,-1,-1,-1,-1,-1,-1,-1,-1,-1,-1,-1,-1,-1,-1,-1,-1,4,-1,-1,-1,-1,-1,-1,255,0
671243901,0,0.0,-0.0,0.0,0.0,-1.0,-1.0,-1.0,0.00816326,-1.0,-1.0,0.028,0.028,0.028,0.028,0.028,0.028,-1.0,-1.0,0,18,2,0,1,3,-1,-1,-1,-1,-1,-1,-1,-1,-1,-1,-1,-1,-1,-1,-1,-1,4,-1,-1,-1,-1,-1,-1,255,0
671254591,0,0.0,-0.0,0.0,0.0,-1.0,-1.0,-1.0,0.00816326,-1.0,-1.0,0.028,0.028,0.028,0.028,0.028,0.028,-1.0,-1.0,0,18,2,0,1,3,-1,-1,-1,-1,-1,-1,-1,-1,-1,-1,-1,-1,-1,-1,-1,-1,4,-1,-1,-1,-1,-1,-1,255,0
671272666,0,0.0,-0.0,0.0,0.0,-1.0,-1.0,-1.0,0.00816326,-1.0,-1.0,0.028,0.028,0.028,0.028,0.028,0.028,-1.0,-1.0,0,18,2,0,1,3,-1,-1,-1,-1,-1,-1,-1,-1,-1,-1,-1,-1,-1,-1,-1,-1,4,-1,-1,-1,-1,-1,-1,255,0
671288722,0,0.0,-0.0,0.0,0.0,-1.0,-1.0,-1.0,0.00816326,-1.0,-1.0,0.028,0.028,0.028,0.028,0.028,0.028,-1.0,-1.0,0,18,2,0,1,3,-1,-1,-1,-1,-1,-1,-1,-1,-1,-1,-1,-1,-1,-1,-1,-1,4,-1,-1,-1,-1,-1,-1,255,0
671304965,0,0.0,-0.0,0.0,0.0,-1.0,-1.0,-1.0,0.00816326,-1.0,-1.0,0.028,0.028,0.028,0.028,0.028,0.028,-1.0,-1.0,0,18,2,0,1,3,-1,-1,-1,-1,-1,-1,-1,-1,-1,-1,-1,-1,-1,-1,-1,-1,4,-1,-1,-1,-1,-1,-1,255,0
671315967,0,0.0,-0.0,0.0,0.0,-1.0,-1.0,-1.0,0.00816326,-1.0,-1.0,0.028,0.028,0.028,0.028,0.028,0.028,-1.0,-1.0,0,18,2,0,1,3,-1,-1,-1,-1,-1,-1,-1,-1,-1,-1,-1,-1,-1,-1,-1,-1,4,-1,-1,-1,-1,-1,-1,255,0
671330598,0,0.0,-0.0,0.0,0.0,-1.0,-1.0,-1.0,0.00816326,-1.0,-1.0,0.028,0.028,0.028,0.028,0.028,0.028,-1.0,-1.0,0,18,2,0,1,3,-1,-1,-1,-1,-1,-1,-1,-1,-1,-1,-1,-1,-1,-1,-1,-1,4,-1,-1,-1,-1,-1,-1,255,0
671349503,0,0.0,-0.0,0.0,0.0,-1.0,-1.0,-1.0,0.00816326,-1.0,-1.0,0.028,0.028,0.028,0.028,0.028,0.028,-1.0,-1.0,0,18,2,0,1,3,-1,-1,-1,-1,-1,-1,-1,-1,-1,-1,-1,-1,-1,-1,-1,-1,4,-1,-1,-1,-1,-1,-1,255,0
671361515,0,0.0,-0.0,0.0,0.0,-1.0,-1.0,-1.0,0.00816326,-1.0,-1.0,0.028,0.028,0.028,0.028,0.028,0.028,-1.0,-1.0,0,18,2,0,1,3,-1,-1,-1,-1,-1,-1,-1,-1,-1,-1,-1,-1,-1,-1,-1,-1,4,-1,-1,-1,-1,-1,-1,255,0
671374597,0,0.0,-0.0,0.0,0.0,-1.0,-1.0,-1.0,0.00816326,-1.0,-1.0,0.028,0.028,0.028,0.028,0.028,0.028,-1.0,-1.0,0,18,2,0,1,3,-1,-1,-1,-1,-1,-1,-1,-1,-1,-1,-1,-1,-1,-1,-1,-1,4,-1,-1,-1,-1,-1,-1,255,0
671390895,0,0.0,-0.0,0.0,0.0,-1.0,-1.0,-1.0,0.00816326,-1.0,-1.0,0.028,0.028,0.028,0.028,0.028,0.028,-1.0,-1.0,0,18,2,0,1,3,-1,-1,-1,-1,-1,-1,-1,-1,-1,-1,-1,-1,-1,-1,-1,-1,4,-1,-1,-1,-1,-1,-1,255,0
671406591,0,0.0,-0.0,0.0,0.0,-1.0,-1.0,-1.0,0.00816326,-1.0,-1.0,0.028,0.028,0.028,0.028,0.028,0.028,-1.0,-1.0,0,18,2,0,1,3,-1,-1,-1,-1,-1,-1,-1,-1,-1,-1,-1,-1,-1,-1,-1,-1,4,-1,-1,-1,-1,-1,-1,255,0
671420732,0,0.0,-0.0,0.0,0.0,-1.0,-1.0,-1.0,0.00816326,-1.0,-1.0,0.028,0.028,0.028,0.028,0.028,0.028,-1.0,-1.0,0,18,2,0,1,3,-1,-1,-1,-1,-1,-1,-1,-1,-1,-1,-1,-1,-1,-1,-1,-1,4,-1,-1,-1,-1,-1,-1,255,0
671435591,0,0.0,-0.0,0.0,0.0,-1.0,-1.0,-1.0,0.00816326,-1.0,-1.0,0.028,0.028,0.028,0.028,0.028,0.028,-1.0,-1.0,0,18,2,0,1,3,-1,-1,-1,-1,-1,-1,-1,-1,-1,-1,-1,-1,-1,-1,-1,-1,4,-1,-1,-1,-1,-1,-1,255,0
671450591,0,0.0,-0.0,0.0,0.0,-1.0,-1.0,-1.0,0.00816326,-1.0,-1.0,0.028,0.028,0.028,0.028,0.028,0.028,-1.0,-1.0,0,18,2,0,1,3,-1,-1,-1,-1,-1,-1,-1,-1,-1,-1,-1,-1,-1,-1,-1,-1,4,-1,-1,-1,-1,-1,-1,255,0
671466898,0,0.0,-0.0,0.0,0.0,-1.0,-1.0,-1.0,0.00816326,-1.0,-1.0,0.028,0.028,0.028,0.028,0.028,0.028,-1.0,-1.0,0,18,2,0,1,3,-1,-1,-1,-1,-1,-1,-1,-1,-1,-1,-1,-1,-1,-1,-1,-1,4,-1,-1,-1,-1,-1,-1,255,0
671482340,0,0.0,-0.0,0.0,0.0,-1.0,-1.0,-1.0,0.00816326,-1.0,-1.0,0.028,0.028,0.028,0.028,0.028,0.028,-1.0,-1.0,0,18,2,0,1,3,-1,-1,-1,-1,-1,-1,-1,-1,-1,-1,-1,-1,-1,-1,-1,-1,4,-1,-1,-1,-1,-1,-1,255,0
671495591,0,0.0,-0.0,0.0,0.0,-1.0,-1.0,-1.0,0.00816326,-1.0,-1.0,0.028,0.028,0.028,0.028,0.028,0.028,-1.0,-1.0,0,18,2,0,1,3,-1,-1,-1,-1,-1,-1,-1,-1,-1,-1,-1,-1,-1,-1,-1,-1,4,-1,-1,-1,-1,-1,-1,255,0
671510589,0,0.0,-0.0,0.0,0.0,-1.0,-1.0,-1.0,0.00816326,-1.0,-1.0,0.028,0.028,0.028,0.028,0.028,0.028,-1.0,-1.0,0,18,2,0,1,3,-1,-1,-1,-1,-1,-1,-1,-1,-1,-1,-1,-1,-1,-1,-1,-1,4,-1,-1,-1,-1,-1,-1,255,0
671527591,0,0.0,-0.0,0.0,0.0,-1.0,-1.0,-1.0,0.00816326,-1.0,-1.0,0.028,0.028,0.028,0.028,0.028,0.028,-1.0,-1.0,0,18,2,0,1,3,-1,-1,-1,-1,-1,-1,-1,-1,-1,-1,-1,-1,-1,-1,-1,-1,4,-1,-1,-1,-1,-1,-1,255,0
671542948,0,0.0,-0.0,0.0,0.0,-1.0,-1.0,-1.0,0.00816326,-1.0,-1.0,0.028,0.028,0.028,0.028,0.028,0.028,-1.0,-1.0,0,18,2,0,1,3,-1,-1,-1,-1,-1,-1,-1,-1,-1,-1,-1,-1,-1,-1,-1,-1,4,-1,-1,-1,-1,-1,-1,255,0
671557528,0,0.0,-0.0,0.0,0.0,-1.0,-1.0,-1.0,0.00816326,-1.0,-1.0,0.028,0.028,0.028,0.028,0.028,0.028,-1.0,-1.0,0,18,2,0,1,3,-1,-1,-1,-1,-1,-1,-1,-1,-1,-1,-1,-1,-1,-1,-1,-1,4,-1,-1,-1,-1,-1,-1,255,0
671571012,0,0.0,-0.0,0.0,0.0,-1.0,-1.0,-1.0,0.00816326,-1.0,-1.0,0.028,0.028,0.028,0.028,0.028,0.028,-1.0,-1.0,0,18,2,0,1,3,-1,-1,-1,-1,-1,-1,-1,-1,-1,-1,-1,-1,-1,-1,-1,-1,4,-1,-1,-1,-1,-1,-1,255,0
671588591,0,0.0,-0.0,0.0,0.0,-1.0,-1.0,-1.0,0.00816326,-1.0,-1.0,0.028,0.028,0.028,0.028,0.028,0.028,-1.0,-1.0,0,18,2,0,1,3,-1,-1,-1,-1,-1,-1,-1,-1,-1,-1,-1,-1,-1,-1,-1,-1,4,-1,-1,-1,-1,-1,-1,255,0
671603705,0,0.0,-0.0,0.0,0.0,-1.0,-1.0,-1.0,0.00816326,-1.0,-1.0,0.028,0.028,0.028,0.028,0.028,0.028,-1.0,-1.0,0,18,2,0,1,3,-1,-1,-1,-1,-1,-1,-1,-1,-1,-1,-1,-1,-1,-1,-1,-1,4,-1,-1,-1,-1,-1,-1,255,0
671620059,0,0.0,-0.0,0.0,0.0,-1.0,-1.0,-1.0,0.00816326,-1.0,-1.0,0.028,0.028,0.028,0.028,0.028,0.028,-1.0,-1.0,0,18,2,0,1,3,-1,-1,-1,-1,-1,-1,-1,-1,-1,-1,-1,-1,-1,-1,-1,-1,4,-1,-1,-1,-1,-1,-1,255,0
671633976,0,0.0,-0.0,0.0,0.0,-1.0,-1.0,-1.0,0.00816326,-1.0,-1.0,0.028,0.028,0.028,0.028,0.028,0.028,-1.0,-1.0,0,18,2,0,1,3,-1,-1,-1,-1,-1,-1,-1,-1,-1,-1,-1,-1,-1,-1,-1,-1,4,-1,-1,-1,-1,-1,-1,255,0
671649632,0,0.0,-0.0,0.0,0.0,-1.0,-1.0,-1.0,0.00816326,-1.0,-1.0,0.028,0.028,0.028,0.028,0.028,0.028,-1.0,-1.0,0,18,2,0,1,3,-1,-1,-1,-1,-1,-1,-1,-1,-1,-1,-1,-1,-1,-1,-1,-1,4,-1,-1,-1,-1,-1,-1,255,0
671664059,0,0.0,-0.0,0.0,0.0,-1.0,-1.0,-1.0,0.00816326,-1.0,-1.0,0.028,0.028,0.028,0.028,0.028,0.028,-1.0,-1.0,0,18,2,0,1,3,-1,-1,-1,-1,-1,-1,-1,-1,-1,-1,-1,-1,-1,-1,-1,-1,4,-1,-1,-1,-1,-1,-1,255,0
671677977,0,0.0,-0.0,0.0,0.0,-1.0,-1.0,-1.0,0.00816326,-1.0,-1.0,0.028,0.028,0.028,0.028,0.028,0.028,-1.0,-1.0,0,18,2,0,1,3,-1,-1,-1,-1,-1,-1,-1,-1,-1,-1,-1,-1,-1,-1,-1,-1,4,-1,-1,-1,-1,-1,-1,255,0
671693632,0,0.0,-0.0,0.0,0.0,-1.0,-1.0,-1.0,0.00816326,-1.0,-1.0,0.028,0.028,0.028,0.028,0.028,0.028,-1.0,-1.0,0,18,2,0,1,3,-1,-1,-1,-1,-1,-1,-1,-1,-1,-1,-1,-1,-1,-1,-1,-1,4,-1,-1,-1,-1,-1,-1,255,0
671707707,0,0.0,-0.0,0.0,0.0,-1.0,-1.0,-1.0,0.00816326,-1.0,-1.0,0.028,0.028,0.028,0.028,0.028,0.028,-1.0,-1.0,0,18,2,0,1,3,-1,-1,-1,-1,-1,-1,-1,-1,-1,-1,-1,-1,-1,-1,-1,-1,4,-1,-1,-1,-1,-1,-1,255,0
671724268,0,0.0,-0.0,0.0,0.0,-1.0,-1.0,-1.0,0.00816326,-1.0,-1.0,0.028,0.028,0.028,0.028,0.028,0.028,-1.0,-1.0,0,18,2,0,1,3,-1,-1,-1,-1,-1,-1,-1,-1,-1,-1,-1,-1,-1,-1,-1,-1,4,-1,-1,-1,-1,-1,-1,255,0
671737445,0,0.0,-0.0,0.0,0.0,-1.0,-1.0,-1.0,0.00816326,-1.0,-1.0,0.028,0.028,0.028,0.028,0.028,0.028,-1.0,-1.0,0,18,2,0,1,3,-1,-1,-1,-1,-1,-1,-1,-1,-1,-1,-1,-1,-1,-1,-1,-1,4,-1,-1,-1,-1,-1,-1,255,0
671752591,0,0.0,-0.0,0.0,0.0,-1.0,-1.0,-1.0,0.00816326,-1.0,-1.0,0.028,0.028,0.028,0.028,0.028,0.028,-1.0,-1.0,0,18,2,0,1,3,-1,-1,-1,-1,-1,-1,-1,-1,-1,-1,-1,-1,-1,-1,-1,-1,4,-1,-1,-1,-1,-1,-1,255,0
671765633,0,0.0,-0.0,0.0,0.0,-1.0,-1.0,-1.0,0.00816326,-1.0,-1.0,0.028,0.028,0.028,0.028,0.028,0.028,-1.0,-1.0,0,18,2,0,1,3,-1,-1,-1,-1,-1,-1,-1,-1,-1,-1,-1,-1,-1,-1,-1,-1,4,-1,-1,-1,-1,-1,-1,255,0
671781811,0,0.0,-0.0,0.0,0.0,-1.0,-1.0,-1.0,0.00816326,-1.0,-1.0,0.028,0.028,0.028,0.028,0.028,0.028,-1.0,-1.0,0,18,2,0,1,3,-1,-1,-1,-1,-1,-1,-1,-1,-1,-1,-1,-1,-1,-1,-1,-1,4,-1,-1,-1,-1,-1,-1,255,0
671796596,0,0.0,-0.0,0.0,0.0,-1.0,-1.0,-1.0,0.00816326,-1.0,-1.0,0.028,0.028,0.028,0.028,0.028,0.028,-1.0,-1.0,0,18,2,0,1,3,-1,-1,-1,-1,-1,-1,-1,-1,-1,-1,-1,-1,-1,-1,-1,-1,4,-1,-1,-1,-1,-1,-1,255,0
671810591,0,0.0,-0.0,0.0,0.0,-1.0,-1.0,-1.0,0.00816326,-1.0,-1.0,0.028,0.028,0.028,0.028,0.028,0.028,-1.0,-1.0,0,18,2,0,1,3,-1,-1,-1,-1,-1,-1,-1,-1,-1,-1,-1,-1,-1,-1,-1,-1,4,-1,-1,-1,-1,-1,-1,255,0
671827474,0,0.0,-0.0,0.0,0.0,-1.0,-1.0,-1.0,0.00816326,-1.0,-1.0,0.028,0.028,0.028,0.028,0.028,0.028,-1.0,-1.0,0,18,2,0,1,3,-1,-1,-1,-1,-1,-1,-1,-1,-1,-1,-1,-1,-1,-1,-1,-1,4,-1,-1,-1,-1,-1,-1,255,0
671845134,0,0.0,-0.0,0.0,0.0,-1.0,-1.0,-1.0,0.00816326,-1.0,-1.0,0.028,0.028,0.028,0.028,0.028,0.028,-1.0,-1.0,0,18,2,0,1,3,-1,-1,-1,-1,-1,-1,-1,-1,-1,-1,-1,-1,-1,-1,-1,-1,4,-1,-1,-1,-1,-1,-1,255,0
671855718,0,0.0,-0.0,0.0,0.0,-1.0,-1.0,-1.0,0.00816326,-1.0,-1.0,0.028,0.028,0.028,0.028,0.028,0.028,-1.0,-1.0,0,18,2,0,1,3,-1,-1,-1,-1,-1,-1,-1,-1,-1,-1,-1,-1,-1,-1,-1,-1,4,-1,-1,-1,-1,-1,-1,255,0
671871456,0,0.0,-0.0,0.0,0.0,-1.0,-1.0,-1.0,0.00816326,-1.0,-1.0,0.028,0.028,0.028,0.028,0.028,0.028,-1.0,-1.0,0,18,2,0,1,3,-1,-1,-1,-1,-1,-1,-1,-1,-1,-1,-1,-1,-1,-1,-1,-1,4,-1,-1,-1,-1,-1,-1,255,0
671889647,0,0.0,-0.0,0.0,0.0,-1.0,-1.0,-1.0,0.00816326,-1.0,-1.0,0.028,0.028,0.028,0.028,0.028,0.028,-1.0,-1.0,0,18,2,0,1,3,-1,-1,-1,-1,-1,-1,-1,-1,-1,-1,-1,-1,-1,-1,-1,-1,4,-1,-1,-1,-1,-1,-1,255,0
671904031,0,0.0,-0.0,0.0,0.0,-1.0,-1.0,-1.0,0.00816326,-1.0,-1.0,0.028,0.028,0.028,0.028,0.028,0.028,-1.0,-1.0,0,18,2,0,1,3,-1,-1,-1,-1,-1,-1,-1,-1,-1,-1,-1,-1,-1,-1,-1,-1,4,-1,-1,-1,-1,-1,-1,255,0
671919591,0,0.0,-0.0,0.0,0.0,-1.0,-1.0,-1.0,0.00816326,-1.0,-1.0,0.028,0.028,0.028,0.028,0.028,0.028,-1.0,-1.0,0,18,2,0,1,3,-1,-1,-1,-1,-1,-1,-1,-1,-1,-1,-1,-1,-1,-1,-1,-1,4,-1,-1,-1,-1,-1,-1,255,0
671936526,0,0.0,-0.0,0.0,0.0,-1.0,-1.0,-1.0,0.00816326,-1.0,-1.0,0.028,0.028,0.028,0.028,0.028,0.028,-1.0,-1.0,0,18,2,0,1,3,-1,-1,-1,-1,-1,-1,-1,-1,-1,-1,-1,-1,-1,-1,-1,-1,4,-1,-1,-1,-1,-1,-1,255,0
671945951,0,0.0,-0.0,0.0,0.0,-1.0,-1.0,-1.0,0.00816326,-1.0,-1.0,0.028,0.028,0.028,0.028,0.028,0.028,-1.0,-1.0,0,18,2,0,1,3,-1,-1,-1,-1,-1,-1,-1,-1,-1,-1,-1,-1,-1,-1,-1,-1,4,-1,-1,-1,-1,-1,-1,255,0
671964591,0,0.0,-0.0,0.0,0.0,-1.0,-1.0,-1.0,0.00816326,-1.0,-1.0,0.028,0.028,0.028,0.028,0.028,0.028,-1.0,-1.0,0,18,2,0,1,3,-1,-1,-1,-1,-1,-1,-1,-1,-1,-1,-1,-1,-1,-1,-1,-1,4,-1,-1,-1,-1,-1,-1,255,0
671977784,0,0.0,-0.0,0.0,0.0,-1.0,-1.0,-1.0,0.00816326,-1.0,-1.0,0.028,0.028,0.028,0.028,0.028,0.028,-1.0,-1.0,0,18,2,0,1,3,-1,-1,-1,-1,-1,-1,-1,-1,-1,-1,-1,-1,-1,-1,-1,-1,4,-1,-1,-1,-1,-1,-1,255,0
671993354,0,0.0,-0.0,0.0,0.0,-1.0,-1.0,-1.0,0.00816326,-1.0,-1.0,0.028,0.028,0.028,0.028,0.028,0.028,-1.0,-1.0,0,18,2,0,1,3,-1,-1,-1,-1,-1,-1,-1,-1,-1,-1,-1,-1,-1,-1,-1,-1,4,-1,-1,-1,-1,-1,-1,255,0
672006591,0,0.0,-0.0,0.0,0.0,-1.0,-1.0,-1.0,0.00816326,-1.0,-1.0,0.028,0.028,0.028,0.028,0.028,0.028,-1.0,-1.0,0,18,2,0,1,3,-1,-1,-1,-1,-1,-1,-1,-1,-1,-1,-1,-1,-1,-1,-1,-1,4,-1,-1,-1,-1,-1,-1,255,0
672021638,0,0.0,-0.0,0.0,0.0,-1.0,-1.0,-1.0,0.00816326,-1.0,-1.0,0.028,0.028,0.028,0.028,0.028,0.028,-1.0,-1.0,0,18,2,0,1,3,-1,-1,-1,-1,-1,-1,-1,-1,-1,-1,-1,-1,-1,-1,-1,-1,4,-1,-1,-1,-1,-1,-1,255,0
672040597,0,0.0,-0.0,0.0,0.0,-1.0,-1.0,-1.0,0.00816326,-1.0,-1.0,0.028,0.028,0.028,0.028,0.028,0.028,-1.0,-1.0,0,18,2,0,1,3,-1,-1,-1,-1,-1,-1,-1,-1,-1,-1,-1,-1,-1,-1,-1,-1,4,-1,-1,-1,-1,-1,-1,255,0
672051671,0,0.0,-0.0,0.0,0.0,-1.0,-1.0,-1.0,0.00816326,-1.0,-1.0,0.028,0.028,0.028,0.028,0.028,0.028,-1.0,-1.0,0,18,2,0,1,3,-1,-1,-1,-1,-1,-1,-1,-1,-1,-1,-1,-1,-1,-1,-1,-1,4,-1,-1,-1,-1,-1,-1,255,0
672067527,0,0.0,-0.0,0.0,0.0,-1.0,-1.0,-1.0,0.00816326,-1.0,-1.0,0.028,0.028,0.028,0.028,0.028,0.028,-1.0,-1.0,0,18,2,0,1,3,-1,-1,-1,-1,-1,-1,-1,-1,-1,-1,-1,-1,-1,-1,-1,-1,4,-1,-1,-1,-1,-1,-1,255,0
672085638,0,0.0,-0.0,0.0,0.0,-1.0,-1.0,-1.0,0.00816326,-1.0,-1.0,0.028,0.028,0.028,0.028,0.028,0.028,-1.0,-1.0,0,18,2,0,1,3,-1,-1,-1,-1,-1,-1,-1,-1,-1,-1,-1,-1,-1,-1,-1,-1,4,-1,-1,-1,-1,-1,-1,255,0
672099953,0,0.0,-0.0,0.0,0.0,-1.0,-1.0,-1.0,0.00816326,-1.0,-1.0,0.028,0.028,0.028,0.028,0.028,0.028,-1.0,-1.0,0,18,2,0,1,3,-1,-1,-1,-1,-1,-1,-1,-1,-1,-1,-1,-1,-1,-1,-1,-1,4,-1,-1,-1,-1,-1,-1,255,0
672115591,0,0.0,-0.0,0.0,0.0,-1.0,-1.0,-1.0,0.00816326,-1.0,-1.0,0.028,0.028,0.028,0.028,0.028,0.028,-1.0,-1.0,0,18,2,0,1,3,-1,-1,-1,-1,-1,-1,-1,-1,-1,-1,-1,-1,-1,-1,-1,-1,4,-1,-1,-1,-1,-1,-1,255,0
672132541,0,0.0,-0.0,0.0,0.0,-1.0,-1.0,-1.0,0.00816326,-1.0,-1.0,0.028,0.028,0.028,0.028,0.028,0.028,-1.0,-1.0,0,18,2,0,1,3,-1,-1,-1,-1,-1,-1,-1,-1,-1,-1,-1,-1,-1,-1,-1,-1,4,-1,-1,-1,-1,-1,-1,255,0
672143788,0,0.0,-0.0,0.0,0.0,-1.0,-1.0,-1.0,0.00816326,-1.0,-1.0,0.028,0.028,0.028,0.028,0.028,0.028,-1.0,-1.0,0,18,2,0,1,3,-1,-1,-1,-1,-1,-1,-1,-1,-1,-1,-1,-1,-1,-1,-1,-1,4,-1,-1,-1,-1,-1,-1,255,0
672157625,0,0.0,-0.0,0.0,-0.0097561,-1.0,-1.0,-1.0,0.00816326,-1.0,-1.0,0.028,0.028,0.028,0.028,0.028,0.028,-1.0,-1.0,0,18,2,0,1,3,-1,-1,-1,-1,-1,-1,-1,-1,-1,-1,-1,-1,-1,-1,-1,-1,4,-1,-1,-1,-1,-1,-1,255,0
672177650,0,0.0,-0.0,0.0,-0.0414634,-1.0,-1.0,-1.0,0.00816326,-1.0,-1.0,0.028,0.028,0.028,0.028,0.028,0.028,-1.0,-1.0,0,18,2,0,1,3,-1,-1,-1,-1,-1,-1,-1,-1,-1,-1,-1,-1,-1,-1,-1,-1,4,-1,-1,-1,-1,-1,-1,255,0
672188353,0,0.0,-0.0,0.0,-0.0902439,-1.0,-1.0,-1.0,0.00816326,-1.0,-1.0,0.028,0.028,0.028,0.028,0.028,0.028,-1.0,-1.0,0,18,2,0,1,3,-1,-1,-1,-1,-1,-1,-1,-1,-1,-1,-1,-1,-1,-1,-1,-1,4,-1,-1,-1,-1,-1,-1,255,0
672205634,0,0.0,-0.0,0.0,-0.15122,-1.0,-1.0,-1.0,0.00816326,-1.0,-1.0,0.028,0.028,0.028,0.028,0.028,0.028,-1.0,-1.0,0,18,2,0,1,3,-1,-1,-1,-1,-1,-1,-1,-1,-1,-1,-1,-1,-1,-1,-1,-1,4,-1,-1,-1,-1,-1,-1,255,0
672216591,0,0.0,-0.0,0.0,-0.231707,-1.0,-1.0,-1.0,0.00816326,-1.0,-1.0,0.028,0.028,0.028,0.028,0.028,0.028,-1.0,-1.0,0,18,2,0,1,3,-1,-1,-1,-1,-1,-1,-1,-1,-1,-1,-1,-1,-1,-1,-1,-1,4,-1,-1,-1,-1,-1,-1,255,0
672234296,0,0.0,-0.0,0.0,-0.341463,-1.0,-1.0,-1.0,0.00816326,-1.0,-1.0,0.028,0.028,0.028,0.028,0.028,0.028,-1.0,-1.0,0,18,2,0,1,3,-1,-1,-1,-1,-1,-1,-1,-1,-1,-1,-1,-1,-1,-1,-1,-1,4,-1,-1,-1,-1,-1,-1,255,0
672250594,0,0.0,-0.0,0.0,-0.473171,-1.0,-1.0,-1.0,0.00816326,-1.0,-1.0,0.028,0.028,0.028,0.028,0.028,0.028,-1.0,-1.0,0,18,2,0,1,3,-1,-1,-1,-1,-1,-1,-1,-1,-1,-1,-1,-1,-1,-1,-1,-1,4,-1,-1,-1,-1,-1,-1,255,0
672264650,0,0.0,-0.0,0.0,-0.626829,-1.0,-1.0,-1.0,0.00816326,-1.0,-1.0,0.028,0.028,0.028,0.028,0.028,0.028,-1.0,-1.0,0,18,2,0,1,3,-1,-1,-1,-1,-1,-1,-1,-1,-1,-1,-1,-1,-1,-1,-1,-1,4,-1,-1,-1,-1,-1,-1,255,0
672280557,0,0.0,-0.0,0.0,-0.790244,-1.0,-1.0,-1.0,0.00816326,-1.0,-1.0,0.028,0.028,0.028,0.028,0.028,0.028,-1.0,-1.0,0,18,2,0,1,3,-1,-1,-1,-1,-1,-1,-1,-1,-1,-1,-1,-1,-1,-1,-1,-1,4,-1,-1,-1,-1,-1,-1,255,0
672292491,0,0.0,-0.0,0.0,-0.934146,-1.0,-1.0,-1.0,0.00816326,-1.0,-1.0,0.028,0.028,0.028,0.028,0.028,0.028,-1.0,-1.0,0,18,2,0,1,3,-1,-1,-1,-1,-1,-1,-1,-1,-1,-1,-1,-1,-1,-1,-1,-1,4,-1,-1,-1,-1,-1,-1,255,0
672311896,0,0.0,-0.0,0.0,-1.0,-1.0,-1.0,-1.0,0.00816326,-1.0,-1.0,0.028,0.028,0.028,0.028,0.028,0.028,-1.0,-1.0,0,18,2,0,1,3,-1,-1,-1,-1,-1,-1,-1,-1,-1,-1,-1,-1,-1,-1,-1,-1,4,-1,-1,-1,-1,-1,-1,255,0
672326644,0,0.0,-0.0,0.0,-1.0,-1.0,-1.0,-1.0,0.00816326,-1.0,-1.0,0.028,0.028,0.028,0.028,0.028,0.028,-1.0,-1.0,0,18,2,0,1,3,-1,-1,-1,-1,-1,-1,-1,-1,-1,-1,-1,-1,-1,-1,-1,-1,4,-1,-1,-1,-1,-1,-1,255,0
672337637,0,0.0,-0.0,0.0,-1.0,-1.0,-1.0,-1.0,0.00816326,-1.0,-1.0,0.028,0.028,0.028,0.028,0.028,0.028,-1.0,-1.0,0,18,2,0,1,3,-1,-1,-1,-1,-1,-1,-1,-1,-1,-1,-1,-1,-1,-1,-1,-1,4,-1,-1,-1,-1,-1,-1,255,0
672353846,0,0.0,-0.0,0.0,-1.0,-1.0,-1.0,-1.0,0.00816326,-1.0,-1.0,0.028,0.028,0.028,0.028,0.028,0.028,-1.0,-1.0,0,18,2,0,1,3,-1,-1,-1,-1,-1,-1,-1,-1,-1,-1,-1,-1,-1,-1,-1,-1,4,-1,-1,-1,-1,-1,-1,255,0
672368561,0,0.0,-0.0,0.0,-1.0,-1.0,-1.0,-1.0,0.00816326,-1.0,-1.0,0.028,0.028,0.028,0.028,0.028,0.028,-1.0,-1.0,0,18,2,0,1,3,-1,-1,-1,-1,-1,-1,-1,-1,-1,-1,-1,-1,-1,-1,-1,-1,4,-1,-1,-1,-1,-1,-1,255,0
672386895,0,0.0,-0.0,0.0,-1.0,-1.0,-1.0,-1.0,0.00816326,-1.0,-1.0,0.028,0.028,0.028,0.028,0.028,0.028,-1.0,-1.0,0,18,2,0,1,3,-1,-1,-1,-1,-1,-1,-1,-1,-1,-1,-1,-1,-1,-1,-1,-1,4,-1,-1,-1,-1,-1,-1,255,0
672397941,0,0.0,-0.0,0.0,-1.0,-1.0,-1.0,-1.0,0.00816326,-1.0,-1.0,0.028,0.028,0.028,0.028,0.028,0.028,-1.0,-1.0,0,18,2,0,1,3,-1,-1,-1,-1,-1,-1,-1,-1,-1,-1,-1,-1,-1,-1,-1,-1,4,-1,-1,-1,-1,-1,-1,255,0
672413524,0,0.0,-0.0,0.0,-1.0,-1.0,-1.0,-1.0,0.00816326,-1.0,-1.0,0.028,0.028,0.028,0.028,0.028,0.028,-1.0,-1.0,0,18,2,0,1,3,-1,-1,-1,-1,-1,-1,-1,-1,-1,-1,-1,-1,-1,-1,-1,-1,4,-1,-1,-1,-1,-1,-1,255,0
672429538,0,0.0,-0.0,0.0,-1.0,-1.0,-1.0,-1.0,0.00816326,-1.0,-1.0,0.028,0.028,0.028,0.028,0.028,0.028,-1.0,-1.0,0,18,2,0,1,3,-1,-1,-1,-1,-1,-1,-1,-1,-1,-1,-1,-1,-1,-1,-1,-1,4,-1,-1,-1,-1,-1,-1,255,0
672444601,0,0.0,-0.0,0.0,-1.0,-1.0,-1.0,-1.0,0.00816326,-1.0,-1.0,0.028,0.028,0.028,0.028,0.028,0.028,-1.0,-1.0,0,18,2,0,1,3,-1,-1,-1,-1,-1,-1,-1,-1,-1,-1,-1,-1,-1,-1,-1,-1,4,-1,-1,-1,-1,-1,-1,255,0
672460521,0,0.0,-0.0,0.0,-1.0,-1.0,-1.0,-1.0,0.00816326,-1.0,-1.0,0.028,0.028,0.028,0.028,0.028,0.028,-1.0,-1.0,0,18,2,0,1,3,-1,-1,-1,-1,-1,-1,-1,-1,-1,-1,-1,-1,-1,-1,-1,-1,4,-1,-1,-1,-1,-1,-1,255,0
672474294,0,0.0,-0.0,0.0,-1.0,-1.0,-1.0,-1.0,0.00816326,-1.0,-1.0,0.028,0.028,0.028,0.028,0.028,0.028,-1.0,-1.0,0,18,2,0,1,3,-1,-1,-1,-1,-1,-1,-1,-1,-1,-1,-1,-1,-1,-1,-1,-1,4,-1,-1,-1,-1,-1,-1,255,0
672487591,0,0.0,-0.0,0.0,-1.0,-1.0,-1.0,-1.0,0.00816326,-1.0,-1.0,0.028,0.028,0.028,0.028,0.028,0.028,-1.0,-1.0,0,18,2,0,1,3,-1,-1,-1,-1,-1,-1,-1,-1,-1,-1,-1,-1,-1,-1,-1,-1,4,-1,-1,-1,-1,-1,-1,255,0
672506591,0,0.0,-0.0,0.0,-1.0,-1.0,-1.0,-1.0,0.00816326,-1.0,-1.0,0.028,0.028,0.028,0.028,0.028,0.028,-1.0,-1.0,0,18,2,0,1,3,-1,-1,-1,-1,-1,-1,-1,-1,-1,-1,-1,-1,-1,-1,-1,-1,4,-1,-1,-1,-1,-1,-1,255,0
672520988,0,0.0,-0.0,0.0,-1.0,-1.0,-1.0,-1.0,0.00816326,-1.0,-1.0,0.028,0.028,0.028,0.028,0.028,0.028,-1.0,-1.0,0,18,2,0,1,3,-1,-1,-1,-1,-1,-1,-1,-1,-1,-1,-1,-1,-1,-1,-1,-1,4,-1,-1,-1,-1,-1,-1,255,0
672536954,0,0.0,-0.0,0.0,-1.0,-1.0,-1.0,-1.0,0.00816326,-1.0,-1.0,0.028,0.028,0.028,0.028,0.028,0.028,-1.0,-1.0,0,18,2,0,1,3,-1,-1,-1,-1,-1,-1,-1,-1,-1,-1,-1,-1,-1,-1,-1,-1,4,-1,-1,-1,-1,-1,-1,255,0
672547918,0,0.0,-0.0,0.0,-1.0,-1.0,-1.0,-1.0,0.00816326,-1.0,-1.0,0.028,0.028,0.028,0.028,0.028,0.028,-1.0,-1.0,0,18,2,0,1,3,-1,-1,-1,-1,-1,-1,-1,-1,-1,-1,-1,-1,-1,-1,-1,-1,4,-1,-1,-1,-1,-1,-1,255,0
672563071,0,0.0,-0.0,0.0,-1.0,-1.0,-1.0,-1.0,0.00816326,-1.0,-1.0,0.028,0.028,0.028,0.028,0.028,0.028,-1.0,-1.0,0,18,2,0,1,3,-1,-1,-1,-1,-1,-1,-1,-1,-1,-1,-1,-1,-1,-1,-1,-1,4,-1,-1,-1,-1,-1,-1,255,0
672580956,0,0.0,-0.0,0.0,-1.0,-1.0,-1.0,-1.0,0.00816326,-1.0,-1.0,0.028,0.028,0.028,0.028,0.028,0.028,-1.0,-1.0,0,18,2,0,1,3,-1,-1,-1,-1,-1,-1,-1,-1,-1,-1,-1,-1,-1,-1,-1,-1,4,-1,-1,-1,-1,-1,-1,255,0
672595864,0,0.0,-0.0,0.0,-1.0,-1.0,-1.0,-1.0,0.00816326,-1.0,-1.0,0.028,0.028,0.028,0.028,0.028,0.028,-1.0,-1.0,0,18,2,0,1,3,-1,-1,-1,-1,-1,-1,-1,-1,-1,-1,-1,-1,-1,-1,-1,-1,4,-1,-1,-1,-1,-1,-1,255,0
672611902,0,0.0,-0.0,0.0,-1.0,-1.0,-1.0,-1.0,0.00816326,-1.0,-1.0,0.028,0.028,0.028,0.028,0.028,0.028,-1.0,-1.0,0,18,2,0,1,3,-1,-1,-1,-1,-1,-1,-1,-1,-1,-1,-1,-1,-1,-1,-1,-1,4,-1,-1,-1,-1,-1,-1,255,0
672625951,0,0.0,-0.0,0.0,-1.0,-1.0,-1.0,-1.0,0.00816326,-1.0,-1.0,0.028,0.028,0.028,0.028,0.028,0.028,-1.0,-1.0,0,18,2,0,1,3,-1,-1,-1,-1,-1,-1,-1,-1,-1,-1,-1,-1,-1,-1,-1,-1,4,-1,-1,-1,-1,-1,-1,255,0
672639168,0,0.0,-0.0,0.0,-1.0,-1.0,-1.0,-1.0,0.00816326,-1.0,-1.0,0.028,0.028,0.028,0.028,0.028,0.028,-1.0,-1.0,0,18,2,0,1,3,-1,-1,-1,-1,-1,-1,-1,-1,-1,-1,-1,-1,-1,-1,-1,-1,4,-1,-1,-1,-1,-1,-1,255,0
672657503,0,0.0,-0.0,0.0,-1.0,-1.0,-1.0,-1.0,0.00816326,-1.0,-1.0,0.028,0.028,0.028,0.028,0.028,0.028,-1.0,-1.0,0,18,2,0,1,3,-1,-1,-1,-1,-1,-1,-1,-1,-1,-1,-1,-1,-1,-1,-1,-1,4,-1,-1,-1,-1,-1,-1,255,0
672669636,0,0.0,-0.0,0.0,-1.0,-1.0,-1.0,-1.0,0.00816326,-1.0,-1.0,0.028,0.028,0.028,0.028,0.028,0.028,-1.0,-1.0,0,18,2,0,1,3,-1,-1,-1,-1,-1,-1,-1,-1,-1,-1,-1,-1,-1,-1,-1,-1,4,-1,-1,-1,-1,-1,-1,255,0
672684602,0,0.0,-0.0,0.0,-1.0,-1.0,-1.0,-1.0,0.00816326,-1.0,-1.0,0.028,0.028,0.028,0.028,0.028,0.028,-1.0,-1.0,0,18,2,0,1,3,-1,-1,-1,-1,-1,-1,-1,-1,-1,-1,-1,-1,-1,-1,-1,-1,4,-1,-1,-1,-1,-1,-1,255,0
672700850,0,0.0,-0.0,0.0,-1.0,-1.0,-1.0,-1.0,0.00816326,-1.0,-1.0,0.028,0.028,0.028,0.028,0.028,0.028,-1.0,-1.0,0,18,2,0,1,3,-1,-1,-1,-1,-1,-1,-1,-1,-1,-1,-1,-1,-1,-1,-1,-1,4,-1,-1,-1,-1,-1,-1,255,0
672714902,0,0.0,-0.0,0.0,-1.0,-1.0,-1.0,-1.0,0.00816326,-1.0,-1.0,0.028,0.028,0.028,0.028,0.028,0.028,-1.0,-1.0,0,18,2,0,1,3,-1,-1,-1,-1,-1,-1,-1,-1,-1,-1,-1,-1,-1,-1,-1,-1,4,-1,-1,-1,-1,-1,-1,255,0
672729638,0,0.0,-0.0,0.0,-1.0,-1.0,-1.0,-1.0,0.00816326,-1.0,-1.0,0.028,0.028,0.028,0.028,0.028,0.028,-1.0,-1.0,0,18,2,0,1,3,-1,-1,-1,-1,-1,-1,-1,-1,-1,-1,-1,-1,-1,-1,-1,-1,4,-1,-1,-1,-1,-1,-1,255,0
672745783,0,0.0,-0.0,0.0,-1.0,-1.0,-1.0,-1.0,0.00816326,-1.0,-1.0,0.028,0.028,0.028,0.028,0.028,0.028,-1.0,-1.0,0,18,2,0,1,3,-1,-1,-1,-1,-1,-1,-1,-1,-1,-1,-1,-1,-1,-1,-1,-1,4,-1,-1,-1,-1,-1,-1,255,0
672759920,0,0.0,-0.0,0.0,-1.0,-1.0,-1.0,-1.0,0.00816326,-1.0,-1.0,0.028,0.028,0.028,0.028,0.028,0.028,-1.0,-1.0,0,18,2,0,1,3,-1,-1,-1,-1,-1,-1,-1,-1,-1,-1,-1,-1,-1,-1,-1,-1,4,-1,-1,-1,-1,-1,-1,255,0
672776371,0,0.0,-0.0,0.0,-1.0,-1.0,-1.0,-1.0,0.00816326,-1.0,-1.0,0.028,0.028,0.028,0.028,0.028,0.028,-1.0,-1.0,0,18,2,0,1,3,-1,-1,-1,-1,-1,-1,-1,-1,-1,-1,-1,-1,-1,-1,-1,-1,4,-1,-1,-1,-1,-1,-1,255,0
672791966,0,0.0,-0.0,0.0,-1.0,-1.0,-1.0,-1.0,0.00816326,-1.0,-1.0,0.028,0.028,0.028,0.028,0.028,0.028,-1.0,-1.0,0,18,2,0,1,3,-1,-1,-1,-1,-1,-1,-1,-1,-1,-1,-1,-1,-1,-1,-1,-1,4,-1,-1,-1,-1,-1,-1,255,0
672805637,0,0.0,-0.0,0.0,-1.0,-1.0,-1.0,-1.0,0.00816326,-1.0,-1.0,0.028,0.028,0.028,0.028,0.028,0.028,-1.0,-1.0,0,18,2,0,1,3,-1,-1,-1,-1,-1,-1,-1,-1,-1,-1,-1,-1,-1,-1,-1,-1,4,-1,-1,-1,-1,-1,-1,255,0
672818907,0,0.0,-0.0,0.0,-1.0,-1.0,-1.0,-1.0,0.00816326,-1.0,-1.0,0.028,0.028,0.028,0.028,0.028,0.028,-1.0,-1.0,0,18,2,0,1,3,-1,-1,-1,-1,-1,-1,-1,-1,-1,-1,-1,-1,-1,-1,-1,-1,4,-1,-1,-1,-1,-1,-1,255,0
672833633,0,0.0,-0.0,0.0,-1.0,-1.0,-1.0,-1.0,0.00816326,-1.0,-1.0,0.028,0.028,0.028,0.028,0.028,0.028,-1.0,-1.0,0,18,2,0,1,3,-1,-1,-1,-1,-1,-1,-1,-1,-1,-1,-1,-1,-1,-1,-1,-1,4,-1,-1,-1,-1,-1,-1,255,0
672853520,0,0.0,-0.0,0.0,-1.0,-1.0,-1.0,-1.0,0.00816326,-1.0,-1.0,0.028,0.028,0.028,0.028,0.028,0.028,-1.0,-1.0,0,18,2,0,1,3,-1,-1,-1,-1,-1,-1,-1,-1,-1,-1,-1,-1,-1,-1,-1,-1,4,-1,-1,-1,-1,-1,-1,255,0
672863590,0,0.0,-0.0,0.0,-1.0,-1.0,-1.0,-1.0,0.00816326,-1.0,-1.0,0.028,0.028,0.028,0.028,0.028,0.028,-1.0,-1.0,0,18,2,0,1,3,-1,-1,-1,-1,-1,-1,-1,-1,-1,-1,-1,-1,-1,-1,-1,-1,4,-1,-1,-1,-1,-1,-1,255,0
672880834,0,0.0,-0.0,0.0,-1.0,-1.0,-1.0,-1.0,0.00816326,-1.0,-1.0,0.028,0.028,0.028,0.028,0.028,0.028,-1.0,-1.0,0,18,2,0,1,3,-1,-1,-1,-1,-1,-1,-1,-1,-1,-1,-1,-1,-1,-1,-1,-1,4,-1,-1,-1,-1,-1,-1,255,0
672894607,0,0.0,-0.0,0.0,-1.0,-1.0,-1.0,-1.0,0.00816326,-1.0,-1.0,0.028,0.028,0.028,0.028,0.028,0.028,-1.0,-1.0,0,18,2,0,1,3,-1,-1,-1,-1,-1,-1,-1,-1,-1,-1,-1,-1,-1,-1,-1,-1,4,-1,-1,-1,-1,-1,-1,255,0
672909627,0,0.0,-0.0,0.0,-1.0,-1.0,-1.0,-1.0,0.00816326,-1.0,-1.0,0.028,0.028,0.028,0.028,0.028,0.028,-1.0,-1.0,0,18,2,0,1,3,-1,-1,-1,-1,-1,-1,-1,-1,-1,-1,-1,-1,-1,-1,-1,-1,4,-1,-1,-1,-1,-1,-1,255,0
672926972,0,0.0,-0.0,0.0,-1.0,-1.0,-1.0,-1.0,0.00816326,-1.0,-1.0,0.028,0.028,0.028,0.028,0.028,0.028,-1.0,-1.0,0,18,2,0,1,3,-1,-1,-1,-1,-1,-1,-1,-1,-1,-1,-1,-1,-1,-1,-1,-1,4,-1,-1,-1,-1,-1,-1,255,0
672939090,0,0.0,-0.0,0.0,-1.0,-1.0,-1.0,-1.0,0.00816326,-1.0,-1.0,0.028,0.028,0.028,0.028,0.028,0.028,-1.0,-1.0,0,18,2,0,1,3,-1,-1,-1,-1,-1,-1,-1,-1,-1,-1,-1,-1,-1,-1,-1,-1,4,-1,-1,-1,-1,-1,-1,255,0
672957973,0,0.0,-0.0,0.0,-1.0,-1.0,-1.0,-1.0,0.00816326,-1.0,-1.0,0.028,0.028,0.028,0.028,0.028,0.028,-1.0,-1.0,0,18,2,0,1,3,-1,-1,-1,-1,-1,-1,-1,-1,-1,-1,-1,-1,-1,-1,-1,-1,4,-1,-1,-1,-1,-1,-1,255,0
672968581,0,0.0,-0.0,0.0,-1.0,-1.0,-1.0,-1.0,0.00816326,-1.0,-1.0,0.028,0.028,0.028,0.028,0.028,0.028,-1.0,-1.0,0,18,2,0,1,3,-1,-1,-1,-1,-1,-1,-1,-1,-1,-1,-1,-1,-1,-1,-1,-1,4,-1,-1,-1,-1,-1,-1,255,0
672986591,0,0.0,-0.0,0.0,-1.0,-1.0,-1.0,-1.0,0.00816326,-1.0,-1.0,0.028,0.028,0.028,0.028,0.028,0.028,-1.0,-1.0,0,18,2,0,1,3,-1,-1,-1,-1,-1,-1,-1,-1,-1,-1,-1,-1,-1,-1,-1,-1,4,-1,-1,-1,-1,-1,-1,255,0
673002247,0,0.0,-0.0,0.0,-1.0,-1.0,-1.0,-1.0,0.00816326,-1.0,-1.0,0.028,0.028,0.028,0.028,0.028,0.028,-1.0,-1.0,0,18,2,0,1,3,-1,-1,-1,-1,-1,-1,-1,-1,-1,-1,-1,-1,-1,-1,-1,-1,4,-1,-1,-1,-1,-1,-1,255,0
673016591,0,0.0,-0.0,0.0,-1.0,-1.0,-1.0,-1.0,0.00816326,-1.0,-1.0,0.028,0.028,0.028,0.028,0.028,0.028,-1.0,-1.0,0,18,2,0,1,3,-1,-1,-1,-1,-1,-1,-1,-1,-1,-1,-1,-1,-1,-1,-1,-1,4,-1,-1,-1,-1,-1,-1,255,0
673032544,0,0.0,-0.0,0.0,-1.0,-1.0,-1.0,-1.0,0.00816326,-1.0,-1.0,0.028,0.028,0.028,0.028,0.028,0.028,-1.0,-1.0,0,18,2,0,1,3,-1,-1,-1,-1,-1,-1,-1,-1,-1,-1,-1,-1,-1,-1,-1,-1,4,-1,-1,-1,-1,-1,-1,255,0
673047466,0,0.0,-0.0,0.0,-1.0,-1.0,-1.0,-1.0,0.00816326,-1.0,-1.0,0.028,0.028,0.028,0.028,0.028,0.028,-1.0,-1.0,0,18,2,0,1,3,-1,-1,-1,-1,-1,-1,-1,-1,-1,-1,-1,-1,-1,-1,-1,-1,4,-1,-1,-1,-1,-1,-1,255,0
673059594,0,0.0,-0.0,0.0,-1.0,-1.0,-1.0,-1.0,0.00816326,-1.0,-1.0,0.028,0.028,0.028,0.028,0.028,0.028,-1.0,-1.0,0,18,2,0,1,3,-1,-1,-1,-1,-1,-1,-1,-1,-1,-1,-1,-1,-1,-1,-1,-1,4,-1,-1,-1,-1,-1,-1,255,0
673075575,0,0.0,-0.0,0.0,-1.0,-1.0,-1.0,-1.0,0.00816326,-1.0,-1.0,0.028,0.028,0.028,0.028,0.028,0.028,-1.0,-1.0,0,18,2,0,1,3,-1,-1,-1,-1,-1,-1,-1,-1,-1,-1,-1,-1,-1,-1,-1,-1,4,-1,-1,-1,-1,-1,-1,255,0
673090727,0,0.0,-0.0,0.0,-1.0,-1.0,-1.0,-1.0,0.00816326,-1.0,-1.0,0.028,0.028,0.028,0.028,0.028,0.028,-1.0,-1.0,0,18,2,0,1,3,-1,-1,-1,-1,-1,-1,-1,-1,-1,-1,-1,-1,-1,-1,-1,-1,4,-1,-1,-1,-1,-1,-1,255,0
673105994,0,0.0,-0.0,0.0,-1.0,-1.0,-1.0,-1.0,0.00816326,-1.0,-1.0,0.028,0.028,0.028,0.028,0.028,0.028,-1.0,-1.0,0,18,2,0,1,3,-1,-1,-1,-1,-1,-1,-1,-1,-1,-1,-1,-1,-1,-1,-1,-1,4,-1,-1,-1,-1,-1,-1,255,0
673121941,0,0.0,-0.0,0.0,-1.0,-1.0,-1.0,-1.0,0.00816326,-1.0,-1.0,0.028,0.028,0.028,0.028,0.028,0.028,-1.0,-1.0,0,18,2,0,1,3,-1,-1,-1,-1,-1,-1,-1,-1,-1,-1,-1,-1,-1,-1,-1,-1,4,-1,-1,-1,-1,-1,-1,255,0
673137515,0,0.0,-0.0,0.0,-1.0,-1.0,-1.0,-1.0,0.00816326,-1.0,-1.0,0.028,0.028,0.028,0.028,0.028,0.028,-1.0,-1.0,0,18,2,0,1,3,-1,-1,-1,-1,-1,-1,-1,-1,-1,-1,-1,-1,-1,-1,-1,-1,4,-1,-1,-1,-1,-1,-1,255,0
673152508,0,0.0,-0.0,0.0,-1.0,-1.0,-1.0,-1.0,0.00816326,-1.0,-1.0,0.028,0.028,0.028,0.028,0.028,0.028,-1.0,-1.0,0,18,2,0,1,3,-1,-1,-1,-1,-1,-1,-1,-1,-1,-1,-1,-1,-1,-1,-1,-1,4,-1,-1,-1,-1,-1,-1,255,0
673164604,0,0.0,-0.0,0.0,-1.0,-1.0,-1.0,-1.0,0.00816326,-1.0,-1.0,0.028,0.028,0.028,0.028,0.028,0.028,-1.0,-1.0,0,18,2,0,1,3,-1,-1,-1,-1,-1,-1,-1,-1,-1,-1,-1,-1,-1,-1,-1,-1,4,-1,-1,-1,-1,-1,-1,255,0
673180736,0,0.0,-0.0,0.0,-1.0,-1.0,-1.0,-1.0,0.00816326,-1.0,-1.0,0.028,0.028,0.028,0.028,0.028,0.028,-1.0,-1.0,0,18,2,0,1,3,-1,-1,-1,-1,-1,-1,-1,-1,-1,-1,-1,-1,-1,-1,-1,-1,4,-1,-1,-1,-1,-1,-1,255,0
673196328,0,0.0,-0.0,0.0,-1.0,-1.0,-1.0,-1.0,0.00816326,-1.0,-1.0,0.028,0.028,0.028,0.028,0.028,0.028,-1.0,-1.0,0,18,2,0,1,3,-1,-1,-1,-1,-1,-1,-1,-1,-1,-1,-1,-1,-1,-1,-1,-1,4,-1,-1,-1,-1,-1,-1,255,0
673210935,0,0.0,-0.0,0.0,-1.0,-1.0,-1.0,-1.0,0.00816326,-1.0,-1.0,0.028,0.028,0.028,0.028,0.028,0.028,-1.0,-1.0,0,18,2,0,1,3,-1,-1,-1,-1,-1,-1,-1,-1,-1,-1,-1,-1,-1,-1,-1,-1,4,-1,-1,-1,-1,-1,-1,255,0
673226895,0,0.0,-0.0,0.0,-1.0,-1.0,-1.0,-1.0,0.00816326,-1.0,-1.0,0.028,0.028,0.028,0.028,0.028,0.028,-1.0,-1.0,0,18,2,0,1,3,-1,-1,-1,-1,-1,-1,-1,-1,-1,-1,-1,-1,-1,-1,-1,-1,4,-1,-1,-1,-1,-1,-1,255,0
673241634,0,0.0,-0.0,0.0,-1.0,-1.0,-1.0,-1.0,0.00816326,-1.0,-1.0,0.028,0.028,0.028,0.028,0.028,0.028,-1.0,-1.0,0,18,2,0,1,3,-1,-1,-1,-1,-1,-1,-1,-1,-1,-1,-1,-1,-1,-1,-1,-1,4,-1,-1,-1,-1,-1,-1,255,0
673256255,0,0.0,-0.0,0.0,-1.0,-1.0,-1.0,-1.0,0.00816326,-1.0,-1.0,0.028,0.028,0.028,0.028,0.028,0.028,-1.0,-1.0,0,18,2,0,1,3,-1,-1,-1,-1,-1,-1,-1,-1,-1,-1,-1,-1,-1,-1,-1,-1,4,-1,-1,-1,-1,-1,-1,255,0
673271914,0,0.0,-0.0,0.0,-1.0,-1.0,-1.0,-1.0,0.00816326,-1.0,-1.0,0.028,0.028,0.028,0.028,0.028,0.028,-1.0,-1.0,0,18,2,0,1,3,-1,-1,-1,-1,-1,-1,-1,-1,-1,-1,-1,-1,-1,-1,-1,-1,4,-1,-1,-1,-1,-1,-1,255,0
673285632,0,0.0,-0.0,0.0,-1.0,-1.0,-1.0,-1.0,0.00816326,-1.0,-1.0,0.028,0.028,0.028,0.028,0.028,0.028,-1.0,-1.0,0,18,2,0,1,3,-1,-1,-1,-1,-1,-1,-1,-1,-1,-1,-1,-1,-1,-1,-1,-1,4,-1,-1,-1,-1,-1,-1,255,0
673301511,0,0.0,-0.0,0.0,-1.0,-1.0,-1.0,-1.0,0.00816326,-1.0,-1.0,0.028,0.028,0.028,0.028,0.028,0.028,-1.0,-1.0,0,18,2,0,1,3,-1,-1,-1,-1,-1,-1,-1,-1,-1,-1,-1,-1,-1,-1,-1,-1,4,-1,-1,-1,-1,-1,-1,255,0
673314598,0,0.0,-0.0,0.0,-1.0,-1.0,-1.0,-1.0,0.00816326,-1.0,-1.0,0.028,0.028,0.028,0.028,0.028,0.028,-1.0,-1.0,0,18,2,0,1,3,-1,-1,-1,-1,-1,-1,-1,-1,-1,-1,-1,-1,-1,-1,-1,-1,4,-1,-1,-1,-1,-1,-1,255,0
673330611,0,0.0,-0.0,0.0,-1.0,-1.0,-1.0,-1.0,0.00816326,-1.0,-1.0,0.028,0.028,0.028,0.028,0.028,0.028,-1.0,-1.0,0,18,2,0,1,3,-1,-1,-1,-1,-1,-1,-1,-1,-1,-1,-1,-1,-1,-1,-1,-1,4,-1,-1,-1,-1,-1,-1,255,0
673345633,0,0.0,-0.0,0.0,-1.0,-1.0,-1.0,-1.0,0.00816326,-1.0,-1.0,0.028,0.028,0.028,0.028,0.028,0.028,-1.0,-1.0,0,18,2,0,1,3,-1,-1,-1,-1,-1,-1,-1,-1,-1,-1,-1,-1,-1,-1,-1,-1,4,-1,-1,-1,-1,-1,-1,255,0
673361649,0,0.0,-0.0,0.0,-1.0,-1.0,-1.0,-1.0,0.00816326,-1.0,-1.0,0.028,0.028,0.028,0.028,0.028,0.028,-1.0,-1.0,0,18,2,0,1,3,-1,-1,-1,-1,-1,-1,-1,-1,-1,-1,-1,-1,-1,-1,-1,-1,4,-1,-1,-1,-1,-1,-1,255,0
673377643,0,0.0,-0.0,0.0,-1.0,-1.0,-1.0,-1.0,0.00816326,-1.0,-1.0,0.028,0.028,0.028,0.028,0.028,0.028,-1.0,-1.0,0,18,2,0,1,3,-1,-1,-1,-1,-1,-1,-1,-1,-1,-1,-1,-1,-1,-1,-1,-1,4,-1,-1,-1,-1,-1,-1,255,0
673394099,0,0.0,-0.0,0.0,-1.0,-1.0,-1.0,-1.0,0.00816326,-1.0,-1.0,0.028,0.028,0.028,0.028,0.028,0.028,-1.0,-1.0,0,18,2,0,1,3,-1,-1,-1,-1,-1,-1,-1,-1,-1,-1,-1,-1,-1,-1,-1,-1,4,-1,-1,-1,-1,-1,-1,255,0
673408590,0,0.0,-0.0,0.0,-1.0,-1.0,-1.0,-1.0,0.00816326,-1.0,-1.0,0.028,0.028,0.028,0.028,0.028,0.028,-1.0,-1.0,0,18,2,0,1,3,-1,-1,-1,-1,-1,-1,-1,-1,-1,-1,-1,-1,-1,-1,-1,-1,4,-1,-1,-1,-1,-1,-1,255,0
673425907,0,0.0,-0.0,0.0,-1.0,-1.0,-1.0,-1.0,0.00816326,-1.0,-1.0,0.028,0.028,0.028,0.028,0.028,0.028,-1.0,-1.0,0,18,2,0,1,3,-1,-1,-1,-1,-1,-1,-1,-1,-1,-1,-1,-1,-1,-1,-1,-1,4,-1,-1,-1,-1,-1,-1,255,0
673436521,0,0.0,-0.0,0.0,-1.0,-1.0,-1.0,-1.0,0.00816326,-1.0,-1.0,0.028,0.028,0.028,0.028,0.028,0.028,-1.0,-1.0,0,18,2,0,1,3,-1,-1,-1,-1,-1,-1,-1,-1,-1,-1,-1,-1,-1,-1,-1,-1,4,-1,-1,-1,-1,-1,-1,255,0
673451530,0,0.0,-0.0,0.0,-1.0,-1.0,-1.0,-1.0,0.00816326,-1.0,-1.0,0.028,0.028,0.028,0.028,0.028,0.028,-1.0,-1.0,0,18,2,0,1,3,-1,-1,-1,-1,-1,-1,-1,-1,-1,-1,-1,-1,-1,-1,-1,-1,4,-1,-1,-1,-1,-1,-1,255,0
673466269,0,0.0,-0.0,0.0,-1.0,-1.0,-1.0,-1.0,0.00816326,-1.0,-1.0,0.028,0.028,0.028,0.028,0.028,0.028,-1.0,-1.0,0,18,2,0,1,3,-1,-1,-1,-1,-1,-1,-1,-1,-1,-1,-1,-1,-1,-1,-1,-1,4,-1,-1,-1,-1,-1,-1,255,0
673481992,0,0.0,-0.0,0.0,-1.0,-1.0,-1.0,-1.0,0.00816326,-1.0,-1.0,0.028,0.028,0.028,0.028,0.028,0.028,-1.0,-1.0,0,18,2,0,1,3,-1,-1,-1,-1,-1,-1,-1,-1,-1,-1,-1,-1,-1,-1,-1,-1,4,-1,-1,-1,-1,-1,-1,255,0
673496522,0,0.0,-0.0,0.0,-1.0,-1.0,-1.0,-1.0,0.00816326,-1.0,-1.0,0.028,0.028,0.028,0.028,0.028,0.028,-1.0,-1.0,0,18,2,0,1,3,-1,-1,-1,-1,-1,-1,-1,-1,-1,-1,-1,-1,-1,-1,-1,-1,4,-1,-1,-1,-1,-1,-1,255,0
673515797,0,0.0,-0.0,0.0,-1.0,-1.0,-1.0,-1.0,0.00816326,-1.0,-1.0,0.028,0.028,0.028,0.028,0.028,0.028,-1.0,-1.0,0,18,2,0,1,3,-1,-1,-1,-1,-1,-1,-1,-1,-1,-1,-1,-1,-1,-1,-1,-1,4,-1,-1,-1,-1,-1,-1,255,0
673526362,0,0.0,-0.0,0.0,-1.0,-1.0,-1.0,-1.0,0.00816326,-1.0,-1.0,0.028,0.028,0.028,0.028,0.028,0.028,-1.0,-1.0,0,18,2,0,1,3,-1,-1,-1,-1,-1,-1,-1,-1,-1,-1,-1,-1,-1,-1,-1,-1,4,-1,-1,-1,-1,-1,-1,255,0
673541489,0,0.0,-0.0,0.0,-1.0,-1.0,-1.0,-1.0,0.00816326,-1.0,-1.0,0.028,0.028,0.028,0.028,0.028,0.028,-1.0,-1.0,0,18,2,0,1,3,-1,-1,-1,-1,-1,-1,-1,-1,-1,-1,-1,-1,-1,-1,-1,-1,4,-1,-1,-1,-1,-1,-1,255,0
673558594,0,0.0,-0.0,0.0,-1.0,-1.0,-1.0,-1.0,0.00816326,-1.0,-1.0,0.028,0.028,0.028,0.028,0.028,0.028,-1.0,-1.0,0,18,2,0,1,3,-1,-1,-1,-1,-1,-1,-1,-1,-1,-1,-1,-1,-1,-1,-1,-1,4,-1,-1,-1,-1,-1,-1,255,0
673572957,0,0.0,-0.0,0.0,-1.0,-1.0,-1.0,-1.0,0.00816326,-1.0,-1.0,0.028,0.028,0.028,0.028,0.028,0.028,-1.0,-1.0,0,18,2,0,1,3,-1,-1,-1,-1,-1,-1,-1,-1,-1,-1,-1,-1,-1,-1,-1,-1,4,-1,-1,-1,-1,-1,-1,255,0
673586988,0,0.0,-0.0,0.0,-1.0,-1.0,-1.0,-1.0,0.00816326,-1.0,-1.0,0.028,0.028,0.028,0.028,0.028,0.028,-1.0,-1.0,0,18,2,0,1,3,-1,-1,-1,-1,-1,-1,-1,-1,-1,-1,-1,-1,-1,-1,-1,-1,4,-1,-1,-1,-1,-1,-1,255,0
673600591,0,0.0,-0.0,0.0,-1.0,-1.0,-1.0,-1.0,0.00816326,-1.0,-1.0,0.028,0.028,0.028,0.028,0.028,0.028,-1.0,-1.0,0,18,2,0,1,3,-1,-1,-1,-1,-1,-1,-1,-1,-1,-1,-1,-1,-1,-1,-1,-1,4,-1,-1,-1,-1,-1,-1,255,0
673616266,0,0.0,-0.0,0.0,-1.0,-1.0,-1.0,-1.0,0.00816326,-1.0,-1.0,0.028,0.028,0.028,0.028,0.028,0.028,-1.0,-1.0,0,18,2,0,1,3,-1,-1,-1,-1,-1,-1,-1,-1,-1,-1,-1,-1,-1,-1,-1,-1,4,-1,-1,-1,-1,-1,-1,255,0
673635505,0,0.0,-0.0,0.0,-1.0,-1.0,-1.0,-1.0,0.00816326,-1.0,-1.0,0.028,0.028,0.028,0.028,0.028,0.028,-1.0,-1.0,0,18,2,0,1,3,-1,-1,-1,-1,-1,-1,-1,-1,-1,-1,-1,-1,-1,-1,-1,-1,4,-1,-1,-1,-1,-1,-1,255,0
673651864,0,0.0,-0.0,0.0,-1.0,-1.0,-1.0,-1.0,0.00816326,-1.0,-1.0,0.028,0.028,0.028,0.028,0.028,0.028,-1.0,-1.0,0,18,2,0,1,3,-1,-1,-1,-1,-1,-1,-1,-1,-1,-1,-1,-1,-1,-1,-1,-1,4,-1,-1,-1,-1,-1,-1,255,0
673662296,0,0.0,-0.0,0.0,-1.0,-1.0,-1.0,-1.0,0.00816326,-1.0,-1.0,0.028,0.028,0.028,0.028,0.028,0.028,-1.0,-1.0,0,18,2,0,1,3,-1,-1,-1,-1,-1,-1,-1,-1,-1,-1,-1,-1,-1,-1,-1,-1,4,-1,-1,-1,-1,-1,-1,255,0
673676591,0,0.0,-0.0,0.0,-1.0,-1.0,-1.0,-1.0,0.00816326,-1.0,-1.0,0.028,0.028,0.028,0.028,0.028,0.028,-1.0,-1.0,0,18,2,0,1,3,-1,-1,-1,-1,-1,-1,-1,-1,-1,-1,-1,-1,-1,-1,-1,-1,4,-1,-1,-1,-1,-1,-1,255,0
673692578,0,0.0,-0.0,0.0,-1.0,-1.0,-1.0,-1.0,0.00816326,-1.0,-1.0,0.028,0.028,0.028,0.028,0.028,0.028,-1.0,-1.0,0,18,2,0,1,3,-1,-1,-1,-1,-1,-1,-1,-1,-1,-1,-1,-1,-1,-1,-1,-1,4,-1,-1,-1,-1,-1,-1,255,0
673706932,0,0.0,-0.0,0.0,-1.0,-1.0,-1.0,-1.0,0.00816326,-1.0,-1.0,0.028,0.028,0.028,0.028,0.028,0.028,-1.0,-1.0,0,18,2,0,1,3,-1,-1,-1,-1,-1,-1,-1,-1,-1,-1,-1,-1,-1,-1,-1,-1,4,-1,-1,-1,-1,-1,-1,255,0
673721633,0,0.0,-0.0,0.0,-1.0,-1.0,-1.0,-1.0,0.00816326,-1.0,-1.0,0.028,0.028,0.028,0.028,0.028,0.028,-1.0,-1.0,0,18,2,0,1,3,-1,-1,-1,-1,-1,-1,-1,-1,-1,-1,-1,-1,-1,-1,-1,-1,4,-1,-1,-1,-1,-1,-1,255,0
673737812,0,0.0,-0.0,0.0,-1.0,-1.0,-1.0,-1.0,0.00816326,-1.0,-1.0,0.028,0.028,0.028,0.028,0.028,0.028,-1.0,-1.0,0,18,2,0,1,3,-1,-1,-1,-1,-1,-1,-1,-1,-1,-1,-1,-1,-1,-1,-1,-1,4,-1,-1,-1,-1,-1,-1,255,0
673752640,0,0.0,-0.0,0.0,-1.0,-1.0,-1.0,-1.0,0.00816326,-1.0,-1.0,0.028,0.028,0.028,0.028,0.028,0.028,-1.0,-1.0,0,18,2,0,1,3,-1,-1,-1,-1,-1,-1,-1,-1,-1,-1,-1,-1,-1,-1,-1,-1,4,-1,-1,-1,-1,-1,-1,255,0
673766592,0,0.0,-0.0,0.0,-1.0,-1.0,-1.0,-1.0,0.00816326,-1.0,-1.0,0.028,0.028,0.028,0.028,0.028,0.028,-1.0,-1.0,0,18,2,0,1,3,-1,-1,-1,-1,-1,-1,-1,-1,-1,-1,-1,-1,-1,-1,-1,-1,4,-1,-1,-1,-1,-1,-1,255,0
673784970,0,0.0,-0.0,0.0,-1.0,-1.0,-1.0,-1.0,0.00816326,-1.0,-1.0,0.028,0.028,0.028,0.028,0.028,0.028,-1.0,-1.0,0,18,2,0,1,3,-1,-1,-1,-1,-1,-1,-1,-1,-1,-1,-1,-1,-1,-1,-1,-1,4,-1,-1,-1,-1,-1,-1,255,0
673798592,0,0.0,-0.0,0.0,-1.0,-1.0,-1.0,-1.0,0.00816326,-1.0,-1.0,0.028,0.028,0.028,0.028,0.028,0.028,-1.0,-1.0,0,18,2,0,1,3,-1,-1,-1,-1,-1,-1,-1,-1,-1,-1,-1,-1,-1,-1,-1,-1,4,-1,-1,-1,-1,-1,-1,255,0
673814943,0,0.0,-0.0,0.0,-1.0,-1.0,-1.0,-1.0,0.00816326,-1.0,-1.0,0.028,0.028,0.028,0.028,0.028,0.028,-1.0,-1.0,0,18,2,0,1,3,-1,-1,-1,-1,-1,-1,-1,-1,-1,-1,-1,-1,-1,-1,-1,-1,4,-1,-1,-1,-1,-1,-1,255,0
673830591,0,0.0,-0.0,0.0,-1.0,-1.0,-1.0,-1.0,0.00816326,-1.0,-1.0,0.028,0.028,0.028,0.028,0.028,0.028,-1.0,-1.0,0,18,2,0,1,3,-1,-1,-1,-1,-1,-1,-1,-1,-1,-1,-1,-1,-1,-1,-1,-1,4,-1,-1,-1,-1,-1,-1,255,0
673845425,0,0.0,-0.0,0.0,-1.0,-1.0,-1.0,-1.0,0.00816326,-1.0,-1.0,0.028,0.028,0.028,0.028,0.028,0.028,-1.0,-1.0,0,18,2,0,1,3,-1,-1,-1,-1,-1,-1,-1,-1,-1,-1,-1,-1,-1,-1,-1,-1,4,-1,-1,-1,-1,-1,-1,255,0
673859591,0,0.0,-0.0,0.0,-1.0,-1.0,-1.0,-1.0,0.00816326,-1.0,-1.0,0.028,0.028,0.028,0.028,0.028,0.028,-1.0,-1.0,0,18,2,0,1,3,-1,-1,-1,-1,-1,-1,-1,-1,-1,-1,-1,-1,-1,-1,-1,-1,4,-1,-1,-1,-1,-1,-1,255,0
673873777,0,0.0,-0.0,0.0,-1.0,-1.0,-1.0,-1.0,0.00816326,-1.0,-1.0,0.028,0.028,0.028,0.028,0.028,0.028,-1.0,-1.0,0,18,2,0,1,3,-1,-1,-1,-1,-1,-1,-1,-1,-1,-1,-1,-1,-1,-1,-1,-1,4,-1,-1,-1,-1,-1,-1,255,0
673888958,0,0.0,-0.0,0.0,-1.0,-1.0,-1.0,-1.0,0.00816326,-1.0,-1.0,0.028,0.028,0.028,0.028,0.028,0.028,-1.0,-1.0,0,18,2,0,1,3,-1,-1,-1,-1,-1,-1,-1,-1,-1,-1,-1,-1,-1,-1,-1,-1,4,-1,-1,-1,-1,-1,-1,255,0
673902926,0,0.0,-0.0,0.0,-1.0,-1.0,-1.0,-1.0,0.00816326,-1.0,-1.0,0.028,0.028,0.028,0.028,0.028,0.028,-1.0,-1.0,0,18,2,0,1,3,-1,-1,-1,-1,-1,-1,-1,-1,-1,-1,-1,-1,-1,-1,-1,-1,4,-1,-1,-1,-1,-1,-1,255,0
673918639,0,0.0,-0.0,0.0,-1.0,-1.0,-1.0,-1.0,0.00816326,-1.0,-1.0,0.028,0.028,0.028,0.028,0.028,0.028,-1.0,-1.0,0,18,2,0,1,3,-1,-1,-1,-1,-1,-1,-1,-1,-1,-1,-1,-1,-1,-1,-1,-1,4,-1,-1,-1,-1,-1,-1,255,0
673934899,0,0.0,-0.0,0.0,-1.0,-1.0,-1.0,-1.0,0.00816326,-1.0,-1.0,0.028,0.028,0.028,0.028,0.028,0.028,-1.0,-1.0,0,18,2,0,1,3,-1,-1,-1,-1,-1,-1,-1,-1,-1,-1,-1,-1,-1,-1,-1,-1,4,-1,-1,-1,-1,-1,-1,255,0
673950095,0,0.0,-0.0,0.0,-1.0,-1.0,-1.0,-1.0,0.00816326,-1.0,-1.0,0.028,0.028,0.028,0.028,0.028,0.028,-1.0,-1.0,0,18,2,0,1,3,-1,-1,-1,-1,-1,-1,-1,-1,-1,-1,-1,-1,-1,-1,-1,-1,4,-1,-1,-1,-1,-1,-1,255,0
673965304,0,0.0,-0.0,0.0,-1.0,-1.0,-1.0,-1.0,0.00816326,-1.0,-1.0,0.028,0.028,0.028,0.028,0.028,0.028,-1.0,-1.0,0,18,2,0,1,3,-1,-1,-1,-1,-1,-1,-1,-1,-1,-1,-1,-1,-1,-1,-1,-1,4,-1,-1,-1,-1,-1,-1,255,0
673980581,0,0.0,-0.0,0.0,-1.0,-1.0,-1.0,-1.0,0.00816326,-1.0,-1.0,0.028,0.028,0.028,0.028,0.028,0.028,-1.0,-1.0,0,18,2,0,1,3,-1,-1,-1,-1,-1,-1,-1,-1,-1,-1,-1,-1,-1,-1,-1,-1,4,-1,-1,-1,-1,-1,-1,255,0
673996516,0,0.0,-0.0,0.0,-1.0,-1.0,-1.0,-1.0,0.00816326,-1.0,-1.0,0.028,0.028,0.028,0.028,0.028,0.028,-1.0,-1.0,0,18,2,0,1,3,-1,-1,-1,-1,-1,-1,-1,-1,-1,-1,-1,-1,-1,-1,-1,-1,4,-1,-1,-1,-1,-1,-1,255,0
674009631,0,0.0,-0.0,0.0,-1.0,-1.0,-1.0,-1.0,0.00816326,-1.0,-1.0,0.028,0.028,0.028,0.028,0.028,0.028,-1.0,-1.0,0,18,2,0,1,3,-1,-1,-1,-1,-1,-1,-1,-1,-1,-1,-1,-1,-1,-1,-1,-1,4,-1,-1,-1,-1,-1,-1,255,0
674023922,0,0.0,-0.0,0.0,-1.0,-1.0,-1.0,-1.0,0.00816326,-1.0,-1.0,0.028,0.028,0.028,0.028,0.028,0.028,-1.0,-1.0,0,18,2,0,1,3,-1,-1,-1,-1,-1,-1,-1,-1,-1,-1,-1,-1,-1,-1,-1,-1,4,-1,-1,-1,-1,-1,-1,255,0
674040057,0,0.0,-0.0,0.0,-1.0,-1.0,-1.0,-1.0,0.00816326,-1.0,-1.0,0.028,0.028,0.028,0.028,0.028,0.028,-1.0,-1.0,0,18,2,0,1,3,-1,-1,-1,-1,-1,-1,-1,-1,-1,-1,-1,-1,-1,-1,-1,-1,4,-1,-1,-1,-1,-1,-1,255,0
674054945,0,0.0,-0.0,0.0,-1.0,-1.0,-1.0,-1.0,0.00816326,-1.0,-1.0,0.028,0.028,0.028,0.028,0.028,0.028,-1.0,-1.0,0,18,2,0,1,3,-1,-1,-1,-1,-1,-1,-1,-1,-1,-1,-1,-1,-1,-1,-1,-1,4,-1,-1,-1,-1,-1,-1,255,0
674066605,0,0.0,-0.0,0.0,-0.980488,-1.0,-1.0,-1.0,0.00816326,-1.0,-1.0,0.028,0.028,0.028,0.028,0.028,0.028,-1.0,-1.0,0,18,2,0,1,3,-1,-1,-1,-1,-1,-1,-1,-1,-1,-1,-1,-1,-1,-1,-1,-1,4,-1,-1,-1,-1,-1,-1,255,0
674082640,0,0.0,-0.0,0.0,-0.931707,-1.0,-1.0,-1.0,0.00816326,-1.0,-1.0,0.028,0.028,0.028,0.028,0.028,0.028,-1.0,-1.0,0,18,2,0,1,3,-1,-1,-1,-1,-1,-1,-1,-1,-1,-1,-1,-1,-1,-1,-1,-1,4,-1,-1,-1,-1,-1,-1,255,0
674097953,0,0.0,-0.0,0.0,-0.819512,-1.0,-1.0,-1.0,0.00816326,-1.0,-1.0,0.028,0.028,0.028,0.028,0.028,0.028,-1.0,-1.0,0,18,2,0,1,3,-1,-1,-1,-1,-1,-1,-1,-1,-1,-1,-1,-1,-1,-1,-1,-1,4,-1,-1,-1,-1,-1,-1,255,0
674113941,0,0.0,-0.0,0.0,-0.7,-1.0,-1.0,-1.0,0.00816326,-1.0,-1.0,0.028,0.028,0.028,0.028,0.028,0.028,-1.0,-1.0,0,18,2,0,1,3,-1,-1,-1,-1,-1,-1,-1,-1,-1,-1,-1,-1,-1,-1,-1,-1,4,-1,-1,-1,-1,-1,-1,255,0
674129460,0,0.0,-0.0,0.0,-0.587805,-1.0,-1.0,-1.0,0.00816326,-1.0,-1.0,0.028,0.028,0.028,0.028,0.028,0.028,-1.0,-1.0,0,18,2,0,1,3,-1,-1,-1,-1,-1,-1,-1,-1,-1,-1,-1,-1,-1,-1,-1,-1,4,-1,-1,-1,-1,-1,-1,255,0
674143748,0,0.0,-0.0,0.0,-0.492683,-1.0,-1.0,-1.0,0.00816326,-1.0,-1.0,0.028,0.028,0.028,0.028,0.028,0.028,-1.0,-1.0,0,18,2,0,1,3,-1,-1,-1,-1,-1,-1,-1,-1,-1,-1,-1,-1,-1,-1,-1,-1,4,-1,-1,-1,-1,-1,-1,255,0
674159425,0,0.0,-0.0,0.0,-0.417073,-1.0,-1.0,-1.0,0.00816326,-1.0,-1.0,0.028,0.028,0.028,0.028,0.028,0.028,-1.0,-1.0,0,18,2,0,1,3,-1,-1,-1,-1,-1,-1,-1,-1,-1,-1,-1,-1,-1,-1,-1,-1,4,-1,-1,-1,-1,-1,-1,255,0
674175154,0,0.0,-0.0,0.0,-0.353659,-1.0,-1.0,-1.0,0.00816326,-1.0,-1.0,0.028,0.028,0.028,0.028,0.028,0.028,-1.0,-1.0,0,18,2,0,1,3,-1,-1,-1,-1,-1,-1,-1,-1,-1,-1,-1,-1,-1,-1,-1,-1,4,-1,-1,-1,-1,-1,-1,255,0
674190564,0,0.0,-0.0,0.0,-0.295122,-1.0,-1.0,-1.0,0.00816326,-1.0,-1.0,0.028,0.028,0.028,0.028,0.028,0.028,-1.0,-1.0,0,18,2,0,1,3,-1,-1,-1,-1,-1,-1,-1,-1,-1,-1,-1,-1,-1,-1,-1,-1,4,-1,-1,-1,-1,-1,-1,255,0
674204638,0,0.0,-0.0,0.0,-0.241463,-1.0,-1.0,-1.0,0.00816326,-1.0,-1.0,0.028,0.028,0.028,0.028,0.028,0.028,-1.0,-1.0,0,18,2,0,1,3,-1,-1,-1,-1,-1,-1,-1,-1,-1,-1,-1,-1,-1,-1,-1,-1,4,-1,-1,-1,-1,-1,-1,255,0
674218590,0,0.0,-0.0,0.0,-0.185366,-1.0,-1.0,-1.0,0.00816326,-1.0,-1.0,0.028,0.028,0.028,0.028,0.028,0.028,-1.0,-1.0,0,18,2,0,1,3,-1,-1,-1,-1,-1,-1,-1,-1,-1,-1,-1,-1,-1,-1,-1,-1,4,-1,-1,-1,-1,-1,-1,255,0
674232858,0,0.0,-0.0,0.0,-0.119512,-1.0,-1.0,-1.0,0.00816326,-1.0,-1.0,0.028,0.028,0.028,0.028,0.028,0.028,-1.0,-1.0,0,18,2,0,1,3,-1,-1,-1,-1,-1,-1,-1,-1,-1,-1,-1,-1,-1,-1,-1,-1,4,-1,-1,-1,-1,-1,-1,255,0
674250929,0,0.0,-0.0,0.0,-0.0439024,-1.0,-1.0,-1.0,0.00816326,-1.0,-1.0,0.028,0.028,0.028,0.028,0.028,0.028,-1.0,-1.0,0,18,2,0,1,3,-1,-1,-1,-1,-1,-1,-1,-1,-1,-1,-1,-1,-1,-1,-1,-1,4,-1,-1,-1,-1,-1,-1,255,0
674264978,0,0.0,-0.0,0.0,0.0,-1.0,-1.0,-1.0,0.00816326,-1.0,-1.0,0.028,0.028,0.028,0.028,0.028,0.028,-1.0,-1.0,0,18,2,0,1,3,-1,-1,-1,-1,-1,-1,-1,-1,-1,-1,-1,-1,-1,-1,-1,-1,4,-1,-1,-1,-1,-1,-1,255,0
674279949,0,0.0,-0.0,0.0,0.0,-1.0,-1.0,-1.0,0.00816326,-1.0,-1.0,0.028,0.028,0.028,0.028,0.028,0.028,-1.0,-1.0,0,18,2,0,1,3,-1,-1,-1,-1,-1,-1,-1,-1,-1,-1,-1,-1,-1,-1,-1,-1,4,-1,-1,-1,-1,-1,-1,255,0
674294939,0,0.0,-0.0,0.0,0.0,-1.0,-1.0,-1.0,0.00816326,-1.0,-1.0,0.028,0.028,0.028,0.028,0.028,0.028,-1.0,-1.0,0,18,2,0,1,3,-1,-1,-1,-1,-1,-1,-1,-1,-1,-1,-1,-1,-1,-1,-1,-1,4,-1,-1,-1,-1,-1,-1,255,0
674311594,0,0.0,-0.0,0.0,0.0,-1.0,-1.0,-1.0,0.00816326,-1.0,-1.0,0.028,0.028,0.028,0.028,0.028,0.028,-1.0,-1.0,0,18,2,0,1,3,-1,-1,-1,-1,-1,-1,-1,-1,-1,-1,-1,-1,-1,-1,-1,-1,4,-1,-1,-1,-1,-1,-1,255,0
674325454,0,0.0,-0.0,0.0,0.0,-1.0,-1.0,-1.0,0.00816326,-1.0,-1.0,0.028,0.028,0.028,0.028,0.028,0.028,-1.0,-1.0,0,18,2,0,1,3,-1,-1,-1,-1,-1,-1,-1,-1,-1,-1,-1,-1,-1,-1,-1,-1,4,-1,-1,-1,-1,-1,-1,255,0
674338934,0,0.0,-0.0,0.0,0.0,-1.0,-1.0,-1.0,0.00816326,-1.0,-1.0,0.028,0.028,0.028,0.028,0.028,0.028,-1.0,-1.0,0,18,2,0,1,3,-1,-1,-1,-1,-1,-1,-1,-1,-1,-1,-1,-1,-1,-1,-1,-1,4,-1,-1,-1,-1,-1,-1,255,0
674357304,0,0.0,-0.0,0.0,0.0,-1.0,-1.0,-1.0,0.00816326,-1.0,-1.0,0.028,0.028,0.028,0.028,0.028,0.028,-1.0,-1.0,0,18,2,0,1,3,-1,-1,-1,-1,-1,-1,-1,-1,-1,-1,-1,-1,-1,-1,-1,-1,4,-1,-1,-1,-1,-1,-1,255,0
674371498,0,0.0,-0.0,0.0,0.0,-1.0,-1.0,-1.0,0.00816326,-1.0,-1.0,0.028,0.028,0.028,0.028,0.028,0.028,-1.0,-1.0,0,18,2,0,1,3,-1,-1,-1,-1,-1,-1,-1,-1,-1,-1,-1,-1,-1,-1,-1,-1,4,-1,-1,-1,-1,-1,-1,255,0
674386582,0,0.0,-0.0,0.0,0.0,-1.0,-1.0,-1.0,0.00816326,-1.0,-1.0,0.028,0.028,0.028,0.028,0.028,0.028,-1.0,-1.0,0,18,2,0,1,3,-1,-1,-1,-1,-1,-1,-1,-1,-1,-1,-1,-1,-1,-1,-1,-1,4,-1,-1,-1,-1,-1,-1,255,0
674397918,0,0.0,-0.0,0.0,0.0,-1.0,-1.0,-1.0,0.00816326,-1.0,-1.0,0.028,0.028,0.028,0.028,0.028,0.028,-1.0,-1.0,0,18,2,0,1,3,-1,-1,-1,-1,-1,-1,-1,-1,-1,-1,-1,-1,-1,-1,-1,-1,4,-1,-1,-1,-1,-1,-1,255,0
674412599,0,0.0,-0.0,0.0,0.0,-1.0,-1.0,-1.0,0.00816326,-1.0,-1.0,0.028,0.028,0.028,0.028,0.028,0.028,-1.0,-1.0,0,18,2,0,1,3,-1,-1,-1,-1,-1,-1,-1,-1,-1,-1,-1,-1,-1,-1,-1,-1,4,-1,-1,-1,-1,-1,-1,255,0
