timestamp,time_utc_usec,lat,lon,alt,alt_ellipsoid,s_variance_m_s,c_variance_rad,eph,epv,hdop,vdop,noise_per_ms,jamming_indicator,vel_m_s,vel_n_m_s,vel_e_m_s,vel_d_m_s,cog_rad,timestamp_time_relative,heading,heading_offset,fix_type,vel_ned_valid,satellites_used
412437747,1608053270199679,408101978,-778705767,327877,293436,1.404,0.633376,5.392,11.596,1.06,2.04,93,13,0.405,0.38,0.141,0.441,3.20531,0,nan,0.0,3,1,8
412626762,1608053270399679,408101984,-778705766,328031,293590,1.286,0.633431,5.395,11.605,1.06,2.04,93,13,0.237,0.108,0.211,0.421,3.20531,0,nan,0.0,3,1,8
412824302,1608053270599679,408101977,-778705778,328463,294023,1.489,0.633496,5.395,11.603,1.06,2.04,93,13,0.657,-0.625,-0.202,0.183,3.20531,0,nan,0.0,3,1,8
413025771,1608053270799679,408101981,-778705775,328451,294010,1.049,0.633541,5.395,11.603,1.06,2.04,93,13,0.082,-0.017,-0.08,0.267,3.20531,0,nan,0.0,3,1,8
413228626,1608053270999680,408101979,-778705769,328219,293779,1.249,0.633595,5.392,11.595,1.06,2.04,93,11,0.267,-0.267,0.003,0.259,3.20531,0,nan,0.0,3,1,8
413428638,1608053271199679,408101980,-778705753,327835,293395,1.107,0.633643,5.391,11.588,1.06,2.04,93,11,0.355,-0.193,0.298,0.486,3.20531,0,nan,0.0,3,1,8
413622182,1608053271399679,408101981,-778705756,328135,293695,1.215,0.633696,5.389,11.578,1.06,2.04,93,11,0.245,-0.245,-0.001,0.333,3.20531,0,nan,0.0,3,1,8
413829865,1608053271599679,408101978,-778705767,328566,294126,1.334,0.633753,5.386,11.562,1.06,2.04,93,11,0.624,-0.594,-0.191,0.397,3.20531,0,nan,0.0,3,1,8
414029816,1608053271799679,408101973,-778705766,328531,294091,1.335,0.633811,5.381,11.542,1.06,2.04,93,11,0.592,-0.592,-0.011,0.271,3.20531,0,nan,0.0,3,1,8
414227743,1608053271999680,408101977,-778705759,328403,293963,1.155,0.633861,5.377,11.524,1.06,2.04,93,11,0.14,-0.126,0.062,0.337,3.20531,0,nan,0.0,3,1,8
414441001,1608053272199679,408101989,-778705750,328342,293902,1.325,0.633918,5.371,11.503,1.06,2.04,93,11,0.262,0.162,0.206,0.484,3.20531,0,nan,0.0,3,1,8
414630433,1608053272399679,408102001,-778705739,328207,293767,1.31,0.633975,5.359,11.458,1.06,2.04,93,11,0.338,0.21,0.265,0.568,3.20531,0,nan,0.0,3,1,8
414826796,1608053272599679,408102005,-778705741,328334,293894,1.106,0.634023,5.346,11.417,1.06,2.04,93,11,0.244,-0.224,-0.097,0.328,3.20531,0,nan,0.0,3,1,8
415029747,1608053272799679,408102010,-778705743,328497,294057,1.115,0.634071,5.333,11.379,1.06,2.04,93,11,0.252,-0.25,-0.03,0.375,3.20531,0,nan,0.0,3,1,8
415230664,1608053272999680,408102019,-778705742,328526,294086,0.967,0.634113,5.316,11.326,1.06,2.04,93,12,0.172,0.125,-0.118,0.238,3.20531,0,nan,0.0,3,1,8
415429734,1608053273199679,408102030,-778705740,328599,294159,1.15,0.634163,5.3,11.277,1.06,2.04,93,12,0.044,0.044,-0.005,0.327,3.20531,0,nan,0.0,3,1,8
415629796,1608053273399679,408102037,-778705742,328838,294398,1.064,0.634209,5.285,11.23,1.06,2.04,93,12,0.176,-0.175,0.02,0.281,3.20531,0,nan,0.0,3,1,8
415828633,1608053273599679,408102038,-778705749,329251,294810,1.174,0.634259,5.27,11.183,1.06,2.04,93,12,0.499,-0.484,-0.119,0.236,3.20531,0,nan,0.0,3,1,8
416028706,1608053273799679,408102044,-778705748,329404,294964,1.058,0.634305,5.257,11.143,1.06,2.04,93,12,0.13,-0.129,0.008,0.25,3.20531,0,nan,0.0,3,1,8
416226625,1608053273999680,408102049,-778705755,329795,295355,1.233,0.634358,5.244,11.101,1.06,2.04,93,12,0.29,-0.254,-0.14,0.104,3.20531,0,nan,0.0,3,1,8
416439795,1608053274199679,408102059,-778705755,330023,295583,1.194,0.63441,5.228,11.05,1.06,2.04,93,12,0.174,-0.172,-0.03,0.051,3.20531,0,nan,0.0,3,1,8
416626690,1608053274399679,408102080,-778705738,329775,295334,1.426,0.634472,5.215,11.005,1.06,2.04,93,12,0.452,0.409,0.191,0.226,3.20531,0,nan,0.0,3,1,8
416830724,1608053274599679,408102091,-778705741,330136,295696,1.029,0.634516,5.204,10.965,1.06,2.04,93,12,0.173,-0.168,0.043,0.144,3.20531,0,nan,0.0,3,1,8
417028629,1608053274799679,408102100,-778705747,330576,296135,1.378,0.634576,5.19,10.918,1.06,2.04,93,12,0.228,-0.206,-0.097,-0.089,3.20531,0,nan,0.0,3,1,8
417229765,1608053274999680,408102110,-778705753,331074,296634,1.111,0.634624,5.175,10.873,1.06,2.04,93,13,0.127,-0.122,0.034,-0.112,3.20531,0,nan,0.0,3,1,8
417427798,1608053275199679,408102129,-778705744,331196,296756,1.247,0.634678,5.161,10.829,1.06,2.04,93,13,0.408,0.27,0.305,0.012,3.20531,0,nan,0.0,3,1,8
417628610,1608053275399679,408102152,-778705732,331149,296709,1.307,0.634734,5.146,10.785,1.06,2.04,93,13,0.625,0.594,0.193,0.086,3.20531,0,nan,0.0,3,1,8
417830659,1608053275599679,408102163,-778705740,331605,297165,1.22,0.634787,5.132,10.743,1.06,2.04,93,13,0.159,-0.079,-0.138,-0.043,3.20531,0,nan,0.0,3,1,8
418028638,1608053275799679,408102180,-778705737,331748,297308,1.133,0.634836,5.118,10.702,1.06,2.04,93,13,0.128,0.121,0.041,-0.076,3.20531,0,nan,0.0,3,1,8
418233786,1608053275999680,408102196,-778705729,331811,297371,1.286,0.634891,5.104,10.662,1.06,2.04,93,12,0.184,0.124,0.136,0.237,3.20531,0,nan,0.0,3,1,8
418446626,1608053276199679,408102204,-778705732,332181,297741,0.953,0.634932,5.09,10.623,1.06,2.04,93,12,0.167,-0.151,0.07,-0.052,3.20531,0,nan,0.0,3,1,8
418636629,1608053276399679,408102208,-778705739,332594,298154,1.393,0.634992,5.08,10.59,1.06,2.04,93,12,0.355,-0.334,-0.119,-0.175,3.20531,0,nan,0.0,3,1,8
418834638,1608053276599679,408102215,-778705735,332583,298142,1.343,0.63505,5.07,10.556,1.06,2.04,93,12,0.252,-0.241,-0.074,-0.043,3.20531,0,nan,0.0,3,1,8
419035721,1608053276799679,408102219,-778705739,332844,298404,1.344,0.635109,5.061,10.524,1.06,2.04,93,12,0.213,-0.205,-0.058,-0.151,3.20531,0,nan,0.0,3,1,8
419232700,1608053276999680,408102225,-778705744,333089,298649,1.239,0.635162,5.051,10.491,1.06,2.04,93,13,0.233,-0.116,-0.202,-0.383,3.20531,0,nan,0.0,3,1,8
419433869,1608053277199679,408102231,-778705748,333475,299034,1.026,0.635206,5.041,10.461,1.06,2.04,93,13,0.093,-0.053,0.077,-0.297,3.20531,0,nan,0.0,3,1,8
419632641,1608053277399679,408102244,-778705740,333531,299091,1.034,0.635251,5.031,10.432,1.06,2.04,93,13,0.189,0.156,0.108,-0.24,3.20531,0,nan,0.0,3,1,8
419829820,1608053277599679,408102264,-778705728,333533,299093,1.259,0.635305,5.023,10.407,1.06,2.04,93,13,0.602,0.527,0.29,-0.141,3.20531,0,nan,0.0,3,1,8
420030887,1608053277799679,408102280,-778705724,333738,299297,1.155,0.635355,5.016,10.382,1.06,2.04,93,13,0.412,0.374,0.174,-0.237,3.20531,0,nan,0.0,3,1,8
420232638,1608053277999680,408102291,-778705727,334146,299705,1.028,0.635399,5.009,10.356,1.06,2.04,93,12,0.147,0.12,0.084,-0.314,3.20531,0,nan,0.0,3,1,8
420442628,1608053278199679,408102305,-778705723,334347,299907,1.053,0.635445,5.001,10.33,1.06,2.04,93,12,0.298,0.238,0.179,-0.303,3.20531,0,nan,0.0,3,1,8
420632629,1608053278399679,408102316,-778705723,334552,300112,1.069,0.635491,4.993,10.303,1.06,2.04,93,12,0.102,0.074,-0.069,-0.248,3.20531,0,nan,0.0,3,1,8
420830633,1608053278599679,408102319,-778705731,334932,300492,1.332,0.635549,4.985,10.276,1.06,2.04,93,12,0.33,-0.297,-0.145,-0.28,3.20531,0,nan,0.0,3,1,8
421030631,1608053278799679,408102325,-778705731,335128,300688,1.314,0.635605,4.977,10.251,1.06,2.04,93,12,0.273,-0.264,-0.068,-0.223,3.20531,0,nan,0.0,3,1,8
421232629,1608053278999680,408102342,-778705719,335016,300575,1.172,0.635656,4.969,10.226,1.06,2.04,93,11,0.309,0.307,0.028,-0.088,3.20531,0,nan,0.0,3,1,8
421425754,1608053279199679,408102348,-778705726,335393,300952,1.345,0.635714,4.962,10.202,1.06,2.04,93,11,0.29,-0.26,-0.129,-0.225,3.20531,0,nan,0.0,3,1,8
421630671,1608053279399679,408102354,-778705727,335631,301190,1.398,0.635774,4.956,10.182,1.06,2.04,93,11,0.269,-0.216,-0.16,-0.171,3.20531,0,nan,0.0,3,1,8
421830630,1608053279599679,408102349,-778705743,336186,301746,1.372,0.705952,4.95,10.16,1.06,2.04,93,11,0.827,-0.7,-0.439,-0.318,3.42755,0,nan,0.0,3,1,8
422030634,1608053279799679,408102361,-778705736,336230,301790,0.978,0.70599,4.944,10.141,1.06,2.04,93,11,0.075,0.041,0.063,-0.16,3.42755,0,nan,0.0,3,1,8
422231809,1608053279999680,408102376,-778705729,336362,301922,1.19,0.706036,4.937,10.117,1.06,2.04,93,10,0.179,0.157,0.085,-0.066,3.42755,0,nan,0.0,3,1,8
422441069,1608053280199679,408102388,-778705725,336465,302025,1.336,0.706088,4.929,10.093,1.06,2.04,93,10,0.063,-0.059,-0.023,-0.035,3.42755,0,nan,0.0,3,1,8
422631710,1608053280399679,408102392,-778705727,336602,302161,1.289,0.706139,4.924,10.075,1.06,2.04,93,10,0.5,-0.401,-0.298,0.103,3.42755,0,nan,0.0,3,1,8
422828736,1608053280599679,408102400,-778705727,336689,302249,1.123,0.706182,4.918,10.055,1.06,2.04,93,10,0.211,-0.207,-0.04,0.173,3.42755,0,nan,0.0,3,1,8
423031688,1608053280799679,408102423,-778705712,336557,302116,1.391,0.774123,4.914,10.039,1.06,2.04,93,10,0.733,0.637,0.362,0.27,2.10557,0,nan,0.0,3,1,8
423233735,1608053280999680,408102449,-778705693,336302,301862,1.353,0.712069,4.908,10.02,1.06,2.04,93,14,0.797,0.688,0.402,0.258,1.25154,0,nan,0.0,3,1,8
423429340,1608053281199679,408102465,-778705688,336408,301967,1.218,0.712116,4.9,9.995,1.06,2.04,93,14,0.233,0.158,0.171,0.47,1.25154,0,nan,0.0,3,1,8
423626687,1608053281399679,408102479,-778705681,336463,302023,1.145,0.71216,4.891,9.969,1.06,2.04,93,14,0.183,0.034,0.179,0.521,1.25154,0,nan,0.0,3,1,8
423828370,1608053281599679,408102499,-778705668,336374,301933,1.31,0.71221,4.884,9.949,1.06,2.04,93,14,0.533,0.433,0.311,0.628,1.25154,0,nan,0.0,3,1,8
424025665,1608053281799679,408102514,-778705661,336396,301955,1.225,0.712258,4.877,9.932,1.06,2.04,93,14,0.315,0.208,0.237,0.671,1.25154,0,nan,0.0,3,1,8
424227416,1608053281999680,408102538,-778705642,336131,301690,1.296,0.712307,4.871,9.914,1.06,2.04,93,11,0.696,0.558,0.417,0.71,1.25154,0,nan,0.0,3,1,8
424442639,1608053282199679,408102548,-778705646,336468,302028,1.16,0.712352,4.864,9.896,1.06,2.04,93,11,0.164,0.144,0.08,0.625,1.25154,0,nan,0.0,3,1,8
424634643,1608053282399679,408102565,-778705641,336478,302037,1.282,0.712401,4.857,9.878,1.06,2.04,93,11,0.302,0.274,0.128,0.367,1.25154,0,nan,0.0,3,1,8
424829795,1608053282599679,408102580,-778705631,336471,302031,1.184,0.712447,4.85,9.863,1.06,2.04,93,11,0.318,0.082,0.307,0.486,1.25154,0,nan,0.0,3,1,8
425030629,1608053282799679,408102598,-778705618,336404,301964,1.274,0.712496,4.845,9.851,1.06,2.04,93,11,0.432,0.3,0.311,0.771,1.25154,0,nan,0.0,3,1,8
425230629,1608053282999680,408102614,-778705606,336298,301858,1.198,0.712542,4.838,9.833,1.06,2.04,93,11,0.325,0.141,0.293,0.755,1.25154,0,nan,0.0,3,1,8
425429764,1608053283199679,408102630,-778705598,336374,301934,1.256,0.712591,4.829,9.813,1.06,2.04,93,11,0.444,0.281,0.343,0.594,1.25154,0,nan,0.0,3,1,8
425629528,1608053283399679,408102640,-778705597,336546,302105,1.064,0.712632,4.818,9.79,1.06,2.04,93,11,0.041,-0.035,0.021,0.454,1.25154,0,nan,0.0,3,1,8
425827695,1608053283599679,408102652,-778705593,336690,302249,1.145,0.712676,4.808,9.768,1.06,2.04,93,11,0.202,0.084,0.184,0.474,1.25154,0,nan,0.0,3,1,8
426029753,1608053283799678,408102667,-778705582,336663,302222,1.181,0.712721,4.796,9.744,1.06,2.04,93,11,0.271,0.213,0.168,0.455,1.25154,0,nan,0.0,3,1,8
426230634,1608053283999679,408102682,-778705574,336648,302208,1.128,0.712764,4.784,9.719,1.06,2.04,93,11,0.194,0.117,0.155,0.503,1.25154,0,nan,0.0,3,1,8
426439704,1608053284199678,408102691,-778705572,336725,302285,1.026,0.712804,4.772,9.695,1.06,2.04,93,11,0.131,-0.128,0.029,0.548,1.25154,0,nan,0.0,3,1,8
426626633,1608053284399678,408102704,-778705565,336752,302312,1.208,0.71285,4.76,9.671,1.06,2.04,93,11,0.274,0.187,0.2,0.283,1.25154,0,nan,0.0,3,1,8
426831772,1608053284599678,408102710,-778705566,336986,302545,1.008,0.712889,4.751,9.649,1.06,2.04,93,11,0.137,-0.135,-0.025,0.322,1.25154,0,nan,0.0,3,1,8
427032638,1608053284799678,408102712,-778705569,337218,302778,1.011,0.712928,4.741,9.628,1.06,2.04,93,11,0.36,-0.346,-0.102,0.534,1.25154,0,nan,0.0,3,1,8
427231739,1608053284999679,408102722,-778705563,337250,302810,1.112,0.712971,4.731,9.608,1.06,2.04,93,15,0.103,0.042,0.095,0.309,1.25154,0,nan,0.0,3,1,8
427431691,1608053285199678,408102735,-778705555,337262,302822,1.146,0.713015,4.721,9.589,1.06,2.04,93,15,0.166,0.115,0.119,0.392,1.25154,0,nan,0.0,3,1,8
427630631,1608053285399678,408102747,-778705549,337340,302899,1.042,0.713055,4.712,9.569,1.06,2.04,93,15,0.086,-0.06,0.062,0.352,1.25154,0,nan,0.0,3,1,8
427831803,1608053285599678,408102763,-778705537,337345,302904,1.218,0.713102,4.703,9.55,1.06,2.04,93,15,0.418,0.308,0.283,0.458,1.25154,0,nan,0.0,3,1,8
428028638,1608053285799678,408102778,-778705526,337319,302878,1.138,0.713145,4.693,9.531,1.06,2.04,93,15,0.205,0.092,0.183,0.391,1.25154,0,nan,0.0,3,1,8
428230951,1608053285999679,408102781,-778705533,337718,303278,1.206,0.713192,4.685,9.513,1.06,2.04,93,13,0.487,-0.459,-0.162,0.029,1.25154,0,nan,0.0,3,1,8
428442874,1608053286199678,408102793,-778705525,337583,303143,0.984,0.71323,4.676,9.495,1.06,2.04,93,13,0.078,-0.051,-0.059,0.327,1.25154,0,nan,0.0,3,1,8
428634630,1608053286399678,408102806,-778705518,337648,303207,1.017,0.713269,4.668,9.478,1.06,2.04,93,13,0.138,0.027,0.136,0.069,1.25154,0,nan,0.0,3,1,8
428827703,1608053286599678,408102824,-778705507,337670,303230,1.242,0.713316,4.659,9.46,1.06,2.04,93,13,0.214,0.201,0.073,0.058,1.25154,0,nan,0.0,3,1,8
429027806,1608053286799678,408102848,-778705488,337425,302985,1.27,0.713365,4.652,9.443,1.06,2.04,93,13,0.484,0.41,0.258,0.293,1.25154,0,nan,0.0,3,1,8
429225823,1608053286999679,408102868,-778705472,337251,302810,1.218,0.713412,4.644,9.426,1.06,2.04,93,11,0.332,0.264,0.202,0.368,1.25154,0,nan,0.0,3,1,8
429432667,1608053287199678,408102883,-778705464,337263,302822,1.018,0.713451,4.637,9.409,1.06,2.04,93,11,0.048,-0.046,0.012,0.331,1.25154,0,nan,0.0,3,1,8
429632673,1608053287399678,408102896,-778705456,337168,302728,1.015,0.71349,4.631,9.395,1.06,2.04,93,11,0.041,0.013,-0.039,0.418,1.25154,0,nan,0.0,3,1,8
429830607,1608053287599678,408102913,-778705444,337075,302635,1.261,0.713538,4.625,9.382,1.06,2.04,93,11,0.349,0.281,0.207,0.329,1.25154,0,nan,0.0,3,1,8
430027751,1608053287799678,408102924,-778705439,337149,302709,1.088,0.71358,4.62,9.369,1.06,2.04,93,11,0.042,0.025,0.035,0.226,1.25154,0,nan,0.0,3,1,8
430228650,1608053287999679,408102930,-778705439,337274,302834,1.023,0.71362,4.615,9.357,1.06,2.04,93,11,0.244,-0.226,-0.092,0.313,1.25154,0,nan,0.0,3,1,8
430454630,1608053288199678,408102931,-778705444,337460,303020,1.086,0.713661,4.611,9.344,1.06,2.04,93,11,0.447,-0.376,-0.242,0.266,1.25154,0,nan,0.0,3,1,8
430632629,1608053288399678,408102942,-778705436,337341,302900,1.255,0.71371,4.609,9.335,1.06,2.04,93,11,0.23,0.191,0.128,0.294,1.25154,0,nan,0.0,3,1,8
430834773,1608053288599678,408102954,-778705431,337402,302962,1.266,0.713758,4.605,9.322,1.06,2.04,93,11,0.24,0.193,0.142,0.194,1.25154,0,nan,0.0,3,1,8
431035687,1608053288799678,408102963,-778705424,337495,303055,1.083,0.7138,4.601,9.311,1.06,2.04,93,11,0.151,0.09,0.121,-0.035,1.25154,0,nan,0.0,3,1,8
431232671,1608053288999679,408102970,-778705421,337666,303226,1.056,0.71384,4.598,9.302,1.06,2.04,93,11,0.08,-0.078,0.02,-0.051,1.25154,0,nan,0.0,3,1,8
431430188,1608053289199678,408102976,-778705418,337788,303348,1.212,0.713887,4.596,9.294,1.06,2.04,93,11,0.142,-0.119,-0.076,0.024,1.25154,0,nan,0.0,3,1,8
431633153,1608053289399678,408102987,-778705413,337772,303331,0.786,0.713917,4.595,9.287,1.06,2.04,93,11,0.094,0.052,-0.078,0.104,1.25154,0,nan,0.0,3,1,8
431830644,1608053289599678,408102998,-778705406,337741,303300,1.166,0.713962,4.592,9.279,1.06,2.04,93,11,0.127,0.045,0.119,0.175,1.25154,0,nan,0.0,3,1,8
432031358,1608053289799678,408103009,-778705402,337879,303439,1.288,0.714012,4.589,9.271,1.06,2.04,93,11,0.113,0.104,0.046,0.03,1.25154,0,nan,0.0,3,1,8
432236526,1608053289999679,408103021,-778705397,337915,303475,1.292,0.714061,4.587,9.263,1.06,2.04,93,15,0.085,0.077,0.036,0.026,1.25154,0,nan,0.0,3,1,8
432446096,1608053290199678,408103035,-778705390,337945,303505,1.265,0.71411,4.585,9.258,1.06,2.04,93,15,0.32,0.313,0.068,0.079,1.25154,0,nan,0.0,3,1,8
432635694,1608053290399678,408103046,-778705390,338192,303752,1.153,0.714154,4.583,9.251,1.06,2.04,93,15,0.116,0.053,0.103,0.034,1.25154,0,nan,0.0,3,1,8
432834632,1608053290599678,408103057,-778705386,338319,303879,1.232,0.714201,4.581,9.244,1.06,2.04,93,15,0.141,0.077,0.118,0.062,1.25154,0,nan,0.0,3,1,8
433031711,1608053290799678,408103060,-778705388,338639,304199,1.077,0.714243,4.58,9.237,1.06,2.04,93,15,0.198,-0.194,0.04,-0.092,1.25154,0,nan,0.0,3,1,8
433232629,1608053290999679,408103064,-778705387,338868,304427,1.056,0.714283,4.577,9.23,1.06,2.04,93,12,0.072,-0.069,0.019,-0.064,1.25154,0,nan,0.0,3,1,8
433433824,1608053291199678,408103073,-778705382,338892,304452,1.147,0.714327,4.575,9.222,1.06,2.04,93,12,0.094,0.087,0.035,0.237,1.25154,0,nan,0.0,3,1,8
433632638,1608053291399678,408103081,-778705376,338943,304503,1.187,0.714373,4.572,9.213,1.06,2.04,93,12,0.185,0.097,0.158,0.267,1.25154,0,nan,0.0,3,1,8
433832624,1608053291599678,408103088,-778705371,339020,304579,1.105,0.714415,4.568,9.206,1.06,2.04,93,12,0.118,0.011,0.117,0.266,1.25154,0,nan,0.0,3,1,8
434030629,1608053291799678,408103099,-778705361,338902,304461,1.186,0.714461,4.565,9.198,1.06,2.04,93,12,0.184,0.149,0.108,0.361,1.25154,0,nan,0.0,3,1,8
434231247,1608053291999679,408103106,-778705363,339149,304709,1.129,0.714504,4.562,9.191,1.06,2.04,93,12,0.108,0.025,0.105,0.245,1.25154,0,nan,0.0,3,1,8
434445760,1608053292199678,408103106,-778705368,339466,305026,1.103,0.714547,4.56,9.185,1.06,2.04,93,12,0.258,-0.258,-0.009,0.067,1.25154,0,nan,0.0,3,1,8
434639701,1608053292399678,408103111,-778705366,339566,305125,1.08,0.714588,4.559,9.179,1.06,2.04,93,12,0.04,-0.039,0.006,-0.01,1.25154,0,nan,0.0,3,1,8
434831930,1608053292599678,408103122,-778705360,339624,305183,1.146,0.714632,4.556,9.171,1.06,2.04,93,12,0.295,0.259,0.141,-0.114,1.25154,0,nan,0.0,3,1,8
435034888,1608053292799678,408103127,-778705361,339736,305296,1.096,0.714674,4.556,9.167,1.06,2.04,93,12,0.182,-0.144,-0.111,0.124,1.25154,0,nan,0.0,3,1,8
435232669,1608053292999679,408103124,-778705371,339977,305537,1.2,0.71472,4.554,9.159,1.06,2.04,93,11,0.627,-0.522,-0.347,0.113,1.25154,0,nan,0.0,3,1,8
435434631,1608053293199678,408103127,-778705371,340028,305588,1.07,0.714761,4.554,9.156,1.06,2.04,93,11,0.149,-0.149,0.006,0.073,1.25154,0,nan,0.0,3,1,8
435634630,1608053293399678,408103128,-778705376,340296,305855,1.275,0.71481,4.551,9.149,1.06,2.04,93,11,0.249,-0.237,-0.075,-0.194,1.25154,0,nan,0.0,3,1,8
435835879,1608053293599678,408103134,-778705369,340184,305743,1.135,0.714853,4.55,9.145,1.06,2.04,93,11,0.102,-0.102,0.005,0.002,1.25154,0,nan,0.0,3,1,8
436033750,1608053293799678,408103140,-778705366,340203,305763,1.036,0.714893,4.547,9.137,1.06,2.04,93,11,0.145,-0.145,0.009,0.061,1.25154,0,nan,0.0,3,1,8
436232629,1608053293999679,408103151,-778705355,340004,305563,1.275,0.714942,4.544,9.129,1.06,2.04,93,12,0.175,0.162,0.066,0.037,1.25154,0,nan,0.0,3,1,8
436446735,1608053294199678,408103158,-778705349,339907,305467,0.989,0.71498,4.541,9.122,1.06,2.04,93,12,0.11,-0.109,0.011,0.161,1.25154,0,nan,0.0,3,1,8
436630889,1608053294399678,408103169,-778705339,339761,305321,1.214,0.715027,4.538,9.115,1.06,2.04,93,12,0.238,0.124,0.203,0.273,1.25154,0,nan,0.0,3,1,8
436831698,1608053294599678,408103178,-778705333,339772,305332,1.29,0.715076,4.537,9.109,1.06,2.04,93,12,0.12,0.082,0.087,0.074,1.25154,0,nan,0.0,3,1,8
437026634,1608053294799678,408103190,-778705323,339667,305226,1.288,0.715125,4.535,9.102,1.06,2.04,93,12,0.183,0.153,0.101,0.026,1.25154,0,nan,0.0,3,1,8
437230632,1608053294999679,408103201,-778705310,339480,305040,1.277,0.715174,4.533,9.096,1.06,2.04,93,11,0.193,0.129,0.144,0.168,1.25154,0,nan,0.0,3,1,8
437431691,1608053295199678,408103203,-778705312,339659,305219,1.245,0.715222,4.533,9.094,1.06,2.04,93,11,0.345,-0.338,-0.072,0.011,1.25154,0,nan,0.0,3,1,8
437630633,1608053295399678,408103201,-778705315,339779,305339,1.31,0.715272,4.532,9.089,1.06,2.04,93,11,0.558,-0.517,-0.211,-0.106,1.25154,0,nan,0.0,3,1,8
437830653,1608053295599678,408103210,-778705307,339646,305206,1.152,0.715317,4.533,9.088,1.06,2.04,93,11,0.134,0.134,-0.011,0.022,1.25154,0,nan,0.0,3,1,8
438029806,1608053295799678,408103218,-778705305,339688,305248,1.219,0.715363,4.535,9.085,1.06,2.04,93,11,0.036,0.036,0.001,0.008,1.25154,0,nan,0.0,3,1,8
438231697,1608053295999679,408103217,-778705311,339847,305407,1.287,0.715413,4.535,9.081,1.06,2.04,93,11,0.531,-0.42,-0.325,-0.074,1.25154,0,nan,0.0,3,1,8
438439719,1608053296199678,408103223,-778705308,339794,305353,1.136,0.715456,4.534,9.077,1.06,2.04,93,11,0.097,-0.025,-0.094,-0.065,1.25154,0,nan,0.0,3,1,8
438637807,1608053296399678,408103233,-778705301,339740,305299,1.208,0.715502,4.536,9.075,1.06,2.04,93,11,0.164,0.156,0.051,-0.05,1.25154,0,nan,0.0,3,1,8
438838626,1608053296599678,408103240,-778705302,339886,305445,1.041,0.715542,4.538,9.075,1.06,2.04,93,11,0.097,0.087,0.042,-0.128,1.25154,0,nan,0.0,3,1,8
439040638,1608053296799678,408103242,-778705304,340137,305697,1.1,0.715584,4.539,9.072,1.06,2.04,93,11,0.133,-0.13,0.029,-0.529,1.25154,0,nan,0.0,3,1,8
439233834,1608053296999679,408103248,-778705300,340158,305718,1.172,0.715629,4.539,9.07,1.06,2.04,93,11,0.109,-0.067,-0.086,-0.334,1.25154,0,nan,0.0,3,1,8
439435693,1608053297199678,408103253,-778705296,340123,305683,1.166,0.715674,4.541,9.07,1.06,2.04,93,11,0.082,-0.071,-0.042,-0.29,1.25154,0,nan,0.0,3,1,8
439628714,1608053297399678,408103258,-778705295,340116,305675,1.283,0.715723,4.544,9.071,1.06,2.04,93,11,0.157,-0.087,-0.131,-0.185,1.25154,0,nan,0.0,3,1,8
439839694,1608053297599678,408103263,-778705294,340203,305762,1.162,0.715768,4.546,9.069,1.06,2.04,93,11,0.101,-0.074,-0.068,-0.369,1.25154,0,nan,0.0,3,1,8
440035707,1608053297799678,408103266,-778705295,340420,305979,1.128,0.715811,4.547,9.067,1.06,2.04,93,11,0.101,-0.086,-0.053,-0.579,1.25154,0,nan,0.0,3,1,8
440237758,1608053297999679,408103273,-778705293,340545,306104,1.128,0.715854,4.547,9.065,1.06,2.04,93,11,0.149,-0.027,-0.146,-0.568,1.25154,0,nan,0.0,3,1,8
440451696,1608053298199678,408103282,-778705286,340464,306024,1.129,0.715897,4.547,9.063,1.06,2.04,93,11,0.102,-0.031,-0.097,-0.432,1.25154,0,nan,0.0,3,1,8
441031737,1608053298799678,408103303,-778705278,340767,306327,1.07,0.71603,4.552,9.062,1.06,2.04,93,11,0.11,0.091,-0.061,-0.673,1.25154,0,nan,0.0,3,1,8
441229044,1608053298999679,408103313,-778705272,340846,306406,1.106,0.716073,4.554,9.062,1.06,2.04,93,11,0.077,0.009,-0.076,-0.715,1.25154,0,nan,0.0,3,1,8
441430629,1608053299199678,408103322,-778705267,340880,306440,1.15,0.716117,4.557,9.064,1.06,2.04,93,11,0.155,-0.037,-0.151,-0.571,1.25154,0,nan,0.0,3,1,8
441631927,1608053299399678,408103329,-778705265,340898,306458,1.217,0.716163,4.561,9.065,1.06,2.04,93,11,0.254,-0.097,-0.235,-0.427,1.25154,0,nan,0.0,3,1,8
441829955,1608053299599678,408103330,-778705272,341193,306753,1.29,0.716213,4.563,9.065,1.06,2.04,93,11,0.46,-0.397,-0.232,-0.585,1.25154,0,nan,0.0,3,1,8
442031693,1608053299799678,408103336,-778705271,341303,306862,1.196,0.716258,4.565,9.064,1.06,2.04,93,11,0.149,-0.082,-0.125,-0.366,1.25154,0,nan,0.0,3,1,8
442230997,1608053299999679,408103344,-778705270,341433,306993,1.149,0.716303,4.566,9.064,1.06,2.04,93,12,0.073,-0.048,-0.054,-0.325,1.25154,0,nan,0.0,3,1,8
442446626,1608053300199678,408103351,-778705267,341482,307042,1.322,0.716353,4.567,9.063,1.06,2.04,93,12,0.187,-0.175,-0.065,-0.116,1.25154,0,nan,0.0,3,1,8
442635725,1608053300399678,408103359,-778705264,341572,307132,1.288,0.716402,4.569,9.064,1.06,2.04,93,12,0.033,0.018,0.027,0.023,1.25154,0,nan,0.0,3,1,8
442833767,1608053300599678,408103366,-778705259,341568,307128,1.038,0.716442,4.571,9.064,1.06,2.04,93,12,0.096,-0.09,0.033,-0.072,1.25154,0,nan,0.0,3,1,8
443035816,1608053300799678,408103374,-778705256,341694,307253,0.984,0.71648,4.572,9.065,1.06,2.04,93,12,0.088,0.049,0.073,-0.107,1.25154,0,nan,0.0,3,1,8
443234668,1608053300999679,408103379,-778705257,341838,307397,1.298,0.71653,4.573,9.065,1.06,2.04,93,11,0.197,-0.169,-0.101,0.006,1.25154,0,nan,0.0,3,1,8
443434764,1608053301199678,408103382,-778705261,341989,307549,1.307,0.716579,4.576,9.067,1.06,2.04,93,11,0.292,-0.254,-0.143,0.031,1.25154,0,nan,0.0,3,1,8
443635893,1608053301399678,408103391,-778705256,341932,307491,1.176,0.716624,4.579,9.068,1.06,2.04,93,11,0.056,0.05,0.026,0.186,1.25154,0,nan,0.0,3,1,8
443834640,1608053301599678,408103396,-778705257,342054,307613,1.393,0.716678,4.584,9.072,1.06,2.04,93,11,0.102,-0.084,-0.057,-0.057,1.25154,0,nan,0.0,3,1,8
444030361,1608053301799678,408103402,-778705258,342169,307728,1.207,0.716724,4.585,9.072,1.06,2.04,93,11,0.141,-0.124,-0.067,0.054,1.25154,0,nan,0.0,3,1,8
444231695,1608053301999679,408103409,-778705257,342315,307874,1.15,0.716768,4.589,9.075,1.06,2.04,93,11,0.028,0.019,0.021,-0.015,1.25154,0,nan,0.0,3,1,8
444449971,1608053302199678,408103422,-778705249,342287,307847,1.414,0.716822,4.596,9.084,1.06,2.04,93,11,0.254,0.229,0.109,0.144,1.25154,0,nan,0.0,3,1,8
444634650,1608053302399678,408103433,-778705242,342251,307810,1.277,0.716871,4.6,9.087,1.06,2.04,93,11,0.093,0.079,0.05,0.162,1.25154,0,nan,0.0,3,1,8
444836658,1608053302599678,408103445,-778705237,342296,307856,1.286,0.71692,4.603,9.088,1.06,2.04,93,11,0.162,0.151,0.06,0.205,1.25154,0,nan,0.0,3,1,8
445038637,1608053302799678,408103456,-778705233,342348,307908,1.336,0.716971,4.607,9.092,1.06,2.04,93,11,0.157,0.094,0.125,0.079,1.25154,0,nan,0.0,3,1,8
445237768,1608053302999679,408103468,-778705224,342295,307855,1.388,0.717024,4.611,9.095,1.06,2.04,93,10,0.29,0.251,0.144,0.177,1.25154,0,nan,0.0,3,1,8
445437925,1608053303199678,408103471,-778705231,342636,308195,1.196,0.71707,4.617,9.1,1.06,2.04,93,10,0.125,-0.124,0.015,-0.14,1.25154,0,nan,0.0,3,1,8
445631688,1608053303399678,408103486,-778705223,342670,308229,1.373,0.717122,4.624,9.106,1.06,2.04,93,10,0.507,0.452,0.23,-0.036,1.25154,0,nan,0.0,3,1,8
445828023,1608053303599678,408103495,-778705223,342905,308465,1.146,0.717166,4.629,9.111,1.06,2.04,93,10,0.145,0.127,0.072,-0.125,1.25154,0,nan,0.0,3,1,8
446029750,1608053303799678,408103499,-778705230,343161,308721,1.344,0.717218,4.631,9.113,1.06,2.04,93,10,0.247,-0.176,-0.173,-0.183,1.25154,0,nan,0.0,3,1,8
446227793,1608053303999679,408103497,-778705243,343560,309119,1.364,0.71727,4.633,9.115,1.06,2.04,93,12,0.5,-0.423,-0.267,-0.239,1.25154,0,nan,0.0,3,1,8
446442631,1608053304199678,408103497,-778705251,343909,309468,1.342,0.717321,4.637,9.121,1.06,2.04,93,12,0.389,-0.357,-0.156,-0.417,1.25154,0,nan,0.0,3,1,8
446630630,1608053304399678,408103500,-778705258,344242,309802,1.314,0.717371,4.64,9.123,1.06,2.04,93,12,0.373,-0.35,-0.129,-0.367,1.25154,0,nan,0.0,3,1,8
446831687,1608053304599678,408103511,-778705253,344273,309832,1.07,0.717412,4.641,9.124,1.06,2.04,93,12,0.091,0.075,0.052,-0.142,1.25154,0,nan,0.0,3,1,8
447030632,1608053304799678,408103526,-778705246,344306,309865,1.272,0.717461,4.641,9.125,1.06,2.04,93,12,0.242,0.19,0.15,-0.037,1.25154,0,nan,0.0,3,1,8
447231724,1608053304999679,408103542,-778705240,344421,309981,1.33,0.717512,4.643,9.127,1.06,2.04,93,11,0.371,0.314,0.196,0.0,1.25154,0,nan,0.0,3,1,8
447426631,1608053305199678,408103555,-778705240,344468,310028,1.007,0.71755,4.647,9.128,1.06,2.04,93,11,0.1,0.023,-0.097,0.232,1.25154,0,nan,0.0,3,1,8
447630709,1608053305399678,408103568,-778705240,344559,310119,1.228,0.717597,4.652,9.128,1.06,2.04,93,11,0.089,0.078,0.042,0.275,1.25154,0,nan,0.0,3,1,8
447831798,1608053305599678,408103579,-778705245,344820,310379,0.856,0.71763,4.654,9.125,1.06,2.04,93,11,0.121,0.049,-0.111,0.144,1.25154,0,nan,0.0,3,1,8
448032738,1608053305799678,408103585,-778705253,345008,310567,1.294,0.717679,4.655,9.125,1.06,2.04,93,11,0.331,-0.232,-0.237,0.008,1.25154,0,nan,0.0,3,1,8
448232639,1608053305999679,408103593,-778705255,345005,310564,1.138,0.717723,4.654,9.124,1.06,2.04,93,10,0.291,-0.208,-0.204,0.19,1.25154,0,nan,0.0,3,1,8
448445766,1608053306199678,408103600,-778705258,345155,310715,1.381,0.717776,4.654,9.124,1.06,2.04,93,10,0.173,-0.14,-0.102,-0.088,1.25154,0,nan,0.0,3,1,8
448637810,1608053306399678,408103613,-778705254,345259,310819,1.053,0.717816,4.653,9.118,1.06,2.04,93,10,0.059,0.049,0.032,-0.093,1.25154,0,nan,0.0,3,1,8
448831241,1608053306599678,408103623,-778705253,345433,310993,0.993,0.717854,4.653,9.118,1.06,2.04,93,10,0.025,-0.002,0.025,-0.057,1.25154,0,nan,0.0,3,1,8
449029782,1608053306799678,408103637,-778705250,345521,311080,1.327,0.717905,4.653,9.114,1.06,2.04,93,10,0.123,0.118,0.036,0.076,1.25154,0,nan,0.0,3,1,8
449230779,1608053306999679,408103646,-778705253,345716,311276,1.149,0.717948,4.656,9.113,1.06,2.04,93,14,0.114,-0.084,-0.076,0.093,1.25154,0,nan,0.0,3,1,8
449431854,1608053307199678,408103650,-778705261,346087,311647,1.357,0.718,4.66,9.116,1.07,2.34,93,14,0.158,-0.152,-0.043,-0.158,1.25154,0,nan,0.0,3,1,7
449633758,1608053307399678,408103660,-778705262,346320,311880,1.09,0.718042,4.662,9.116,1.07,2.34,93,14,0.065,0.065,0.0,-0.205,1.25154,0,nan,0.0,3,1,7
449835708,1608053307599678,408103674,-778705257,346373,311932,1.289,0.718091,4.661,9.114,1.07,2.34,93,14,0.278,0.254,0.114,-0.004,1.25154,0,nan,0.0,3,1,7
450029759,1608053307799678,408103674,-778705270,346839,312399,1.356,0.718143,4.663,9.116,1.07,2.34,93,14,0.27,-0.258,-0.079,-0.208,1.25154,0,nan,0.0,3,1,7
450234723,1608053307999679,408103674,-778705284,347288,312847,1.345,0.718194,4.663,9.114,1.07,2.34,93,11,0.307,-0.206,-0.228,-0.227,1.25154,0,nan,0.0,3,1,7
450452633,1608053308199678,408103674,-778705297,347650,313210,1.342,0.718245,4.663,9.117,1.06,2.04,93,11,0.288,-0.245,-0.151,-0.33,1.25154,0,nan,0.0,3,1,8
450634632,1608053308399678,408103670,-778705311,348089,313649,1.325,0.718296,4.664,9.122,1.06,2.04,93,11,0.291,-0.244,-0.16,-0.413,1.25154,0,nan,0.0,3,1,8
450835712,1608053308599678,408103671,-778705321,348404,313964,1.259,0.718344,4.664,9.127,1.06,2.04,93,11,0.206,-0.084,-0.188,-0.394,1.25154,0,nan,0.0,3,1,8
451036482,1608053308799678,408103677,-778705327,348714,314274,1.112,0.718386,4.667,9.134,1.06,2.04,93,11,0.146,0.142,0.034,-0.487,1.25154,0,nan,0.0,3,1,8
451237811,1608053308999679,408103685,-778705331,348907,314467,1.064,0.718427,4.671,9.14,1.06,2.04,93,11,0.129,0.081,-0.1,-0.205,1.25154,0,nan,0.0,3,1,8
451434655,1608053309199678,408103677,-778705355,349427,314986,1.421,0.718481,4.675,9.149,1.06,2.04,93,11,0.716,-0.53,-0.481,-0.364,1.25154,0,nan,0.0,3,1,8
451634672,1608053309399678,408103681,-778705366,349767,315327,1.261,0.718529,4.682,9.16,1.06,2.04,93,11,0.189,-0.04,-0.184,-0.459,1.25154,0,nan,0.0,3,1,8
451834924,1608053309599678,408103686,-778705375,350103,315663,1.194,0.718575,4.684,9.161,1.06,2.04,93,11,0.094,-0.011,-0.093,-0.56,1.25154,0,nan,0.0,3,1,8
452032632,1608053309799678,408103689,-778705385,350485,316045,1.192,0.71862,4.685,9.166,1.06,2.04,93,11,0.084,-0.022,-0.081,-0.516,1.25154,0,nan,0.0,3,1,8
452234670,1608053309999678,408103695,-778705390,350655,316215,1.151,0.718664,4.685,9.17,1.06,2.04,93,15,0.089,0.047,-0.075,-0.354,1.25154,0,nan,0.0,3,1,8
452458906,1608053310199677,408103702,-778705397,350919,316479,0.974,0.718702,4.685,9.174,1.06,2.04,93,15,0.134,0.091,-0.099,-0.148,1.25154,0,nan,0.0,3,1,8
452629755,1608053310399677,408103704,-778705408,351340,316899,1.288,0.718751,4.686,9.184,1.07,2.34,93,15,0.129,-0.118,-0.054,-0.355,1.25154,0,nan,0.0,3,1,7
452830649,1608053310599677,408103700,-778705424,351856,317416,1.331,0.718802,4.686,9.188,1.07,2.34,93,15,0.323,-0.261,-0.19,-0.369,1.25154,0,nan,0.0,3,1,7
453032633,1608053310799677,408103699,-778705437,352343,317903,1.252,0.718849,4.685,9.193,1.07,2.34,93,15,0.206,-0.175,-0.109,-0.535,1.25154,0,nan,0.0,3,1,7
453233809,1608053310999678,408103697,-778705450,352717,318277,1.369,0.718901,4.685,9.199,1.07,2.34,93,12,0.405,-0.34,-0.22,-0.246,1.25154,0,nan,0.0,3,1,7
453431706,1608053311199677,408103704,-778705453,352818,318377,1.032,0.718941,4.685,9.205,1.07,2.34,93,12,0.056,0.049,-0.027,0.054,1.25154,0,nan,0.0,3,1,7
453629811,1608053311399677,408103706,-778705465,353124,318684,1.218,0.718987,4.685,9.211,1.07,2.34,93,12,0.297,-0.187,-0.23,0.078,1.25154,0,nan,0.0,3,1,7
453830648,1608053311599677,408103713,-778705470,353372,318932,1.16,0.719032,4.684,9.215,1.07,2.34,93,12,0.111,0.109,0.021,-0.059,1.25154,0,nan,0.0,3,1,7
454027831,1608053311799677,408103728,-778705465,353533,319092,1.365,0.719084,4.685,9.222,1.07,2.34,93,12,0.676,0.518,0.434,-0.014,1.25154,0,nan,0.0,3,1,7
454230632,1608053311999678,408103734,-778705472,354128,319688,1.094,0.719125,4.685,9.226,1.07,2.34,93,14,0.219,0.121,0.183,-0.286,1.25154,0,nan,0.0,3,1,7
454430213,1608053312199677,408103738,-778705479,354566,320125,1.058,0.719166,4.684,9.231,1.07,2.34,93,14,0.081,-0.007,0.08,-0.172,1.25154,0,nan,0.0,3,1,7
454632629,1608053312399677,408103743,-778705485,355016,320576,1.163,0.71921,4.683,9.238,1.07,2.34,93,14,0.183,0.141,0.117,-0.142,1.25154,0,nan,0.0,3,1,7
454829495,1608053312599677,408103749,-778705491,355332,320892,1.336,0.719261,4.683,9.244,1.07,2.34,93,14,0.051,0.05,0.014,0.033,1.25154,0,nan,0.0,3,1,7
455032636,1608053312799677,408103755,-778705498,355699,321259,1.249,0.719309,4.682,9.247,1.07,2.34,93,14,0.129,0.051,0.119,0.103,1.25154,0,nan,0.0,3,1,7
455230628,1608053312999678,408103757,-778705510,356244,321804,1.25,0.719356,4.68,9.25,1.07,2.34,93,14,0.078,-0.077,-0.009,-0.097,1.25154,0,nan,0.0,3,1,7
455431735,1608053313199677,408103764,-778705513,356496,322056,1.313,0.719406,4.679,9.255,1.07,2.34,93,14,0.137,0.113,0.077,-0.004,1.25154,0,nan,0.0,3,1,7
455632636,1608053313399677,408103767,-778705522,356932,322491,1.228,0.719453,4.677,9.259,1.07,2.34,93,14,0.036,-0.019,-0.03,-0.142,1.25154,0,nan,0.0,3,1,7
455829784,1608053313599677,408103774,-778705527,357258,322817,1.195,0.719499,4.677,9.263,1.07,2.34,93,14,0.187,0.152,0.108,-0.134,1.25154,0,nan,0.0,3,1,7
456030645,1608053313799677,408103784,-778705526,357478,323037,1.248,0.719546,4.676,9.265,1.07,2.34,93,14,0.267,0.222,0.148,-0.088,1.25154,0,nan,0.0,3,1,7
456236625,1608053313999678,408103789,-778705531,357843,323403,1.079,0.719587,4.675,9.268,1.07,2.34,93,12,0.062,0.029,0.055,-0.101,1.25154,0,nan,0.0,3,1,7
456434633,1608053314199677,408103787,-778705546,358505,324065,1.304,0.719637,4.674,9.271,1.07,2.34,93,12,0.284,-0.243,-0.146,-0.38,1.25154,0,nan,0.0,3,1,7
456631440,1608053314399677,408103791,-778705551,358793,324352,1.151,0.719681,4.673,9.276,1.07,2.34,93,12,0.038,0.038,0.001,-0.225,1.25154,0,nan,0.0,3,1,7
456834644,1608053314599677,408103791,-778705564,359149,324708,1.263,0.719729,4.672,9.279,1.07,2.34,93,12,0.233,-0.14,-0.187,0.014,1.25154,0,nan,0.0,3,1,7
457035845,1608053314799677,408103794,-778705570,359479,325039,1.129,0.719772,4.672,9.285,1.07,2.34,93,12,0.078,0.016,0.076,-0.252,1.25154,0,nan,0.0,3,1,7
457236671,1608053314999678,408103797,-778705578,359853,325412,1.153,0.719816,4.671,9.289,1.07,2.34,93,12,0.049,0.014,0.047,-0.268,1.25154,0,nan,0.0,3,1,7
457433045,1608053315199677,408103793,-778705594,360243,325803,1.374,0.719868,4.671,9.295,1.07,2.34,93,12,0.402,-0.314,-0.252,-0.098,1.25154,0,nan,0.0,3,1,7
457634735,1608053315399677,408103783,-778705617,360802,326362,1.348,0.71992,4.671,9.3,1.07,2.34,93,12,0.689,-0.543,-0.424,-0.174,1.25154,0,nan,0.0,3,1,7
457830671,1608053315599677,408103772,-778705643,361442,327002,1.364,0.728241,4.671,9.306,1.07,2.34,93,12,0.82,-0.67,-0.472,-0.449,2.48894,0,nan,0.0,3,1,7
458034641,1608053315799677,408103775,-778705649,361620,327180,1.163,0.728285,4.671,9.312,1.07,2.34,93,12,0.104,0.08,-0.065,-0.39,2.48894,0,nan,0.0,3,1,7
458235691,1608053315999678,408103780,-778705654,361823,327382,1.149,0.728328,4.67,9.316,1.07,2.34,93,14,0.124,0.121,0.026,-0.353,2.48894,0,nan,0.0,3,1,7
458437810,1608053316199677,408103788,-778705657,362090,327650,1.207,0.728373,4.671,9.322,1.07,2.34,93,14,0.355,0.301,0.188,-0.291,2.48894,0,nan,0.0,3,1,7
458643423,1608053316399677,408103788,-778705665,362357,327917,1.211,0.728419,4.67,9.324,1.06,2.04,93,14,0.056,-0.053,-0.017,-0.29,2.48894,0,nan,0.0,3,1,8
458830638,1608053316599677,408103787,-778705677,362828,328387,1.196,0.728464,4.671,9.332,1.06,2.04,93,14,0.019,0.017,0.01,-0.457,2.48894,0,nan,0.0,3,1,8
459030138,1608053316799677,408103784,-778705691,363303,328862,1.254,0.728511,4.67,9.336,1.06,2.04,93,14,0.215,-0.194,-0.093,-0.651,2.48894,0,nan,0.0,3,1,8
459232685,1608053316999678,408103783,-778705702,363544,329103,1.291,0.72856,4.67,9.343,1.06,2.04,93,12,0.225,-0.15,-0.167,-0.47,2.48894,0,nan,0.0,3,1,8
459428643,1608053317199677,408103778,-778705718,363911,329471,1.293,0.728608,4.67,9.346,1.06,2.04,93,12,0.319,-0.228,-0.223,-0.55,2.48894,0,nan,0.0,3,1,8
459634636,1608053317399677,408103780,-778705726,364082,329642,1.174,0.728653,4.67,9.352,1.06,2.04,93,12,0.093,0.076,-0.054,-0.391,2.48894,0,nan,0.0,3,1,8
459835801,1608053317599677,408103783,-778705731,364277,329837,1.155,0.728696,4.67,9.356,1.06,2.04,93,12,0.223,0.17,0.144,-0.461,2.48894,0,nan,0.0,3,1,8
460034671,1608053317799677,408103789,-778705730,364341,329900,1.195,0.728741,4.671,9.362,1.06,2.04,93,12,0.431,0.388,0.186,-0.399,2.48894,0,nan,0.0,3,1,8
460236642,1608053317999678,408103787,-778705742,364733,330292,1.211,0.728787,4.67,9.365,1.06,2.04,93,12,0.055,-0.045,-0.032,-0.558,2.48894,0,nan,0.0,3,1,8
460432689,1608053318199677,408103777,-778705761,365295,330855,1.295,0.728835,4.67,9.369,1.06,2.04,93,12,0.402,-0.342,-0.212,-0.676,2.48894,0,nan,0.0,3,1,8
460654795,1608053318399677,408103772,-778705773,365565,331125,1.258,0.728883,4.669,9.372,1.06,2.04,93,12,0.253,-0.112,-0.227,-0.463,2.48894,0,nan,0.0,3,1,8
460831724,1608053318599677,408103763,-778705794,365937,331497,1.313,0.728932,4.669,9.379,1.06,2.04,93,12,0.573,-0.33,-0.469,-0.426,2.48894,0,nan,0.0,3,1,8
461033761,1608053318799677,408103753,-778705815,366373,331933,1.324,0.728982,4.668,9.385,1.06,2.04,93,12,0.442,-0.307,-0.318,-0.598,2.48894,0,nan,0.0,3,1,8
461235831,1608053318999678,408103750,-778705824,366583,332143,1.272,0.72903,4.668,9.391,1.06,2.04,93,12,0.201,-0.121,-0.16,-0.512,2.48894,0,nan,0.0,3,1,8
461434737,1608053319199677,408103750,-778705830,366797,332357,1.206,0.729075,4.668,9.398,1.06,2.04,93,12,0.083,0.038,-0.074,-0.513,2.48894,0,nan,0.0,3,1,8
461634776,1608053319399677,408103749,-778705837,367042,332601,1.189,0.72912,4.668,9.399,1.06,2.04,93,12,0.066,0.024,-0.061,-0.509,2.48894,0,nan,0.0,3,1,8
461831562,1608053319599677,408103744,-778705849,367364,332923,1.294,0.729168,4.666,9.398,1.06,2.04,93,12,0.343,-0.225,-0.259,-0.552,2.48894,0,nan,0.0,3,1,8
462028589,1608053319799677,408103745,-778705852,367471,333031,1.139,0.729211,4.664,9.392,1.06,2.04,93,12,0.142,0.139,-0.029,-0.506,2.48894,0,nan,0.0,3,1,8
462230080,1608053319999678,408103742,-778705860,367651,333210,1.138,0.729254,4.66,9.384,1.06,2.04,93,13,0.105,0.014,-0.104,-0.499,2.48894,0,nan,0.0,3,1,8
462429764,1608053320199677,408103742,-778705863,367818,333378,1.12,0.729296,4.656,9.375,1.06,2.04,93,13,0.087,0.084,-0.022,-0.476,2.48894,0,nan,0.0,3,1,8
462645831,1608053320399677,408103743,-778705867,367939,333499,1.118,0.729338,4.652,9.366,1.06,2.04,93,13,0.129,0.128,0.02,-0.388,2.48894,0,nan,0.0,3,1,8
462827034,1608053320599677,408103742,-778705872,368026,333586,1.129,0.729381,4.649,9.358,1.06,2.04,93,13,0.029,-0.01,-0.027,-0.216,2.48894,0,nan,0.0,3,1,8
463026630,1608053320799677,408103742,-778705876,368174,333734,1.109,0.729422,4.644,9.348,1.06,2.04,93,13,0.076,0.076,-0.006,-0.219,2.48894,0,nan,0.0,3,1,8
463229920,1608053320999678,408103744,-778705881,368324,333884,1.129,0.729465,4.64,9.339,1.06,2.04,93,14,0.139,0.138,0.021,-0.218,2.48894,0,nan,0.0,3,1,8
463432032,1608053321199677,408103745,-778705887,368454,334014,1.058,0.729504,4.634,9.326,1.06,2.04,93,14,0.069,0.015,-0.067,-0.105,2.48894,0,nan,0.0,3,1,8
463629906,1608053321399677,408103742,-778705901,368724,334284,1.289,0.729553,4.629,9.313,1.06,2.04,93,14,0.375,-0.247,-0.282,-0.002,2.48894,0,nan,0.0,3,1,8
463831695,1608053321599677,408103744,-778705906,368905,334464,1.148,0.729596,4.627,9.305,1.06,2.04,93,14,0.11,0.105,0.033,-0.183,2.48894,0,nan,0.0,3,1,8
464032628,1608053321799677,408103747,-778705907,369059,334619,1.078,0.729637,4.623,9.292,1.06,2.04,93,14,0.126,0.063,0.11,-0.234,2.48894,0,nan,0.0,3,1,8
464231900,1608053321999678,408103745,-778705915,369277,334837,1.288,0.729685,4.618,9.28,1.06,2.04,93,13,0.246,-0.181,-0.167,-0.113,2.48894,0,nan,0.0,3,1,8
464432715,1608053322199677,408103744,-778705919,369333,334893,1.195,0.72973,4.614,9.268,1.06,2.04,93,13,0.112,-0.061,-0.094,-0.122,2.48894,0,nan,0.0,3,1,8
464642709,1608053322399677,408103744,-778705922,369441,335000,1.281,0.729778,4.609,9.26,1.06,2.04,93,13,0.106,0.075,0.076,-0.014,2.48894,0,nan,0.0,3,1,8
464831696,1608053322599677,408103744,-778705925,369489,335049,0.994,0.729815,4.604,9.253,1.06,2.04,93,13,0.066,0.059,-0.028,0.11,2.48894,0,nan,0.0,3,1,8
465036212,1608053322799677,408103746,-778705926,369629,335189,1.215,0.729861,4.599,9.245,1.06,2.04,93,13,0.273,0.187,0.199,-0.144,2.48894,0,nan,0.0,3,1,8
465234661,1608053322999678,408103742,-778705934,369817,335377,1.216,0.729907,4.594,9.238,1.06,2.04,93,11,0.16,-0.11,-0.115,-0.158,2.48894,0,nan,0.0,3,1,8
465426641,1608053323199677,408103745,-778705936,369968,335527,1.222,0.729953,4.589,9.231,1.06,2.04,93,11,0.366,0.288,0.226,-0.221,2.48894,0,nan,0.0,3,1,8
465626634,1608053323399677,408103747,-778705935,370101,335661,1.22,0.729999,4.585,9.224,1.06,2.04,93,11,0.384,0.273,0.27,-0.248,2.48894,0,nan,0.0,3,1,8
465830628,1608053323599677,408103752,-778705930,370273,335833,1.238,0.730045,4.581,9.217,1.06,2.04,93,11,0.616,0.439,0.432,-0.252,2.48894,0,nan,0.0,3,1,8
466029738,1608053323799677,408103754,-778705927,370298,335858,1.308,0.730094,4.578,9.216,1.06,2.04,93,11,0.336,0.272,0.197,-0.073,2.48894,0,nan,0.0,3,1,8
466229647,1608053323999678,408103750,-778705936,370486,336045,1.266,0.730142,4.575,9.214,1.06,2.04,93,12,0.194,-0.115,-0.156,0.032,2.48894,0,nan,0.0,3,1,8
466431698,1608053324199677,408103745,-778705939,370507,336066,0.957,0.730178,4.573,9.214,1.06,2.04,93,12,0.102,-0.097,0.031,-0.014,2.48894,0,nan,0.0,3,1,8
466641771,1608053324399677,408103740,-778705947,370687,336247,1.188,0.730222,4.57,9.213,1.06,2.04,93,12,0.191,-0.089,-0.169,0.013,2.48894,0,nan,0.0,3,1,8
466830626,1608053324599677,408103739,-778705950,370789,336349,1.241,0.730269,4.568,9.212,1.06,2.04,93,12,0.058,0.033,0.048,-0.001,2.48894,0,nan,0.0,3,1,8
467029734,1608053324799677,408103733,-778705962,371051,336611,1.335,0.730319,4.566,9.211,1.06,2.04,93,12,0.348,-0.256,-0.236,-0.053,2.48894,0,nan,0.0,3,1,8
467229758,1608053324999678,408103734,-778705963,371212,336772,1.299,0.730368,4.566,9.212,1.06,2.04,93,16,0.241,0.189,0.149,-0.134,2.48894,0,nan,0.0,3,1,8
467430776,1608053325199677,408103737,-778705964,371447,337006,1.185,0.730412,4.564,9.211,1.06,2.04,93,16,0.342,0.3,0.164,-0.348,2.48894,0,nan,0.0,3,1,8
467629004,1608053325399677,408103740,-778705962,371554,337114,1.261,0.73046,4.563,9.212,1.06,2.04,93,16,0.347,0.286,0.196,-0.195,2.48894,0,nan,0.0,3,1,8
467830332,1608053325599677,408103738,-778705968,371817,337377,1.001,0.730497,4.561,9.214,1.06,2.04,93,16,0.097,-0.054,0.081,-0.216,2.48894,0,nan,0.0,3,1,8
468031744,1608053325799677,408103738,-778705970,371994,337554,1.117,0.730539,4.559,9.215,1.06,2.04,93,16,0.113,0.113,0.006,-0.255,2.48894,0,nan,0.0,3,1,8
468229756,1608053325999678,408103737,-778705974,372125,337685,1.091,0.73058,4.558,9.216,1.06,2.04,93,13,0.008,-0.008,0.002,-0.192,2.48894,0,nan,0.0,3,1,8
468430346,1608053326199677,408103739,-778705974,372247,337806,1.242,0.730627,4.556,9.217,1.06,2.04,93,13,0.182,0.173,0.058,-0.103,2.48894,0,nan,0.0,3,1,8
468651737,1608053326399677,408103735,-778705983,372394,337954,1.234,0.730673,4.555,9.218,1.06,2.04,93,13,0.303,-0.159,-0.258,0.086,2.48894,0,nan,0.0,3,1,8
468841800,1608053326599677,408103729,-778705992,372606,338165,1.307,0.730722,4.553,9.22,1.06,2.04,93,13,0.374,-0.326,-0.184,-0.153,2.48894,0,nan,0.0,3,1,8
469043026,1608053326799677,408103728,-778705996,372843,338403,1.11,0.730764,4.551,9.229,1.06,2.04,93,13,0.042,0.039,0.016,-0.241,2.48894,0,nan,0.0,3,1,8
469240638,1608053326999678,408103726,-778705998,373040,338600,1.105,0.730805,4.547,9.236,1.06,2.04,93,11,0.012,0.001,-0.012,-0.408,2.48894,0,nan,0.0,3,1,8
469441821,1608053327199677,408103727,-778706002,373373,338933,1.102,0.730846,4.541,9.247,1.06,2.04,93,11,0.176,0.174,0.027,-0.355,2.48894,0,nan,0.0,3,1,8
469636704,1608053327399677,408103731,-778706012,373909,339469,1.09,0.730887,4.534,9.257,1.06,2.04,93,11,0.305,0.3,-0.055,-0.527,2.48894,0,nan,0.0,3,1,8
469838767,1608053327599677,408103734,-778706014,374061,339621,1.107,0.730929,4.528,9.274,1.06,2.04,93,11,0.251,0.246,-0.047,-0.665,2.48894,0,nan,0.0,3,1,8
470036627,1608053327799677,408103739,-778706020,374441,340001,1.104,0.73097,4.522,9.287,1.06,2.04,93,11,0.267,0.252,-0.086,-0.633,2.48894,0,nan,0.0,3,1,8
470238630,1608053327999678,408103738,-778706022,374488,340048,1.124,0.731012,4.515,9.297,1.06,2.04,93,11,0.161,0.042,-0.155,-0.741,2.48894,0,nan,0.0,3,1,8
470438629,1608053328199677,408103742,-778706025,374752,340312,1.113,0.731054,4.508,9.304,1.06,2.04,93,11,0.186,0.177,-0.056,-0.815,2.48894,0,nan,0.0,3,1,8
470649764,1608053328399677,408103749,-778706029,375149,340708,1.112,0.731096,4.501,9.312,1.06,2.04,93,11,0.257,0.246,-0.077,-0.837,2.48894,0,nan,0.0,3,1,8
470830635,1608053328599677,408103753,-778706032,375379,340939,1.118,0.731138,4.494,9.319,1.06,2.04,93,11,0.169,0.128,-0.11,-0.882,2.48894,0,nan,0.0,3,1,8
471035254,1608053328799677,408103755,-778706032,375483,341043,1.119,0.73118,4.488,9.327,1.06,2.04,93,11,0.159,0.12,-0.105,-0.785,2.48894,0,nan,0.0,3,1,8
471235948,1608053328999678,408103754,-778706036,375619,341179,1.132,0.731222,4.481,9.337,1.06,2.04,93,11,0.188,0.03,-0.186,-0.767,2.48894,0,nan,0.0,3,1,8
471437803,1608053329199677,408103757,-778706044,375981,341540,1.13,0.731265,4.473,9.347,1.06,2.04,93,11,0.191,0.105,-0.16,-0.814,2.48894,0,nan,0.0,3,1,8
471630788,1608053329399677,408103758,-778706050,376176,341736,1.097,0.731306,4.466,9.357,1.06,2.04,93,11,0.276,0.173,-0.215,-0.551,2.48894,0,nan,0.0,3,1,8
471832630,1608053329599677,408103767,-778706062,376737,342297,1.12,0.731348,4.46,9.374,1.06,2.04,93,11,0.382,0.37,-0.093,-0.691,2.48894,0,nan,0.0,3,1,8
472034691,1608053329799677,408103770,-778706069,377116,342675,1.148,0.731391,4.454,9.386,1.06,2.04,93,11,0.128,0.123,-0.035,-0.603,2.48894,0,nan,0.0,3,1,8
472235716,1608053329999678,408103760,-778706066,376839,342399,1.156,0.731434,4.45,9.407,1.06,2.04,93,13,0.168,-0.1,-0.135,-0.471,2.48894,0,nan,0.0,3,1,8
472437845,1608053330199677,408103761,-778706074,377158,342718,1.145,0.731477,4.447,9.432,1.06,2.04,93,13,0.172,0.151,-0.083,-0.578,2.48894,0,nan,0.0,3,1,8
472647704,1608053330399677,408103756,-778706079,377263,342823,1.155,0.73152,4.442,9.443,1.06,2.04,93,13,0.097,-0.031,-0.092,-0.58,2.48894,0,nan,0.0,3,1,8
472832629,1608053330599677,408103748,-778706083,377197,342757,1.163,0.731564,4.437,9.454,1.06,2.04,93,13,0.061,-0.024,-0.056,-0.302,2.48894,0,nan,0.0,3,1,8
473033779,1608053330799677,408103741,-778706090,377286,342846,1.16,0.731607,4.431,9.465,1.06,2.04,93,13,0.18,-0.158,-0.087,-0.222,2.48894,0,nan,0.0,3,1,8
473236629,1608053330999678,408103742,-778706098,377694,343254,1.088,0.731648,4.426,9.476,1.06,2.04,93,11,0.123,0.087,0.088,-0.17,2.48894,0,nan,0.0,3,1,8
473429445,1608053331199677,408103739,-778706105,377940,343500,1.158,0.731692,4.421,9.487,1.06,2.04,93,11,0.031,0.017,-0.026,-0.179,2.48894,0,nan,0.0,3,1,8
473636633,1608053331399677,408103735,-778706114,378222,343782,1.145,0.731734,4.417,9.497,1.06,2.04,93,11,0.049,0.048,0.006,-0.216,2.48894,0,nan,0.0,3,1,8
473837283,1608053331599677,408103727,-778706122,378300,343859,1.162,0.731778,4.412,9.509,1.06,2.04,93,11,0.147,-0.117,-0.089,-0.136,2.48894,0,nan,0.0,3,1,8
474033811,1608053331799677,408103715,-778706128,378255,343815,1.09,0.731819,4.408,9.519,1.06,2.04,93,11,0.215,-0.212,-0.038,-0.055,2.48894,0,nan,0.0,3,1,8
474236627,1608053331999678,408103697,-778706132,378023,343582,1.097,0.73186,4.406,9.54,1.06,2.04,93,14,0.373,-0.371,-0.046,-0.003,2.48894,0,nan,0.0,3,1,8
474438626,1608053332199677,408103690,-778706141,378193,343753,1.149,0.731903,4.406,9.567,1.06,2.04,93,14,0.095,-0.09,-0.029,0.149,2.48894,0,nan,0.0,3,1,8
474648633,1608053332399677,408103696,-778706156,378935,344494,1.102,0.731944,4.403,9.577,1.06,2.04,93,14,0.127,0.103,0.075,-0.065,2.48894,0,nan,0.0,3,1,8
474837735,1608053332599677,408103693,-778706165,379230,344789,1.123,0.731986,4.402,9.599,1.06,2.04,93,14,0.111,0.091,0.064,-0.117,2.48894,0,nan,0.0,3,1,8
475038639,1608053332799677,408103687,-778706174,379474,345034,0.956,0.732022,4.399,9.609,1.06,2.04,93,14,0.101,-0.09,0.046,-0.101,2.48894,0,nan,0.0,3,1,8
475243690,1608053332999678,408103679,-778706181,379581,345140,1.116,0.732064,4.396,9.619,1.06,2.04,93,12,0.065,-0.059,-0.026,0.029,2.48894,0,nan,0.0,3,1,8
475436863,1608053333199677,408103677,-778706193,379961,345521,0.865,0.732096,4.393,9.629,1.06,2.04,93,12,0.058,0.025,-0.053,-0.03,2.48894,0,nan,0.0,3,1,8
475635039,1608053333399677,408103669,-778706202,380161,345721,0.891,0.73213,4.39,9.639,1.06,2.04,93,12,0.125,-0.118,0.041,-0.035,2.48894,0,nan,0.0,3,1,8
475836633,1608053333599677,408103665,-778706211,380401,345961,0.921,0.732164,4.389,9.655,1.06,2.04,93,12,0.084,0.053,-0.065,0.1,2.48894,0,nan,0.0,3,1,8
476029761,1608053333799677,408103661,-778706222,380672,346232,0.872,0.732197,4.387,9.667,1.06,2.04,93,12,0.065,-0.048,0.044,0.031,2.48894,0,nan,0.0,3,1,8
476235168,1608053333999678,408103666,-778706234,381245,346804,1.126,0.732239,4.389,9.691,1.06,2.04,93,15,0.228,0.228,0.002,-0.123,2.48894,0,nan,0.0,3,1,8
476437157,1608053334199677,408103669,-778706247,381692,347252,1.062,0.732279,4.388,9.703,1.06,2.04,93,15,0.188,0.182,-0.047,-0.142,2.48894,0,nan,0.0,3,1,8
476650894,1608053334399677,408103663,-778706252,381699,347259,1.167,0.732323,4.389,9.719,1.06,2.04,93,15,0.036,-0.035,0.002,0.081,2.48894,0,nan,0.0,3,1,8
476835750,1608053334599677,408103652,-778706258,381756,347316,1.121,0.732365,4.39,9.733,1.06,2.04,93,15,0.226,-0.224,-0.03,-0.061,2.48894,0,nan,0.0,3,1,8
477037303,1608053334799677,408103640,-778706262,381657,347217,1.141,0.732407,4.391,9.747,1.06,2.04,93,15,0.191,-0.187,-0.039,0.088,2.48894,0,nan,0.0,3,1,8
477235417,1608053334999678,408103630,-778706271,381796,347356,1.18,0.732451,4.394,9.774,1.06,2.04,93,12,0.26,-0.24,-0.099,0.069,2.48894,0,nan,0.0,3,1,8
477440740,1608053335199677,408103619,-778706277,381779,347338,1.156,0.732495,4.396,9.787,1.06,2.04,93,12,0.183,-0.17,-0.068,0.172,2.48894,0,nan,0.0,3,1,8
477638628,1608053335399677,408103612,-778706286,381961,347521,1.153,0.732538,4.397,9.801,1.06,2.04,93,12,0.173,-0.159,-0.07,0.167,2.48894,0,nan,0.0,3,1,8
477837780,1608053335599676,408103610,-778706295,382338,347898,1.189,0.732582,4.398,9.813,1.06,2.04,93,12,0.059,0.004,0.059,0.121,2.48894,0,nan,0.0,3,1,8
478037806,1608053335799676,408103616,-778706307,383000,348559,1.188,0.732627,4.4,9.83,1.06,2.04,93,12,0.179,0.142,0.108,0.05,2.48894,0,nan,0.0,3,1,8
478239090,1608053335999677,408103614,-778706315,383231,348790,1.028,0.732665,4.403,9.849,1.06,2.04,93,11,0.081,-0.011,-0.08,0.119,2.48894,0,nan,0.0,3,1,8
478440652,1608053336199676,408103617,-778706323,383667,349227,1.173,0.732709,4.404,9.861,1.06,2.04,93,11,0.136,0.121,0.062,-0.003,2.48894,0,nan,0.0,3,1,8
478649753,1608053336399676,408103619,-778706330,384054,349614,1.157,0.732753,4.406,9.878,1.06,2.04,93,11,0.108,0.084,0.069,-0.008,2.48894,0,nan,0.0,3,1,8
478846628,1608053336599676,408103622,-778706336,384463,350023,1.156,0.732796,4.409,9.894,1.06,2.04,93,11,0.121,0.111,0.05,-0.153,2.48894,0,nan,0.0,3,1,8
479045859,1608053336799676,408103618,-778706339,384537,350096,1.164,0.732839,4.412,9.912,1.06,2.04,93,11,0.052,-0.052,0.004,-0.151,2.48894,0,nan,0.0,3,1,8
479246768,1608053336999677,408103614,-778706342,384626,350186,1.197,0.732884,4.415,9.929,1.06,2.04,93,12,0.078,-0.076,-0.017,-0.14,2.48894,0,nan,0.0,3,1,8
479444636,1608053337199676,408103620,-778706339,384885,350444,1.064,0.732924,4.419,9.947,1.06,2.04,93,12,0.576,0.128,0.562,0.192,2.48894,0,nan,0.0,3,1,8
479642725,1608053337399676,408103626,-778706337,385103,350662,1.253,0.732971,4.423,9.964,1.06,2.04,93,12,0.301,0.276,0.119,0.144,2.48894,0,nan,0.0,3,1,8
479843696,1608053337599676,408103633,-778706344,385553,351113,1.06,0.73301,4.427,9.975,1.06,2.04,93,12,0.184,0.18,-0.039,-0.102,2.48894,0,nan,0.0,3,1,8
480040640,1608053337799676,408103635,-778706349,385748,351308,1.174,0.733054,4.43,9.985,1.06,2.04,93,12,0.101,0.1,-0.009,-0.196,2.48894,0,nan,0.0,3,1,8
480246662,1608053337999677,408103639,-778706351,385996,351555,1.118,0.733096,4.433,9.995,1.06,2.04,93,12,0.168,0.116,0.121,-0.253,2.48894,0,nan,0.0,3,1,8
480445776,1608053338199676,408103645,-778706351,386265,351824,1.146,0.733139,4.435,10.006,1.06,2.04,93,12,0.23,0.175,0.148,-0.353,2.48894,0,nan,0.0,3,1,8
480653967,1608053338399676,408103644,-778706347,386205,351765,1.201,0.733184,4.441,10.025,1.06,2.04,93,12,0.027,0.015,0.022,-0.368,2.48894,0,nan,0.0,3,1,8
480843689,1608053338599676,408103638,-778706342,385948,351507,1.237,0.73323,4.446,10.041,1.06,2.04,93,12,0.055,-0.041,-0.037,-0.206,2.48894,0,nan,0.0,3,1,8
481042634,1608053338799676,408103627,-778706336,385553,351112,0.969,0.733266,4.452,10.058,1.06,2.04,93,12,0.226,-0.213,0.076,-0.141,2.48894,0,nan,0.0,3,1,8
481238696,1608053338999677,408103618,-778706330,385148,350708,1.249,0.733313,4.456,10.067,1.06,2.04,93,10,0.148,-0.037,-0.143,-0.3,2.48894,0,nan,0.0,3,1,8
481443705,1608053339199676,408103625,-778706332,385436,350995,1.074,0.733353,4.462,10.077,1.06,2.04,93,10,0.124,0.032,0.12,-0.206,2.48894,0,nan,0.0,3,1,8
481638413,1608053339399676,408103631,-778706335,385682,351241,1.238,0.733399,4.467,10.088,1.06,2.04,93,10,0.046,0.039,-0.024,-0.188,2.48894,0,nan,0.0,3,1,8
481842627,1608053339599676,408103619,-778706331,385246,350806,1.159,0.733443,4.473,10.103,1.06,2.04,93,10,0.424,-0.421,-0.043,-0.004,2.48894,0,nan,0.0,3,1,8
482842707,1608053340599676,408103599,-778706331,384746,350305,1.187,0.733656,4.502,10.162,1.06,2.04,93,10,0.13,-0.099,-0.084,0.415,2.48894,0,nan,0.0,3,1,8
483040731,1608053340799676,408103597,-778706335,384785,350345,1.22,0.733701,4.511,10.184,1.06,2.04,93,10,0.391,-0.366,-0.135,0.196,2.48894,0,nan,0.0,3,1,8
483241762,1608053340999677,408103596,-778706335,384747,350307,1.215,0.733747,4.519,10.204,1.06,2.04,93,11,0.222,-0.21,-0.074,0.138,2.48894,0,nan,0.0,3,1,8
483439460,1608053341199676,408103596,-778706334,384680,350239,1.181,0.733791,4.524,10.21,1.06,2.04,93,11,0.215,-0.214,-0.014,0.248,2.48894,0,nan,0.0,3,1,8
483641763,1608053341399676,408103600,-778706335,384752,350311,1.127,0.733833,4.528,10.219,1.06,2.04,93,11,0.126,-0.048,-0.117,0.276,2.48894,0,nan,0.0,3,1,8
483839043,1608053341599676,408103605,-778706334,384761,350320,1.269,0.73388,4.532,10.223,1.06,2.04,93,11,0.096,0.052,0.08,0.334,2.48894,0,nan,0.0,3,1,8
484043694,1608053341799676,408103606,-778706333,384596,350155,1.234,0.733926,4.532,10.223,1.06,2.04,93,11,0.052,0.034,0.039,0.425,2.48894,0,nan,0.0,3,1,8
484242735,1608053341999677,408103607,-778706333,384419,349979,1.199,0.733971,4.525,10.19,1.06,2.04,93,11,0.025,0.02,0.015,0.451,2.48894,0,nan,0.0,3,1,8
484443693,1608053342199676,408103608,-778706339,384389,349949,1.192,0.734016,4.514,10.145,1.06,2.04,93,11,0.067,-0.038,0.055,0.27,2.48894,0,nan,0.0,3,1,8
484652630,1608053342399676,408103605,-778706343,384169,349729,1.141,0.734058,4.503,10.103,1.06,2.04,93,11,0.048,-0.047,0.011,0.224,2.48894,0,nan,0.0,3,1,8
484838649,1608053342599676,408103600,-778706347,383907,349467,1.198,0.734103,4.49,10.052,1.06,2.04,93,11,0.053,0.012,0.051,0.139,2.48894,0,nan,0.0,3,1,8
485040633,1608053342799676,408103595,-778706349,383561,349121,1.172,0.734147,4.476,10.003,1.06,2.04,93,11,0.084,0.078,0.03,0.136,2.48894,0,nan,0.0,3,1,8
485241773,1608053342999677,408103590,-778706350,383233,348793,1.09,0.734188,4.463,9.957,1.06,2.04,93,12,0.024,-0.023,0.006,0.157,2.48894,0,nan,0.0,3,1,8
485443144,1608053343199676,408103581,-778706350,382792,348352,1.041,0.734226,4.447,9.899,1.06,2.04,93,12,0.117,-0.112,0.035,0.263,2.48894,0,nan,0.0,3,1,8
485641773,1608053343399676,408103572,-778706350,382380,347940,1.044,0.734266,4.431,9.844,1.06,2.04,93,12,0.08,-0.071,0.038,0.21,2.48894,0,nan,0.0,3,1,8
485838691,1608053343599676,408103564,-778706349,381867,347427,1.014,0.734303,4.416,9.791,1.06,2.04,93,12,0.026,0.012,-0.023,0.221,2.48894,0,nan,0.0,3,1,8
486038696,1608053343799676,408103555,-778706347,381352,346912,1.067,0.734343,4.401,9.74,1.06,2.04,93,12,0.028,0.01,0.026,0.223,2.48894,0,nan,0.0,3,1,8
486240640,1608053343999677,408103548,-778706345,380846,346406,0.796,0.734373,4.386,9.691,1.06,2.04,93,12,0.125,0.063,-0.108,0.179,2.48894,0,nan,0.0,3,1,8
486438639,1608053344199676,408103539,-778706342,380324,345884,1.054,0.734412,4.369,9.633,1.06,2.04,93,12,0.166,0.009,0.166,0.166,2.48894,0,nan,0.0,3,1,8
486652075,1608053344399676,408103527,-778706338,379606,345166,1.136,0.734455,4.354,9.578,1.06,2.04,93,12,0.11,0.073,0.082,0.132,2.48894,0,nan,0.0,3,1,8
486842680,1608053344599676,408103517,-778706335,378883,344442,0.843,0.734486,4.337,9.519,1.06,2.04,93,12,0.184,0.175,-0.058,-0.071,2.48894,0,nan,0.0,3,1,8
487043689,1608053344799676,408103506,-778706333,378182,343742,0.897,0.73452,4.321,9.464,1.06,2.04,93,12,0.077,0.074,-0.018,0.057,2.48894,0,nan,0.0,3,1,8
487242627,1608053344999677,408103492,-778706328,377329,342889,1.093,0.73456,4.304,9.399,1.06,2.04,93,12,0.127,0.098,0.081,0.219,2.48894,0,nan,0.0,3,1,8
487442684,1608053345199676,408103478,-778706320,376636,342196,0.964,0.734596,4.286,9.337,1.06,2.04,93,12,0.368,-0.264,0.256,0.521,2.48894,0,nan,0.0,3,1,8
487643730,1608053345399676,408103462,-778706314,375836,341395,0.987,0.734633,4.27,9.278,1.06,2.04,93,12,0.016,0.016,0.0,0.319,2.48894,0,nan,0.0,3,1,8
487842776,1608053345599676,408103450,-778706305,375111,340671,1.035,0.734672,4.254,9.221,1.06,2.04,93,12,0.101,-0.016,0.1,0.457,2.48894,0,nan,0.0,3,1,8
488039711,1608053345799676,408103434,-778706300,374445,340005,0.907,0.734706,4.239,9.166,1.06,2.04,93,12,0.124,-0.111,-0.056,0.29,2.48894,0,nan,0.0,3,1,8
488242705,1608053345999677,408103420,-778706295,373774,339333,1.002,0.734743,4.222,9.101,1.06,2.04,93,14,0.158,0.157,0.017,0.144,2.48894,0,nan,0.0,3,1,8
488446629,1608053346199676,408103408,-778706290,373146,338706,1.049,0.734783,4.205,9.038,1.06,2.04,93,14,0.08,0.077,0.024,0.094,2.48894,0,nan,0.0,3,1,8
488653777,1608053346399676,408103396,-778706285,372441,338001,1.046,0.734822,4.191,8.98,1.06,2.04,93,14,0.068,0.064,0.025,0.139,2.48894,0,nan,0.0,3,1,8
488845760,1608053346599676,408103384,-778706280,371763,337323,0.927,0.734856,4.176,8.923,1.06,2.04,93,14,0.045,0.035,-0.028,0.19,2.48894,0,nan,0.0,3,1,8
489043696,1608053346799676,408103374,-778706275,371098,336657,0.943,0.734891,4.162,8.869,1.06,2.04,93,14,0.144,0.143,-0.015,0.147,2.48894,0,nan,0.0,3,1,8
489246630,1608053346999677,408103365,-778706270,370558,336118,0.973,0.734928,4.149,8.816,1.06,2.04,93,21,0.201,0.182,0.085,-0.034,2.48894,0,nan,0.0,3,1,8
489441761,1608053347199676,408103357,-778706262,369972,335531,0.866,0.73496,4.137,8.765,1.06,2.04,93,21,0.03,0.025,0.017,-0.026,2.48894,0,nan,0.0,3,1,8
489643736,1608053347399676,408103349,-778706256,369422,334982,0.733,0.734987,4.125,8.716,1.06,2.04,93,21,0.071,0.063,-0.032,0.032,2.48894,0,nan,0.0,3,1,8
489842637,1608053347599676,408103339,-778706249,368806,334365,0.923,0.735022,4.114,8.669,1.06,2.04,93,21,0.057,-0.057,0.002,0.093,2.48894,0,nan,0.0,3,1,8
490043687,1608053347799676,408103329,-778706241,368119,333679,1.067,0.735061,4.104,8.623,1.06,2.04,93,21,0.041,0.018,0.037,0.094,2.48894,0,nan,0.0,3,1,8
490246681,1608053347999677,408103318,-778706236,367473,333033,0.965,0.735098,4.093,8.575,1.06,2.04,93,21,0.072,0.012,-0.071,-0.058,2.48894,0,nan,0.0,3,1,8
490446288,1608053348199676,408103308,-778706229,366821,332380,0.649,0.735122,4.083,8.527,1.06,2.04,93,21,0.042,0.008,0.041,-0.025,2.48894,0,nan,0.0,3,1,8
490653734,1608053348399676,408103298,-778706221,366156,331716,0.883,0.735155,4.073,8.482,1.06,2.04,93,21,0.161,-0.161,0.006,0.059,2.48894,0,nan,0.0,3,1,8
490844684,1608053348599676,408103289,-778706212,365502,331061,0.699,0.735181,4.065,8.442,1.06,2.04,93,21,0.08,-0.014,-0.079,0.088,2.48894,0,nan,0.0,3,1,8
491047786,1608053348799676,408103285,-778706209,365028,330588,0.707,0.735207,4.056,8.4,1.06,2.04,93,21,0.177,0.137,-0.112,-0.021,2.48894,0,nan,0.0,3,1,8
491241784,1608053348999677,408103280,-778706205,364566,330125,1.118,0.735249,4.05,8.37,1.06,2.04,93,16,0.082,-0.039,-0.072,-0.09,2.48894,0,nan,0.0,3,1,8
491441805,1608053349199676,408103279,-778706197,364116,329676,0.917,0.735283,4.046,8.344,1.06,2.04,93,16,0.089,0.086,0.024,-0.138,2.48894,0,nan,0.0,3,1,8
491635002,1608053349399676,408103280,-778706190,363655,329215,0.958,0.735319,4.043,8.319,1.06,2.04,93,16,0.218,0.185,-0.116,-0.158,2.48894,0,nan,0.0,3,1,8
491841760,1608053349599676,408103276,-778706182,363167,328727,0.96,0.735354,4.04,8.294,1.06,2.04,93,16,0.081,-0.078,-0.02,0.063,2.48894,0,nan,0.0,3,1,8
492042776,1608053349799676,408103270,-778706179,362823,328382,1.105,0.735396,4.038,8.271,1.06,2.04,93,16,0.148,-0.12,-0.085,-0.024,2.48894,0,nan,0.0,3,1,8
492241732,1608053349999677,408103268,-778706177,362492,328052,1.084,0.735436,4.038,8.25,1.06,2.04,93,20,0.167,0.095,-0.138,-0.28,2.48894,0,nan,0.0,3,1,8
492442129,1608053350199676,408103266,-778706178,362138,327698,1.092,0.735477,4.039,8.23,1.06,2.04,93,20,0.408,0.1,-0.395,-0.352,2.48894,0,nan,0.0,3,1,8
492651255,1608053350399676,408103266,-778706170,361708,327268,1.031,0.735515,4.041,8.211,1.06,2.04,93,20,0.15,0.148,0.028,-0.056,2.48894,0,nan,0.0,3,1,8
492841768,1608053350599676,408103263,-778706167,361258,326817,1.061,0.735555,4.044,8.194,1.06,2.04,93,20,0.265,0.008,-0.265,-0.094,2.48894,0,nan,0.0,3,1,8
493038641,1608053350799676,408103263,-778706162,360773,326333,0.75,0.735583,4.05,8.183,1.06,2.04,93,20,0.317,0.25,-0.195,0.126,2.48894,0,nan,0.0,3,1,8
493245828,1608053350999677,408103255,-778706166,360467,326027,1.098,0.735624,4.056,8.173,1.06,2.04,93,16,0.482,-0.287,-0.388,0.056,2.48894,0,nan,0.0,3,1,8
493445807,1608053351199676,408103251,-778706164,360032,325592,0.72,0.73565,4.065,8.167,1.06,2.04,93,16,0.209,-0.016,-0.208,0.208,2.48894,0,nan,0.0,3,1,8
493643786,1608053351399676,408103246,-778706165,359735,325294,1.189,0.735695,4.076,8.165,1.06,2.04,93,16,0.167,-0.051,-0.159,-0.042,2.48894,0,nan,0.0,3,1,8
493840645,1608053351599676,408103245,-778706157,359299,324859,0.886,0.735728,4.086,8.162,1.06,2.04,93,16,0.075,0.066,-0.036,0.056,2.48894,0,nan,0.0,3,1,8
494042712,1608053351799676,408103250,-778706142,358758,324318,1.318,0.735777,4.097,8.161,1.06,2.04,93,16,0.352,0.294,0.194,0.216,2.48894,0,nan,0.0,3,1,8
494235722,1608053351999677,408103256,-778706133,358393,323953,1.234,0.735823,4.108,8.163,1.06,2.04,93,15,0.38,0.377,0.044,0.187,2.48894,0,nan,0.0,3,1,8
494441854,1608053352199676,408103263,-778706123,357968,323528,1.28,0.735871,4.119,8.165,1.06,2.04,93,15,0.387,0.377,0.088,0.133,2.48894,0,nan,0.0,3,1,8
494655732,1608053352399676,408103267,-778706113,357657,323216,1.18,0.735915,4.129,8.168,1.06,2.04,93,15,0.226,0.221,0.045,0.247,2.48894,0,nan,0.0,3,1,8
494844626,1608053352599676,408103264,-778706107,357353,322913,1.083,0.735955,4.138,8.172,1.06,2.04,93,15,0.216,-0.208,-0.06,0.217,2.48894,0,nan,0.0,3,1,8
495043734,1608053352799676,408103262,-778706103,357147,322707,1.109,0.735996,4.147,8.18,1.06,2.04,93,15,0.188,-0.166,-0.088,0.157,2.48894,0,nan,0.0,3,1,8
495243732,1608053352999677,408103259,-778706097,356915,322475,1.093,0.736037,4.157,8.189,1.06,2.04,93,21,0.147,-0.147,0.009,0.198,2.48894,0,nan,0.0,3,1,8
495449757,1608053353199676,408103259,-778706089,356632,322192,1.018,0.736075,4.166,8.198,1.06,2.04,93,21,0.012,0.01,-0.006,0.162,2.48894,0,nan,0.0,3,1,8
495642989,1608053353399676,408103257,-778706082,356344,321904,1.115,0.736116,4.177,8.21,1.06,2.04,93,21,0.17,-0.163,-0.051,0.205,2.48894,0,nan,0.0,3,1,8
495841759,1608053353599676,408103258,-778706080,356366,321926,1.235,0.736163,4.189,8.226,1.06,2.04,93,21,0.232,0.231,-0.019,0.073,2.48894,0,nan,0.0,3,1,8
496041765,1608053353799676,408103260,-778706071,356037,321596,1.146,0.736205,4.204,8.242,1.06,2.04,93,21,0.113,0.009,0.113,0.11,2.48894,0,nan,0.0,3,1,8
496243806,1608053353999677,408103251,-778706060,355873,321433,1.04,0.736244,4.217,8.259,1.06,2.04,93,13,0.613,-0.518,0.329,0.313,2.48894,0,nan,0.0,3,1,8
496444733,1608053354199676,408103245,-778706042,355356,320915,1.038,0.736283,4.221,8.243,1.06,2.04,93,13,0.164,-0.111,0.12,0.192,2.48894,0,nan,0.0,3,1,8
496654648,1608053354399676,408103243,-778706024,354753,320312,0.949,0.736318,4.215,8.213,1.06,2.04,93,13,0.054,0.041,-0.036,0.138,2.48894,0,nan,0.0,3,1,8
496839398,1608053354599676,408103243,-778706009,354276,319835,0.868,0.73635,4.201,8.179,1.06,2.04,93,13,0.042,0.015,0.04,-0.008,2.48894,0,nan,0.0,3,1,8
497042644,1608053354799676,408103243,-778705987,353656,319215,0.993,0.736387,4.18,8.13,1.06,2.04,93,13,0.109,0.07,0.084,0.042,2.48894,0,nan,0.0,3,1,8
497246684,1608053354999677,408103245,-778705972,353277,318837,1.082,0.736427,4.155,8.079,1.06,2.04,93,10,0.045,0.03,0.034,0.066,2.48894,0,nan,0.0,3,1,8
497444675,1608053355199676,408103246,-778705962,352983,318543,0.93,0.736462,4.129,8.03,1.06,2.04,93,10,0.084,0.084,-0.003,0.074,2.48894,0,nan,0.0,3,1,8
497646633,1608053355399676,408103246,-778705953,352627,318187,1.012,0.7365,4.107,7.987,1.06,2.04,93,10,0.075,0.071,0.025,0.069,2.48894,0,nan,0.0,3,1,8
497845854,1608053355599676,408103246,-778705950,352435,317995,0.916,0.736534,4.086,7.945,1.06,2.04,93,10,0.069,0.069,-0.006,0.064,2.48894,0,nan,0.0,3,1,8
498045783,1608053355799676,408103244,-778705950,352336,317895,1.045,0.736573,4.065,7.904,1.06,2.04,93,10,0.096,0.069,0.067,0.151,2.48894,0,nan,0.0,3,1,8
498246968,1608053355999677,408103243,-778705953,352317,317877,1.022,0.736611,4.046,7.866,1.06,2.04,93,10,0.182,0.149,0.104,0.139,2.48894,0,nan,0.0,3,1,8
498445755,1608053356199676,408103239,-778705956,352324,317883,1.065,0.736651,4.033,7.86,1.06,2.04,93,10,0.257,0.094,0.239,0.328,2.48894,0,nan,0.0,3,1,8
498657918,1608053356399676,408103233,-778705960,352452,318012,1.165,0.736694,4.027,7.867,1.06,2.04,93,10,0.128,0.111,0.063,0.062,2.48894,0,nan,0.0,3,1,8
498848659,1608053356599676,408103222,-778705961,352485,318044,1.07,0.736734,4.023,7.881,1.06,2.04,93,10,0.53,-0.437,0.299,0.306,2.48894,0,nan,0.0,3,1,8
499046650,1608053356799676,408103206,-778705955,352465,318025,1.118,0.736775,4.019,7.891,1.06,2.04,93,10,0.66,-0.52,0.407,0.464,2.48894,0,nan,0.0,3,1,8
499243689,1608053356999677,408103191,-778705952,352517,318077,1.058,0.736815,4.009,7.898,1.06,2.04,93,11,0.464,-0.451,0.11,0.324,2.48894,0,nan,0.0,3,1,8
499442719,1608053357199676,408103184,-778705949,352624,318183,1.015,0.736852,3.999,7.897,1.06,2.04,93,11,0.145,-0.145,0.0,-0.045,2.48894,0,nan,0.0,3,1,8
499642719,1608053357399676,408103182,-778705937,352656,318216,0.972,0.736889,3.977,7.889,1.06,2.04,93,11,0.052,0.047,-0.023,-0.13,2.48894,0,nan,0.0,3,1,8
499847841,1608053357599676,408103182,-778705929,352523,318083,0.961,0.736924,3.969,7.891,1.06,2.04,93,11,0.061,0.042,0.044,-0.155,2.48894,0,nan,0.0,3,1,8
500046628,1608053357799676,408103179,-778705927,352396,317956,0.925,0.736959,3.965,7.897,1.06,2.04,93,11,0.02,-0.014,0.015,-0.117,2.48894,0,nan,0.0,3,1,8
500248633,1608053357999677,408103180,-778705928,352470,318030,0.881,0.736992,3.97,7.903,1.06,2.04,93,14,0.104,0.083,-0.063,-0.046,2.48894,0,nan,0.0,3,1,8
500448633,1608053358199676,408103182,-778705927,352456,318016,0.942,0.737027,3.967,7.874,1.06,2.04,93,14,0.05,-0.045,-0.022,0.17,2.48894,0,nan,0.0,3,1,8
500658632,1608053358399676,408103183,-778705925,352495,318055,1.137,0.737069,3.963,7.844,1.06,2.04,93,14,0.065,0.042,0.049,0.153,2.48894,0,nan,0.0,3,1,8
500844633,1608053358599676,408103182,-778705926,352759,318319,1.005,0.737106,3.959,7.807,1.06,2.04,93,14,0.07,-0.051,0.048,0.125,2.48894,0,nan,0.0,3,1,8
501046669,1608053358799676,408103175,-778705933,353132,318692,1.034,0.737145,3.954,7.775,1.06,2.04,93,14,0.169,-0.154,-0.069,0.062,2.48894,0,nan,0.0,3,1,8
501246626,1608053358999677,408103170,-778705936,353295,318855,0.993,0.737182,3.955,7.771,1.06,2.04,93,12,0.116,0.082,-0.082,-0.083,2.48894,0,nan,0.0,3,1,8
501446646,1608053359199676,408103157,-778705934,352993,318553,1.285,0.73723,3.959,7.777,1.06,2.04,93,12,0.771,-0.764,-0.108,0.008,2.48894,0,nan,0.0,3,1,8
501642632,1608053359399676,408103136,-778705936,352624,318184,1.218,0.747885,3.96,7.784,1.06,2.04,93,12,0.941,-0.901,-0.271,0.182,2.95464,0,nan,0.0,3,1,8
501843008,1608053359599676,408103116,-778705946,352833,318392,1.048,0.747923,3.956,7.791,1.06,2.04,93,12,0.327,-0.326,-0.012,0.156,2.95464,0,nan,0.0,3,1,8
502037798,1608053359799676,408103104,-778705954,353022,318582,1.018,0.747961,3.95,7.797,1.06,2.04,93,12,0.073,-0.066,0.032,0.404,2.95464,0,nan,0.0,3,1,8
502242632,1608053359999677,408103097,-778705963,353276,318836,1.036,0.747998,3.938,7.772,1.06,2.04,93,16,0.029,0.011,0.026,0.359,2.95464,0,nan,0.0,3,1,8
502445789,1608053360199676,408103095,-778705971,353417,318977,0.948,0.748033,3.924,7.741,1.06,2.04,93,16,0.109,0.096,-0.052,0.286,2.95464,0,nan,0.0,3,1,8
502654100,1608053360399676,408103095,-778705978,353664,319224,1.027,0.748071,3.901,7.7,1.06,2.04,93,16,0.195,0.142,0.134,0.406,2.95464,0,nan,0.0,3,1,8
502843798,1608053360599676,408103092,-778705981,353736,319295,0.969,0.748106,3.873,7.647,1.06,2.04,93,16,0.13,0.124,0.039,0.344,2.95464,0,nan,0.0,3,1,8
503041763,1608053360799676,408103093,-778705981,353756,319315,0.956,0.748141,3.843,7.596,1.06,2.04,93,16,0.171,0.163,0.049,0.283,2.95464,0,nan,0.0,3,1,8
503243689,1608053360999677,408103094,-778705984,353855,319415,0.911,0.748175,3.816,7.547,1.06,2.04,93,15,0.129,0.125,-0.031,0.314,2.95464,0,nan,0.0,3,1,8
503447696,1608053361199676,408103095,-778705984,353948,319507,0.914,0.748208,3.789,7.5,1.06,2.04,93,15,0.121,0.12,0.006,0.214,2.95464,0,nan,0.0,3,1,8
503645757,1608053361399676,408103097,-778705985,353976,319535,0.924,0.748242,3.766,7.464,1.06,2.04,93,15,0.06,0.059,-0.01,0.218,2.95464,0,nan,0.0,3,1,8
503846663,1608053361599676,408103095,-778705981,353991,319550,0.864,0.748274,3.744,7.425,1.06,2.04,93,15,0.079,-0.072,-0.033,0.23,2.95464,0,nan,0.0,3,1,8
504044662,1608053361799676,408103093,-778705987,354239,319799,0.838,0.748305,3.723,7.393,1.06,2.04,93,15,0.149,0.146,-0.029,0.217,2.95464,0,nan,0.0,3,1,8
504246294,1608053361999677,408103091,-778705993,354529,320089,0.749,0.748332,3.707,7.378,1.06,2.04,93,18,0.111,0.096,-0.055,0.17,2.95464,0,nan,0.0,3,1,8
504445811,1608053362199676,408103090,-778705996,354699,320258,0.918,0.748366,3.691,7.362,1.06,2.04,93,18,0.146,0.012,0.146,0.115,2.95464,0,nan,0.0,3,1,8
504649883,1608053362399676,408103086,-778705984,354081,319640,0.904,0.748399,3.678,7.354,1.06,2.04,93,18,0.432,-0.415,0.121,0.317,2.95464,0,nan,0.0,3,1,8
504843707,1608053362599676,408103082,-778705983,354039,319599,1.061,0.748438,3.673,7.35,1.06,2.04,93,18,0.088,-0.068,0.056,0.415,2.95464,0,nan,0.0,3,1,8
505044628,1608053362799676,408103081,-778705981,353836,319395,1.017,0.748475,3.67,7.349,1.06,2.04,93,18,0.227,-0.222,-0.048,0.383,2.95464,0,nan,0.0,3,1,8
505242631,1608053362999677,408103074,-778705973,353744,319304,1.204,0.748519,3.672,7.353,1.06,2.04,93,17,0.755,-0.664,0.358,0.614,2.95464,0,nan,0.0,3,1,8
505445835,1608053363199676,408103067,-778705969,353592,319151,1.122,0.74856,3.675,7.363,1.06,2.04,93,17,0.428,-0.426,-0.036,0.339,2.95464,0,nan,0.0,3,1,8
505642630,1608053363399676,408103069,-778705963,353493,319053,1.084,0.7486,3.679,7.378,1.06,2.04,93,17,0.129,-0.02,0.128,0.332,2.95464,0,nan,0.0,3,1,8
505843742,1608053363599676,408103081,-778705948,353215,318774,1.26,0.748646,3.685,7.405,1.06,2.04,93,17,0.6,0.483,0.356,0.286,2.95464,0,nan,0.0,3,1,8
506042897,1608053363799676,408103094,-778705939,353043,318603,1.383,0.748697,3.698,7.44,1.06,2.04,93,17,0.301,0.277,0.118,0.3,2.95464,0,nan,0.0,3,1,8
506243709,1608053363999677,408103100,-778705937,352907,318467,1.146,0.748739,3.715,7.479,1.06,2.04,93,13,0.054,0.047,0.025,0.327,2.95464,0,nan,0.0,3,1,8
506441857,1608053364199676,408103109,-778705931,352678,318237,1.339,0.748788,3.73,7.516,1.06,2.04,93,13,0.407,0.332,0.235,0.312,2.95464,0,nan,0.0,3,1,8
506657747,1608053364399675,408103118,-778705926,352443,318003,1.286,0.748835,3.739,7.554,1.06,2.04,93,13,0.498,0.393,0.307,0.369,2.95464,0,nan,0.0,3,1,8
506846676,1608053364599675,408103126,-778705923,352205,317765,1.259,0.748881,3.748,7.594,1.06,2.04,93,13,0.308,0.229,0.206,0.507,2.95464,0,nan,0.0,3,1,8
507045025,1608053364799675,408103124,-778705924,351916,317476,1.142,0.748923,3.761,7.642,1.06,2.04,93,13,0.19,-0.173,-0.08,0.39,2.95464,0,nan,0.0,3,1,8
507242633,1608053364999676,408103121,-778705921,351583,317143,1.098,0.748963,3.773,7.687,1.06,2.04,93,11,0.325,-0.316,0.076,0.266,2.95464,0,nan,0.0,3,1,8
507444631,1608053365199675,408103123,-778705927,351753,317313,1.136,0.749004,3.782,7.735,1.06,2.04,93,11,0.134,-0.127,0.043,0.182,2.95464,0,nan,0.0,3,1,8
507642637,1608053365399675,408103125,-778705931,351898,317458,1.365,0.749054,3.783,7.78,1.06,2.04,93,11,0.043,0.043,0.003,0.231,2.95464,0,nan,0.0,3,1,8
507843438,1608053365599675,408103126,-778705929,351572,317132,1.315,0.749103,3.782,7.829,1.06,2.04,93,11,0.065,-0.022,-0.061,0.561,2.95464,0,nan,0.0,3,1,8
508046635,1608053365799675,408103126,-778705925,351293,316853,1.336,0.749151,3.777,7.873,1.06,2.04,93,11,0.044,0.017,-0.04,0.622,2.95464,0,nan,0.0,3,1,8
508242647,1608053365999676,408103123,-778705925,351232,316791,1.298,0.749199,3.773,7.92,1.06,2.04,93,10,0.115,-0.111,0.032,0.513,2.95464,0,nan,0.0,3,1,8
508444227,1608053366199675,408103122,-778705921,351026,316585,1.336,0.749248,3.768,7.965,1.06,2.04,93,10,0.046,-0.032,0.033,0.687,2.95464,0,nan,0.0,3,1,8
508658633,1608053366399675,408103128,-778705919,350770,316330,1.418,0.7493,3.764,8.013,1.06,2.04,93,10,0.388,0.388,-0.003,0.97,2.95464,0,nan,0.0,3,1,8
508848631,1608053366599675,408103131,-778705918,350673,316233,1.432,0.749352,3.76,8.061,1.06,2.04,93,10,0.244,0.24,0.047,0.807,2.95464,0,nan,0.0,3,1,8
509048632,1608053366799675,408103129,-778705924,350921,316481,1.279,0.749399,3.756,8.106,1.06,2.04,93,10,0.111,-0.099,0.05,0.382,2.95464,0,nan,0.0,3,1,8
509246425,1608053366999676,408103121,-778705928,350874,316434,1.28,0.749446,3.753,8.155,1.06,2.04,93,12,0.095,-0.093,-0.021,0.326,2.95464,0,nan,0.0,3,1,8
509447249,1608053367199675,408103118,-778705932,351089,316649,1.066,0.749485,3.752,8.203,1.06,2.04,93,12,0.104,-0.056,0.087,0.111,2.95464,0,nan,0.0,3,1,8
509645009,1608053367399675,408103111,-778705932,350847,316407,1.136,0.749526,3.752,8.254,1.06,2.04,93,12,0.24,-0.236,-0.041,0.272,2.95464,0,nan,0.0,3,1,8
509842928,1608053367599675,408103112,-778705936,350882,316442,1.338,0.749575,3.752,8.304,1.06,2.04,93,12,0.054,-0.053,0.012,0.465,2.95464,0,nan,0.0,3,1,8
510043770,1608053367799675,408103108,-778705938,350776,316336,1.307,0.749623,3.753,8.354,1.06,2.04,93,12,0.145,-0.12,0.082,0.57,2.95464,0,nan,0.0,3,1,8
510245286,1608053367999676,408103100,-778705944,350850,316410,1.252,0.749669,3.754,8.414,1.06,2.04,93,14,0.269,-0.254,0.088,0.507,2.95464,0,nan,0.0,3,1,8
510443505,1608053368199675,408103092,-778705942,350640,316199,1.222,0.749713,3.757,8.476,1.06,2.04,93,14,0.269,-0.245,0.111,0.384,2.95464,0,nan,0.0,3,1,8
510657783,1608053368399675,408103092,-778705942,350655,316215,1.354,0.749763,3.76,8.53,1.06,2.04,93,14,0.081,0.015,0.079,0.473,2.95464,0,nan,0.0,3,1,8
510843695,1608053368599675,408103089,-778705943,350462,316021,1.269,0.749809,3.762,8.57,1.06,2.04,93,14,0.174,-0.165,-0.055,0.506,2.95464,0,nan,0.0,3,1,8
511047806,1608053368799675,408103075,-778705950,350303,315863,1.405,0.749861,3.768,8.589,1.06,2.04,93,14,0.563,-0.471,-0.308,0.461,2.95464,0,nan,0.0,3,1,8
511242628,1608053368999676,408103064,-778705957,350226,315786,1.453,0.749914,3.779,8.613,1.06,2.04,93,15,0.35,-0.337,-0.093,0.453,2.95464,0,nan,0.0,3,1,8
511444678,1608053369199675,408103040,-778705994,350672,316232,1.533,0.421892,3.797,8.636,1.05,2.04,93,15,1.777,-1.402,-1.091,0.884,3.59906,0,nan,0.0,3,1,8
511642919,1608053369399675,408103004,-778706047,350868,316428,1.603,0.286858,3.82,8.659,1.05,2.04,93,15,2.814,-1.961,-2.019,0.883,3.83327,0,nan,0.0,3,1,8
511841848,1608053369599675,408102993,-778706055,350441,316000,1.737,0.287024,3.851,8.688,1.06,2.33,93,15,0.916,-0.728,-0.557,0.319,3.83327,0,nan,0.0,3,1,7
512047691,1608053369799675,408102995,-778706050,350214,315774,1.202,0.287138,3.886,8.716,1.06,2.33,93,15,0.081,0.074,-0.033,-0.037,3.83327,0,nan,0.0,3,1,7
512241769,1608053369999676,408102991,-778706070,350497,316056,1.425,0.287275,3.921,8.757,1.06,2.33,93,13,0.553,-0.15,-0.532,-0.004,3.83327,0,nan,0.0,3,1,7
512442717,1608053370199675,408102983,-778706074,350221,315781,1.668,0.287434,3.954,8.782,1.06,2.33,93,13,0.24,-0.147,-0.19,0.028,3.83327,0,nan,0.0,3,1,7
512641802,1608053370399675,408102984,-778706080,350285,315845,1.08,0.287537,3.982,8.807,1.06,2.33,93,13,0.18,0.179,-0.012,0.163,3.83327,0,nan,0.0,3,1,7
512838722,1608053370599675,408102985,-778706086,350321,315881,1.157,0.287647,4.006,8.824,1.06,2.33,93,13,0.097,0.097,-0.003,0.217,3.83327,0,nan,0.0,3,1,7
513044261,1608053370799675,408102985,-778706092,350429,315989,1.273,0.287768,4.025,8.821,1.06,2.33,93,13,0.103,-0.093,0.043,0.213,3.83327,0,nan,0.0,3,1,7
513245918,1608053370999676,408102987,-778706095,350448,316007,1.099,0.287873,4.033,8.8,1.06,2.33,93,11,0.197,0.197,0.011,0.164,3.83327,0,nan,0.0,3,1,7
513439416,1608053371199675,408102991,-778706096,350525,316085,1.209,0.287988,4.037,8.784,1.06,2.33,93,11,0.304,0.121,0.279,0.226,3.83327,0,nan,0.0,3,1,7
513641757,1608053371399675,408102993,-778706096,350519,316078,1.22,0.288104,4.036,8.761,1.06,2.33,93,11,0.119,0.068,0.097,0.216,3.83327,0,nan,0.0,3,1,7
513838893,1608053371599675,408102995,-778706099,350594,316154,1.17,0.288216,4.03,8.729,1.06,2.33,93,11,0.072,-0.036,0.062,0.22,3.83327,0,nan,0.0,3,1,7
514039688,1608053371799675,408103000,-778706101,350742,316301,1.148,0.288325,4.018,8.693,1.06,2.33,93,11,0.093,0.084,0.041,0.202,3.83327,0,nan,0.0,3,1,7
514241755,1608053371999676,408103009,-778706108,351032,316592,1.142,0.288434,4.004,8.66,1.06,2.33,93,16,0.036,-0.007,0.036,0.243,3.83327,0,nan,0.0,3,1,7
514442790,1608053372199675,408103018,-778706116,351243,316803,1.088,0.288537,3.985,8.617,1.06,2.33,93,16,0.094,-0.076,-0.055,0.264,3.83327,0,nan,0.0,3,1,7
514638787,1608053372399675,408103025,-778706129,351562,317122,1.074,0.288639,3.965,8.577,1.06,2.33,93,16,0.065,0.05,-0.041,0.23,3.83327,0,nan,0.0,3,1,7
514839005,1608053372599675,408103031,-778706140,351748,317308,1.103,0.288744,3.945,8.54,1.06,2.33,93,16,0.005,-0.001,0.004,0.209,3.83327,0,nan,0.0,3,1,7
515036679,1608053372799675,408103034,-778706149,351878,317438,1.057,0.288844,3.926,8.515,1.06,2.33,93,16,0.036,0.0,-0.036,0.156,3.83327,0,nan,0.0,3,1,7
515241782,1608053372999676,408103038,-778706157,351886,317446,0.989,0.288938,3.908,8.488,1.06,2.33,93,11,0.09,0.087,0.02,0.09,3.83327,0,nan,0.0,3,1,7
515443915,1608053373199675,408103039,-778706163,351712,317272,0.986,0.289032,3.89,8.45,1.06,2.33,93,11,0.058,0.054,0.02,0.075,3.83327,0,nan,0.0,3,1,7
515646778,1608053373399675,408103039,-778706169,351507,317067,0.914,0.289118,3.872,8.41,1.06,2.33,93,11,0.034,-0.002,-0.034,0.118,3.83327,0,nan,0.0,3,1,7
515841768,1608053373599675,408103037,-778706175,351220,316779,0.867,0.289201,3.852,8.358,1.06,2.33,93,11,0.184,-0.121,-0.138,-0.037,3.83327,0,nan,0.0,3,1,7
516044068,1608053373799675,408103037,-778706178,350839,316399,0.934,0.289289,3.832,8.305,1.06,2.33,93,11,0.014,-0.013,-0.004,0.088,3.83327,0,nan,0.0,3,1,7
516242632,1608053373999676,408103042,-778706176,350509,316069,0.952,0.289379,3.814,8.262,1.06,2.33,93,11,0.07,0.019,0.067,0.084,3.83327,0,nan,0.0,3,1,7
516443441,1608053374199675,408103041,-778706174,350087,315647,1.057,0.289479,3.8,8.234,1.09,2.33,93,11,0.052,0.008,0.051,0.129,3.83327,0,nan,0.0,3,1,6
516640866,1608053374399675,408103044,-778706167,349691,315251,1.023,0.289576,3.788,8.213,1.09,2.33,93,11,0.067,0.064,-0.02,0.221,3.83327,0,nan,0.0,3,1,6
516843792,1608053374599675,408103046,-778706159,349512,315072,1.067,0.289678,3.776,8.204,1.09,2.33,93,11,0.044,-0.034,0.028,0.172,3.83327,0,nan,0.0,3,1,6
517043828,1608053374799675,408103050,-778706143,349219,314779,1.108,0.289782,3.761,8.203,1.06,2.33,93,11,0.082,0.078,0.026,0.118,3.83327,0,nan,0.0,3,1,7
517246630,1608053374999676,408103052,-778706132,348917,314477,1.183,0.289894,3.746,8.213,1.06,2.33,93,15,0.052,0.051,-0.011,0.287,3.83327,0,nan,0.0,3,1,7
517447696,1608053375199675,408103048,-778706129,348750,314310,1.087,0.289997,3.733,8.227,1.06,2.33,93,15,0.101,-0.019,-0.1,0.17,3.83327,0,nan,0.0,3,1,7
517644702,1608053375399675,408103042,-778706127,348607,314167,1.1,0.290101,3.72,8.246,1.06,2.33,93,15,0.057,-0.049,-0.028,0.115,3.83327,0,nan,0.0,3,1,7
517846637,1608053375599675,408103036,-778706123,348432,313991,1.25,0.290219,3.721,8.27,1.06,2.33,93,15,0.057,0.034,0.045,0.168,3.83327,0,nan,0.0,3,1,7
518052630,1608053375799675,408103032,-778706120,348347,313907,1.339,0.290346,3.731,8.293,1.05,2.04,93,15,0.202,0.164,0.118,0.118,3.83327,0,nan,0.0,3,1,8
518241755,1608053375999676,408103028,-778706117,348397,313957,1.24,0.290463,3.743,8.313,1.05,2.04,93,11,0.254,0.135,0.215,-0.029,3.83327,0,nan,0.0,3,1,8
518440750,1608053376199675,408103019,-778706119,348440,314000,1.155,0.290572,3.757,8.333,1.05,2.04,93,11,0.035,-0.008,-0.034,-0.03,3.83327,0,nan,0.0,3,1,8
518636569,1608053376399675,408103009,-778706118,348441,314001,1.164,0.290682,3.77,8.35,1.05,2.04,93,11,0.079,0.02,0.076,0.069,3.83327,0,nan,0.0,3,1,8
518842627,1608053376599675,408103002,-778706114,348610,314170,1.082,0.290784,3.781,8.358,1.05,2.04,93,11,0.165,0.148,0.073,-0.166,3.83327,0,nan,0.0,3,1,8
519049757,1608053376799675,408102994,-778706113,348727,314287,0.956,0.290874,3.792,8.367,1.05,2.04,93,11,0.037,0.01,0.036,-0.07,3.83327,0,nan,0.0,3,1,8
519249755,1608053376999676,408102984,-778706116,348765,314325,0.967,0.290965,3.802,8.376,1.05,2.04,92,13,0.052,0.032,-0.041,0.089,3.83327,0,nan,0.0,3,1,8
519452627,1608053377199675,408102977,-778706115,348674,314233,1.352,0.291092,3.813,8.388,1.05,2.04,92,13,0.199,0.187,0.069,0.156,3.83327,0,nan,0.0,3,1,8
519645020,1608053377399675,408102970,-778706113,348513,314073,1.327,0.291217,3.823,8.398,1.05,2.04,92,13,0.26,0.231,0.12,0.322,3.83327,0,nan,0.0,3,1,8
519846870,1608053377599675,408102960,-778706114,348436,313996,1.309,0.29134,3.831,8.403,1.05,2.04,92,13,0.232,0.208,0.103,0.26,3.83327,0,nan,0.0,3,1,8
520057777,1608053377799675,408102947,-778706116,348338,313898,1.059,0.29144,3.838,8.406,1.05,2.04,92,13,0.032,-0.021,-0.024,0.216,3.83327,0,nan,0.0,3,1,8
520245352,1608053377999676,408102934,-778706115,348263,313823,1.303,0.291563,3.842,8.408,1.05,2.04,92,18,0.264,0.218,0.149,0.265,3.83327,0,nan,0.0,3,1,8
520447693,1608053378199675,408102919,-778706117,348320,313880,1.195,0.291675,3.845,8.408,1.05,2.04,92,18,0.1,0.094,0.034,0.279,3.83327,0,nan,0.0,3,1,8
520647700,1608053378399675,408102905,-778706120,348363,313923,1.034,0.291772,3.845,8.406,1.05,2.04,92,18,0.05,0.005,-0.049,0.228,3.83327,0,nan,0.0,3,1,8
520848970,1608053378599675,408102888,-778706125,348582,314141,1.23,0.291888,3.841,8.404,1.05,2.04,92,18,0.104,0.093,0.047,0.169,3.83327,0,nan,0.0,3,1,8
521046705,1608053378799675,408102870,-778706132,348776,314335,1.128,0.291994,3.834,8.402,1.05,2.04,92,18,0.061,0.06,0.008,0.031,3.83327,0,nan,0.0,3,1,8
521245757,1608053378999676,408102854,-778706133,348849,314408,0.929,0.292081,3.824,8.399,1.05,2.04,92,11,0.055,0.037,0.041,-0.064,3.83327,0,nan,0.0,3,1,8
521442769,1608053379199675,408102841,-778706136,348930,314490,0.809,0.292157,3.812,8.403,1.05,2.04,92,11,0.137,0.134,-0.03,-0.019,3.83327,0,nan,0.0,3,1,8
521645891,1608053379399675,408102822,-778706145,349223,314783,1.25,0.292274,3.798,8.412,1.05,2.04,92,11,0.165,-0.114,-0.12,-0.307,3.83327,0,nan,0.0,3,1,8
521845567,1608053379599675,408102806,-778706148,349390,314950,1.246,0.292391,3.783,8.418,1.05,2.04,92,11,0.092,-0.03,-0.087,-0.253,3.83327,0,nan,0.0,3,1,8
522052173,1608053379799675,408102791,-778706148,349490,315050,1.242,0.292508,3.767,8.43,1.05,2.04,92,11,0.049,0.018,-0.046,-0.256,3.83327,0,nan,0.0,3,1,8
522246669,1608053379999676,408102769,-778706157,350310,315870,1.221,0.292622,3.75,8.435,1.05,2.04,92,12,0.313,-0.271,0.157,-1.053,3.83327,0,nan,0.0,3,1,8
522442648,1608053380199675,408102753,-778706154,350713,316273,1.251,0.292739,3.738,8.452,1.05,2.04,92,12,0.143,-0.028,0.14,-0.913,3.83327,0,nan,0.0,3,1,8
522643939,1608053380399675,408102739,-778706151,351065,316624,1.246,0.292856,3.725,8.463,1.05,2.04,92,12,0.093,-0.063,0.068,-0.851,3.83327,0,nan,0.0,3,1,8
522841777,1608053380599675,408102721,-778706155,351714,317274,1.267,0.292975,3.713,8.472,1.05,2.04,92,12,0.214,-0.195,0.087,-1.06,3.83327,0,nan,0.0,3,1,8
523046707,1608053380799675,408102704,-778706156,352231,317791,1.264,0.293093,3.7,8.479,1.05,2.04,92,12,0.193,-0.192,0.025,-1.101,3.83327,0,nan,0.0,3,1,8
523246642,1608053380999676,408102690,-778706151,352364,317923,1.215,0.293207,3.687,8.487,1.05,2.04,92,11,0.141,-0.028,0.139,-0.646,3.83327,0,nan,0.0,3,1,8
523446639,1608053381199675,408102678,-778706147,352517,318077,1.191,0.293318,3.677,8.492,1.05,2.04,92,11,0.117,0.099,0.064,-0.545,3.83327,0,nan,0.0,3,1,8
523845870,1608053381599675,408102654,-778706146,353249,318809,1.223,0.293547,3.656,8.493,1.05,2.04,92,11,0.103,-0.059,0.084,-0.783,3.83327,0,nan,0.0,3,1,8
524055694,1608053381799675,408102645,-778706140,353374,318934,1.261,0.293665,3.645,8.495,1.05,2.04,92,11,0.073,-0.07,0.02,-0.485,3.83327,0,nan,0.0,3,1,8
524246630,1608053381999676,408102639,-778706133,353412,318972,1.179,0.293775,3.635,8.496,1.05,2.04,93,11,0.17,0.155,0.072,-0.428,3.83327,0,nan,0.0,3,1,8
524447761,1608053382199675,408102635,-778706128,353614,319174,1.173,0.293884,3.625,8.501,1.05,2.04,93,11,0.172,0.144,0.094,-0.328,3.83327,0,nan,0.0,3,1,8
524647692,1608053382399675,408102630,-778706124,353570,319130,1.152,0.293992,3.618,8.502,1.05,2.04,93,11,0.108,0.103,-0.032,-0.276,3.83327,0,nan,0.0,3,1,8
524846626,1608053382599675,408102622,-778706126,353883,319443,1.238,0.294107,3.611,8.501,1.05,2.04,93,11,0.083,-0.052,-0.065,-0.568,3.83327,0,nan,0.0,3,1,8
525047233,1608053382799675,408102613,-778706126,354193,319753,1.214,0.294221,3.604,8.499,1.05,2.04,93,11,0.156,-0.155,0.018,-0.576,3.83327,0,nan,0.0,3,1,8
525240655,1608053382999676,408102603,-778706124,354393,319952,1.214,0.294334,3.599,8.497,1.05,2.04,93,16,0.066,-0.057,-0.032,-0.645,3.83327,0,nan,0.0,3,1,8
525438753,1608053383199675,408102595,-778706123,354435,319995,1.212,0.294446,3.596,8.504,1.05,2.04,93,16,0.096,0.022,-0.094,-0.542,3.83327,0,nan,0.0,3,1,8
525641689,1608053383399675,408102588,-778706122,354396,319956,1.195,0.294558,3.593,8.509,1.05,2.04,93,16,0.045,0.035,-0.028,-0.289,3.83327,0,nan,0.0,3,1,8
525845417,1608053383599675,408102580,-778706122,354160,319720,0.735,0.294626,3.591,8.513,1.05,2.04,93,16,0.271,0.101,-0.252,-0.113,3.83327,0,nan,0.0,3,1,8
526054750,1608053383799675,408102572,-778706125,354171,319731,0.669,0.294689,3.59,8.521,1.05,2.04,93,16,0.093,0.021,-0.09,0.015,3.83327,0,nan,0.0,3,1,8
526246735,1608053383999676,408102562,-778706124,354250,319810,1.005,0.294782,3.589,8.531,1.05,2.04,93,20,0.173,0.059,0.163,-0.14,3.83327,0,nan,0.0,3,1,8
526443696,1608053384199675,408102554,-778706120,354262,319821,1.041,0.294879,3.59,8.546,1.05,2.04,93,20,0.198,0.137,0.142,-0.128,3.83327,0,nan,0.0,3,1,8
526644750,1608053384399675,408102546,-778706119,354307,319867,0.998,0.294971,3.59,8.555,1.05,2.04,93,20,0.163,0.151,0.059,-0.105,3.83327,0,nan,0.0,3,1,8
526846878,1608053384599675,408102541,-778706117,354024,319583,1.232,0.295086,3.591,8.568,1.05,2.04,93,20,0.118,0.118,0.0,0.217,3.83327,0,nan,0.0,3,1,8
527043370,1608053384799675,408102534,-778706118,353868,319428,1.264,0.295203,3.591,8.582,1.05,2.04,93,20,0.137,0.133,0.033,0.367,3.83327,0,nan,0.0,3,1,8
527244626,1608053384999676,408102524,-778706117,353927,319487,0.778,0.295276,3.592,8.59,1.05,2.04,93,21,0.05,-0.014,0.048,0.023,3.83327,0,nan,0.0,3,1,8
527447692,1608053385199675,408102515,-778706118,354142,319702,1.136,0.295381,3.593,8.599,1.05,2.04,93,21,0.052,0.051,0.012,-0.17,3.83327,0,nan,0.0,3,1,8
527643743,1608053385399675,408102504,-778706119,354375,319935,1.078,0.295481,3.594,8.603,1.05,2.04,93,21,0.15,-0.103,0.109,-0.273,3.83327,0,nan,0.0,3,1,8
527841761,1608053385599675,408102491,-778706124,354655,320214,1.208,0.295593,3.594,8.61,1.05,2.04,93,21,0.083,-0.083,-0.01,-0.433,3.83327,0,nan,0.0,3,1,8
528051689,1608053385799675,408102481,-778706131,354889,320449,1.215,0.295706,3.595,8.62,1.05,2.04,93,21,0.035,-0.022,-0.028,-0.394,3.83327,0,nan,0.0,3,1,8
528240671,1608053385999676,408102473,-778706138,354997,320556,1.175,0.295815,3.598,8.628,1.05,2.04,93,15,0.069,0.011,-0.068,-0.233,3.83327,0,nan,0.0,3,1,8
